-- phpMyAdmin SQL Dump
-- version 5.2.1
-- https://www.phpmyadmin.net/
--
-- Host: localhost
-- Generation Time: Jan 09, 2025 at 11:07 AM
-- Server version: 10.4.28-MariaDB
-- PHP Version: 8.2.4

SET SQL_MODE = "NO_AUTO_VALUE_ON_ZERO";
START TRANSACTION;
SET time_zone = "+00:00";


/*!40101 SET @OLD_CHARACTER_SET_CLIENT=@@CHARACTER_SET_CLIENT */;
/*!40101 SET @OLD_CHARACTER_SET_RESULTS=@@CHARACTER_SET_RESULTS */;
/*!40101 SET @OLD_COLLATION_CONNECTION=@@COLLATION_CONNECTION */;
/*!40101 SET NAMES utf8mb4 */;

--
-- Database: `healthschedule-3`
--

-- --------------------------------------------------------

--
-- Table structure for table `daily_cateogry_percentage`
--

CREATE TABLE `daily_cateogry_percentage` (
  `id` int(11) NOT NULL,
  `category` varchar(255) NOT NULL,
  `date` date NOT NULL,
  `percentage` double NOT NULL,
  `user_id` int(11) NOT NULL
) ENGINE=InnoDB DEFAULT CHARSET=utf8mb4 COLLATE=utf8mb4_general_ci;

-- --------------------------------------------------------

--
-- Table structure for table `daily_performance`
--

CREATE TABLE `daily_performance` (
  `id` int(11) NOT NULL,
  `date` date NOT NULL,
  `total_percentage` double NOT NULL,
  `user_id` int(11) NOT NULL
) ENGINE=InnoDB DEFAULT CHARSET=utf8mb4 COLLATE=utf8mb4_general_ci;

-- --------------------------------------------------------

--
-- Table structure for table `failed_jobs`
--

CREATE TABLE `failed_jobs` (
  `id` bigint(20) UNSIGNED NOT NULL,
  `uuid` varchar(255) NOT NULL,
  `connection` text NOT NULL,
  `queue` text NOT NULL,
  `payload` longtext NOT NULL,
  `exception` longtext NOT NULL,
  `failed_at` timestamp NOT NULL DEFAULT current_timestamp()
) ENGINE=InnoDB DEFAULT CHARSET=utf8mb4 COLLATE=utf8mb4_unicode_ci;

-- --------------------------------------------------------

--
-- Table structure for table `health_test`
--

CREATE TABLE `health_test` (
  `id` int(11) NOT NULL,
  `disease_name` varchar(255) NOT NULL
) ENGINE=InnoDB DEFAULT CHARSET=utf8mb4 COLLATE=utf8mb4_general_ci;

--
-- Dumping data for table `health_test`
--

INSERT INTO `health_test` (`id`, `disease_name`) VALUES
(1, 'High Blood Pressure'),
(2, 'Heart Disease'),
(3, 'Diabetes'),
(4, 'Depression');

-- --------------------------------------------------------

--
-- Table structure for table `meal`
--

CREATE TABLE `meal` (
  `id` int(11) NOT NULL,
  `name` varchar(255) NOT NULL,
  `unit_weight` double DEFAULT NULL,
  `energy_per100g` double DEFAULT NULL,
  `carbs_per100g` double DEFAULT NULL,
  `protein_per100g` double DEFAULT NULL,
  `fat_per100g` double DEFAULT NULL
) ENGINE=InnoDB DEFAULT CHARSET=utf8mb4 COLLATE=utf8mb4_general_ci;

--
-- Dumping data for table `meal`
--

INSERT INTO `meal` (`id`, `name`, `unit_weight`, `energy_per100g`, `carbs_per100g`, `protein_per100g`, `fat_per100g`) VALUES
(1, 'MARGARINE SPREAD, WITHOUT SALT (SAPUAN MERJERIN TANPA GARAM)', 16.488, 519, 0.14, 0.6, 58.34),
(2, 'CHEESE SPREAD (KEJU SAPUAN)', 15, 295, 3.5, 7, 29),
(3, 'MARGARINE SPREAD, WITH SALT (SAPUAN MERJERIN BERGARAM)', 13.796, 621, NULL, 0.29, 70),
(4, 'CHOCOLATE, WHITE (COKLAT PUTIH)', 5.81094, 539, 59, 6, 32),
(5, 'RICE, ARAB (NASI ARAB)', 200, 222, 40.78, 5.2, 4.27),
(6, 'CAKE, CUP, WITH FROSTING/GLAZE (KEK CAWAN)', 48.36, 370, 67.8, 2.85, 10.96),
(7, 'YOGURT, DRINKING, PASTEURISED, NATURAL FLAVOUR', 250, 61, 4.7, 3.5, 3.3),
(8, 'KOLEH KACANG', 49, 175.52, 24.27, 4.65, 6.65),
(9, 'SAUCE, OYSTER FLAVOURED', 11.37, 51, 11, 1.4, 0.3),
(10, 'DESSERT, HONEYCOMB CAKE (KEK GULA HANGUS)', 88.16, 250, 42, 5.1, 7.1),
(11, 'TRADITIONAL MALAYSIAN KUIH, SWEET FERMENTED TAPIOCA (TAPAI UBI KAYU)', 272.26, 246, 59.96, 0.85, 0.31),
(12, 'OIL, BLEND (MINYAK CAMPURAN)', 2.794, 896.14, 0.46, 0, 99.37),
(13, 'COFFEE, WITH MILK AND SUGAR, FROM MAMAK STALLS', 200, 207, 51.54, 0.17, 0.02),
(14, 'COOKIES/CRACKERS, SANDWICH WITH FLAVOURED CREAM OREO', 9.65, 468, 69.86, 5.79, 18.43),
(15, 'OIL, VEGETABLE (MINYAK SAYURAN)', 3.308, 897.68, 0.08, 0, 99.71),
(16, 'POMEGRANATE (DELIMA)', 174.693, 80, 14.4, 1.53, 0.8),
(17, 'OIL, COCONUT (MINYAK KELAPA)', 3.899, 897.33, 0.09, 0.08, 99.63),
(18, 'CAKE, CHEESE (KEK KEJU)', 129.63, 321, 26, 6, 23),
(19, 'TRADITIONAL MALAYSIAN KUIH, SESAME BALLS (KUIH BOM)', 33.48, 335, 51.21, 6.54, 11.59),
(20, 'RICE, BRIYANI (DAGING)', 271.62, 195, 37.07, 7.85, 8.07),
(21, 'PASTRY, PUFF, CHOCOLATE FILLING', 31.08, 531.25, 56.25, 6.25, 35),
(22, 'TRADITIONAL MALAYSIAN KUIH, SWEET GLUTINOUS RICE CAKE (WAJIK)', 20, 290, 56, 3, 5),
(23, 'CEREAL, BREAKFAST, OAT/MULTIGRAIN', 100, 370, 65, 12, 6),
(24, 'BISCUIT, MILK (BISKUT SUSU)', 29, 473, 58.25, 8.83, 21.42),
(25, 'SUGAR, ICING (GULA ISING)', 14.568, 389, 100, NULL, NULL),
(26, 'SOFT MARGARINE (MARJERIN LEMBUT)', 18.606, 720, NULL, NULL, 80),
(27, 'CAROB FLOUR (TEPUNG KACANG KUDA)', 3, 311.01, 52.73, 21.11, 1.74),
(28, 'DESEERT, COCONUT MILK JELLY (AGAR-AGAR SANTAN)', 38.09, 120, 15, 1, 6),
(29, 'RICE, BRIYANI (AYAM)', 404.76, 159, 24.36, 3.24, 5.36),
(30, 'FRUIT JUICE ORANGE', 240, 33.47, 5.1, 0.64, 1.17),
(31, 'JAM, BLACKCURRENT (JEM ANGGUR HITAM)', 28.538, 266, 65.99, 0.27, 0.02),
(32, 'CEREAL, BREAKFAST, GRANOLA', 45, 451, 62.58, 9.44, 18.15),
(33, 'CHEESE, CHEDDAR, REDUCED FAT (KEJU CHEDDAR, KURANG LEMAK)', 68.99, 200, 3, 30, 8),
(34, 'DESSERT, BROWNIES, CHOCOLATE', 20.68, 380, 50, 5, 18),
(35, 'MILK, COW, FRESH', 200, 61, 4.8, 3.2, 3.3),
(36, 'DESSERT, MOON CAKES RED BEAN', 180, 260, 50, 6, 6),
(37, 'MUFFIN, CHOCOLATE', 60.93, 441, 58.92, 7.5, 19.45),
(38, 'BISCUIT, MARIE', 5.13, 446, 65.07, 8.46, 16.89),
(39, 'CHICKEN, SAUSAGE (SOSEJ DAGING AYAM)', 3.227, 193, 9.95, 11.68, 10.47),
(40, 'CAKE, SWISS ROLL (KEK SWISS ROLL)', 28.63, 310, 50, 5, 12),
(41, 'YOGURT, FLAVOURED (STRAWBERRY, ETC)', 120, 120, 18, 4, 3),
(42, 'FISH OIL, COD LIVER OIL (MINYAK IKAN KOD)', 10.719, 900, NULL, NULL, 100),
(43, 'CANNED COFFEE', 200, 40, 9, 1, NULL),
(44, 'BISCUIT, LEMON PUFF', 30, 455, 63.51, 7.87, 18.8),
(45, 'PASTRY, PUFF, APPLE FILLING', 84.34, 392, 52.15, 5.46, 17.99),
(46, 'CREAM CHEESE (KRIM KEJU)', 25.989, 350, 4, 6, 34),
(47, 'DESSERT, COCONUT MILK BASED, SWEET POTATOES AND TARO IN COCONUT MILK (BUBUR CHA CHA)', 334.33, 219, 39.54, 2.52, 5.61),
(48, 'BUN, POTATO (BAN KENTANG)', 36.267, 303, 46.27, 9.15, 8.98),
(49, 'TRADITIONAL MALAYSIAN KUIH, MINI EGG SPONGE CAKE (BAHULU CERMAI)', 7.47, 417, 82.55, 8.89, 5.68),
(50, 'STRAWBERRY FLAVOURED CANDY (GULA-GULA PERISA STRAWBERI)', 3.74, 400, 95, NULL, NULL),
(51, 'DESSERT, FRUIT CAKE (KEK BUAH)', 25.3, 250, 50, 4, 5),
(52, 'CEREAL, BREAKFAST, MULTICOLOURED, SUGAR-FILLED RING SHAPED', 30, 400, 80, 4, 5),
(53, 'PINEAPPLE FLAVOURED CANDY (GULA-GULA PERISA NANAS)', 4.073, 390, 95, NULL, NULL),
(54, 'CAKAR AYAM', 37.5, 423.03, 66.4, 1, 17.05),
(55, 'SAMOSA', 29.5, 218.04, 9.74, 5.4, 17.5),
(56, 'CAPSICUM, GREEN (LADA BENGALA, HIJAU)', 47.004, 20, 3.4, 0.68, 0.15),
(57, 'DESSERT, CORN IN SWEETENED COCONUT MILK (BUBUR JAGUNG)', 342.21, 213, 41.16, 2.62, 4.24),
(58, 'BREADFRUITS CHIPS (KEREPEK SUKUN)', 30, 556.85, 45.8, 2.19, 40.54),
(59, 'MILK, PASTEURISED, CHOCOLATE FLAVOUR', 200, 85, 13, 3, 3),
(60, 'CHOCOLATE, RAISIN (COKLAT BERKISMIS)', 2.81, 539, 53.52, 7.78, 32.63),
(61, 'KELEDEK GORENG', 8, 234.71, 33.26, 1.9, 10.45),
(62, 'HEN EGG, LOWER CHOLESTROL, WITH VITAMIN E (TELUR AYAM RENDAH KOLESTROL, DENGAN VITAMIN E)', 48.71, 136, 0.37, 2.03, 1.35),
(63, 'TAPIOCA CHIPS, PLAIN, SALTED (KEREPEK UBI KAYU, BERGARAM)', 30, 478.96, 65.52, 1.95, 23.23),
(64, 'CORDIAL, KIWI (KORDIAL KIWI)', 10.825, 258.58, 64.59, 0.06, 0),
(65, 'YOGURT, LOW FAT, NATURAL', 140, 50, 7, 4, 1),
(66, 'WAFER, STRAWBERRY FLAVOR (WAFER BERPERISA STRAWBERI)', 2.981, 520, 70, 4, 2),
(67, 'FRUIT JUICE, FRESH, ORANGE', 250, 47, 10.99, 0.13, 0.28),
(68, 'CHOCOLATE, MIXED NUTS (COKLAT KACANG CAMPURAN)', 4.2022, 550, 45, 8, 35),
(69, 'BABY CORN (JAGUNG SAYUR)', 12.52, 37, 6.12, 2.17, 0.1),
(70, 'DESSERT, SWEET LOTUS SEED SOUP (LIN-CHI-KANG)', 150, 120, 30, 2, NULL),
(71, 'CHICKEN SATAY (SATAY AYAM)', 80, 187, 5.28, 28.32, 11.77),
(72, 'BUN, RED BEANS (BAN KACANG MERAH)', 42.7, 294, 52.4, 7.93, 5.83),
(73, 'CORDIAL, GRAPE (KORDIAL ANGGUR)', 7.473, 150.15, 37.51, 0.02, 0),
(74, 'PEARL MILK TEA (WITH BREWED TEA, MILK, SUGAR SYRUP, TAPIOCA PEARLS), NORMAL SUGAR', 250, 60, 14, 1, 1),
(75, 'CUCUR BAWANG', 27, 241.41, 39.26, 6.64, 6.42),
(76, 'TEA, STEVIA (TEH STEVIA)', 240, 2, NULL, NULL, NULL),
(77, 'CROISSANT', 60, 414, 49.16, 8.67, 20.25),
(78, 'CAPSICUM, YELLOW (LADA BENGALA, KUNING)', 40.517, 29, 5.37, 0.85, 0.03),
(79, 'MAYONNAISE (MAYONIS)', 9.118, 433, 37.88, 1.09, 30.77),
(80, 'DESSERT, MOON CAKES PURE LOTUS', 180, 350, 50, 8, 12),
(81, 'BISCUIT, COCONUT', 13.02, 457, 66.75, 8.32, 17.44),
(82, 'SAUCE, CHILI THAI', 12.43, 80, 16, 1, 2),
(83, 'CORDIAL, SOURSOP (KORDIAL DURIAN BELANDA)', 10.055, 143.78, 35.83, 0.12, 0),
(84, 'FRUIT DRINK, ORANGE', 250, 45, 11, NULL, NULL),
(85, 'TRADITIONAL MALAYSIAN KUIH, COCONUT CREAM COOKIES (KUIH BANGKIT)', 30, 480, 60, 5, 25),
(86, 'BEEF RENDANG (RENDANG DAGING LEMBU)', 150, 360, 18.48, 18.76, 23.46),
(87, 'OIL, SUNFLOWER (MINYAK BUNGA MATAHARI)', 3.293, 896.21, 0.58, 0, 99.32),
(88, 'DRAGON FRUIT, WHITE (BUAH NAGA, ISI PUTIH)', 246.355, 53, 10.55, 1.6, 0.15),
(89, 'TRADITIONAL MALAYSIAN KUIH, FLOUR BASED, WITH RED PALM SUGAR  (KUIH CINCIN)', 50, 534, 54.06, 14.66, 28.75),
(90, 'BREAD, RAISIN (ROTI KISMIS)', 32.85, 449, 59.06, 9.92, 19.25),
(91, 'TAPIOCA CHIPS, PLAIN, UNSALTED (KEREPEK UBI KAYU, TANPA GARAM)', 30, 497.54, 62.67, 1.3, 26.85),
(92, 'JAM, ORANGE MARMALADE', 25.07, 250, 63, NULL, NULL),
(93, 'TRADITIONAL MALAYSIAN KUIH, GLUTINUOS RICE FLOUR BASED STUFFED WITH GRATED COCONUT COATED WITH MUNG BEAN POWDER (KUIH TEPUNG GOMAK)', 48.82, 510, 60, 3, 30),
(94, 'ASPARTAME (ASPARTAM)', 3.63, 4, 1, NULL, NULL),
(95, 'DESSERT, SOY MILK CUSTARD (TAUFU-FAH)', 297.37, 135, 28.43, 3.34, 0.93),
(96, 'SPINACH, (BAYAM MASAK AIR)', 50, 91, 13.92, 3.46, 2.41),
(97, 'CORDIAL, GUAVA (KORDIAL JAMBU BATU)', 11.603, 266.96, 66.74, NULL, NULL),
(98, 'DESSERT, BLACK GLUTINOUS RICE PORRIDGE (BUBUR PULUT HITAM)', 396.96, 229, 45.28, 2.58, 4.17),
(99, 'FLAVOURED DRINK, COLA TYPE', 250, 45, 11, NULL, NULL),
(100, 'CREAM ROLL, VANILLA FLAVOUR', 40.13, 370, 38.96, 6.86, 20.71),
(101, 'CHOCOLATE, HAZELNUT (COKLAT KACANG BADAM)', 5.2405, 544.49, 59.36, 9.43, 29.93),
(102, 'TEA, ICE LEMON, PACKET, WITH ADDED SUGAR', 200, 30, 8, NULL, NULL),
(103, 'NASI ARAB SET KHABSYAH (KAMBING)', 319.63, 206, 29.96, 3.59, 7.93),
(104, 'DESSERT, CHILLED COCONUT MILK- & PALM SUGAR-BASED, WITH PANDAN JELLY NOODLES AND RED BEAN (CENDOL)', 150, 110, 25, 1, 1),
(105, 'DESSERT, CHEESE TART', 14.92, 330, 30, 5, 20),
(106, 'CORDIAL, SARSI (KORDIAL SARSI)', 9.554, 153.01, 38.14, 0.09, 0.01),
(107, 'BEEF, FLOSS (SERUNDING DAGING)', 50, 435, 40.07, 23.08, 20.25),
(108, 'CEREAL, BREAKFAST, BRAN FLAKES', 30, 280, 51.87, 14.6, 1.59),
(109, 'TRADITIONAL MALAYSIAN KUIH, SWEET FERMENTED GLUTINOUS RICE (TAPAI PULUT)', 26.76, 120, 27, 2, NULL),
(110, 'CORDIAL, ORANGE (KORDIAL OREN)', 9.675, 122.35, 30.5, 0.09, 0),
(111, 'KEK PISANG', 15, 316.58, 42.19, 5.67, 13.91),
(112, 'CHEESE, CHESDALE SLICES, PROCESSED (KEPINGAN KEJU CHESDALE)', 19.636, 320, 4, 15, 27),
(113, 'CUTTLEFISH, DRIED, FRIED IN CHILLI (SAMBAL SOTONG KERING)', 30, 283, 18.75, 15.45, 16.29),
(114, 'CAPSICUM, RED (LADA BENGALA, MERAH)', 158.391, 29, 4.93, 0.87, 0.18),
(115, 'CORDIAL, LIME (KORDIAL LIMAU NIPIS)', 11.182, 118.69, 29.57, 0.1, 0),
(116, 'KALE WITH SALTED FISH (KAILAN IKAN MASIN)', NULL, 288, 17.35, 8.23, 20.58),
(117, 'CHEESE, RICOTTA (KEJU, RICOTTA)', 19.295, 150, 3, 11, 10),
(118, 'MILK, UHT, LOW FAT', 200, 45, 5, 2.96, 1.09),
(119, 'HEN EGG, OMEGA 3 (TELUR AYAM OMEGA 3)', 55.445, 56, 0.16, 5.06, 3.72),
(120, 'DOUGHNUT, WITH FROSTING/GLAZE (DONUT)', 60, 450, 50, 5, 25),
(121, 'ICE-CREAM, VANILLA', 100, 200, 22, 4, 11),
(122, 'SAUCE, SOYA, LIGHT', 6.07, 99.64, 22.23, 2.68, NULL),
(123, 'CHEESE, PARMESAN (KEJU PARMESAN)', 20, 430, 4, 38, 29),
(124, 'YOGURT, DRINKING, PASTEURISED, MIX FRUIT FLAVOURS', 250, 80, 15, 3, 1),
(125, 'COCKLES, BOILED (KERANG REBUS)', 100, 136, 14.3, 14.74, 2.18),
(126, 'BUTTER (MENTEGA KURANG MASIN)', 11.993, 715, NULL, NULL, 80),
(127, 'HOT CHOCOLATE, INSTANT PREMIX (WITH SUGAR, COCOA POWDER, CREAMER)', 40, 431, 69.89, 4.34, 14.88),
(128, 'ROJAK PASTE', 23.13, 150, 35, 2, NULL),
(129, 'OIL, CANOLA (MINYAK CANOLA)', 4.675, 896.87, 0.41, NULL, 99.47),
(130, 'CABBAGE, FRIED (KOBIS GORENG)', 100, 159, 10.98, 2.51, 11.68),
(131, 'TEA, CHRYSANTHEMUM, PACKET, WITH ADDED SUGAR', 200, 35, 8, NULL, NULL),
(132, 'PEANUT BUTTER CHOCOLATE STRIPES', 30, 514, 9.97, 20.38, 45.28),
(133, 'TEA, GREEN, WITH ADDED SUGAR', 200, 40, 9, 0.03, NULL),
(134, 'HONEYDEW (TEMBIKAI SUSU)', 165.748, 24, 4.33, 0.35, 0.35),
(135, 'DESSERT, SAGO PORRIDGE (BUBUR SAGU)', 371.07, 240, 47.18, 2.85, 4.47),
(136, 'SWAMP CABBAGE, FRIED WITH BELACAN (KANGKUNG GORENG BELACAN)', 150, 132, 11.63, 3.59, 7.93),
(137, 'GRAPE FLAVOURED CANDY (GULA-GULA PERISA ANGGUR)', 3.563, 400, 98, NULL, NULL),
(138, 'DESSERT, SHAVED ICE, ABC (AIR BATU CAMPUR/AIS KACANG)', 250, 80, 20, NULL, NULL),
(139, 'CHOCOLATE, BREAD SPREAD', 30, 550, 57, 6, 32),
(140, 'TRADITIONAL MALAYSIAN KUIH, SWEET BLACK GLUTINOUS RICE DUMPLING STUFFED WITH GRATED COCONUT FILLING (KUIH KOCI PULUT HITAM)', 35.81, 250, 50, 4, 6),
(141, 'BUN, COCONUT (BAN KELAPA)', 41.15, 295, 51.05, 7.22, 6.88),
(142, 'CAKE, CHOCOLATE (KEK COKLAT)', 74.74, 350, 45, 4, 18),
(143, 'ORANGE FLAVOURED CANDY (GULA-GULA PERISA OREN)', 3.599, 380, 95, NULL, NULL),
(144, 'TAPIOCA CHIPS, BARBEQUE (KEREPEK UBI KAYU PERISA BARBEQUE)', 30, 465.27, 65.53, 1.76, 21.79),
(145, 'GLUCOSE (GLUKOSA)', 15.163, 400, 100, NULL, NULL),
(146, 'ICE CHOCHOLATE BLENDED, WITH WHIPPING CREAM', 250, 235, 58.26, 0.68, 0.11),
(147, 'CRAB, IN COCONUT MILK (KETAM MASAK LEMAK CILI API)', 121.7, 117, 6.17, 9.69, 5.91),
(148, 'LEPAT LABU', 65, 169.23, 32.6, 3, 2.98),
(149, 'CAKE, SWISS ROLL, CHOCOLATE FLAVOUR (KEK SWISS ROLL PERASA COKLAT)', 52.15, 502, 51.18, 10.91, 28.18),
(150, 'CONDENSED/EVAPORATED MILK WITH ROSE CORDIAL (SIRAP BANDUNG)', 200, 77, 8.68, 4.67, 2.66),
(151, 'TRADITIONAL MALAYSIAN KUIH, TWO LAYERED STEAMED CAKE, TARO AND COCONUT MILK (KUIH TALAM KELADI)', 38.47, 200, 35, 3, 5),
(152, 'WAFER, ORANGE FLAVOR (WAFER BERPERISA OREN)', 4.127, 550, 65, 6, 25),
(153, 'BAHULU KEMBOJA', 236.5, 209.53, 26.43, 6.5, 8.65),
(154, 'CHOCOLATE, ROASTED ALMOND (COKLAT DENGAN KACANG BADAM)', 5.43825, 550, 50, 10, 35),
(155, 'CHEESE, BRIE (KEJU, BRIE)', 21.202, 334, 0.5, 19, 28),
(156, 'JAM, STRAWBERRY (JEM STRAWBERI)', 31.72, 274, 67.65, 0.41, 0.02),
(157, 'TEA, KUNDUR, PACKET, WITH ADDED SUGAR', 100, 60, 10, NULL, NULL),
(158, 'CORDIAL, ROSELLE (KORDIAL ROSEL)', 8.286, 209.63, 52.24, 0.16, 0),
(159, 'TRADITIONAL MALAYSIAN KUIH, STEAMED GLUTINOUS RICE BALLS COATED WITH SESAME/PEANUT SUGAR CRUMBS (MOCHI@CHEE-PAH)', 13.32, 392, 68.93, 8.74, 15.58),
(160, 'NASI ARAB SET MANDY (AYAM)', 468.26, 148, 24.53, 3.74, 3.84),
(161, 'CAKE, SPONGE (KEK SPAN)', 18.78, 471, 68.41, 7.12, 18.78),
(162, 'BEEF, SAUSAGE (SOSEJ DAGING LEMBU)', 32.295, 194, 6.1, 12.6, 11.4),
(163, 'MILK, UHT, FULL CREAM', 200, 70, 5, 2.83, 3.42),
(164, 'PLUM SAUCE (SOS PLUM)', 9.567, 220, 50, 1, NULL),
(165, 'JAM, PINEAPPLE (JEM NENAS)', 18.2, 250, 65, NULL, NULL),
(166, 'ROTI JALA', 23, 184.12, 33.25, 5.2, 3.37),
(167, 'CREAMER, POWDER (KRIMER SERBUK)', 9.77, 500, 50, 2, 25),
(168, 'EEEL, SWAMP, RAW (BELUT)', 100, 150, NULL, 18, 2.5),
(169, 'TRADITIONAL MALAYSIAN KUIH, STEAMED RICE FLOUR WITH COCONUT MILK AND SUGAR IN SMALL MOULD, SERVED WITH GRATED COCONUT (KUIH LOMPANG)', 50, 253, 56.77, 2.88, 1.65),
(170, 'DESSERT, BREAD PUDDING', 132.68, 200, 30, 4, 10),
(171, 'CHEESE, CAMEMBERT (KEJU, CAMEMBERT)', 30, 350, 1, 20, 25),
(172, 'SWEET POTATO, RED, CHIPS (KEREPEK UBI KELEDEK)', 30, 456.09, 67.09, 3.82, 19.16),
(173, 'CORDIAL ROOT BEER (KORDIAL RUT BIR)', 11.534, 223.16, 55.64, 0.15, 0),
(174, 'BUN, KAYA (BAN KAYA)', 37.8, 274, 54.73, 7.13, 2.9),
(175, 'CHOCOLATE, CASHEW NUT (COKLAT KACANG GAJUS)', 4.17, 500, 50, 7, 30),
(176, 'CHOCOLATE SPREAD', 25.48, 550, 60, 5, 30),
(177, 'SAUCE, SOYA, DARK', 20, 100, 8, 8, NULL),
(178, 'TAPIOCA CHIPS, BLACK PEPPER (KEREPEK UBI KAYU PERISA LADA HITAM)', 30, 483.05, 64.62, 0.87, 24.57),
(179, 'DESSERT , CARAMEL PUDDING', 36.89, 200, 25, 3, 6),
(180, 'FRUIT JUICE DRINK, ORANGE', 200, 50, 11, NULL, NULL),
(181, 'DESSERT, PUDDING, MILK (PUDING SUSU)', 39.06, 223, 46.99, 2.02, 2.94),
(182, 'TEA MIX, INSTANT', 14.5, 450, 90, 5, 3),
(183, 'CHOCOLATE, MILK (COKLAT SUSU)', 4.2, 550, 50, 7, 30),
(184, 'RICE, BRIYANI (RICE ONLY) (BASMATHI RICE)', 150, 190, 31.61, 2.59, 5.96),
(185, 'SOYA BEAN DRINK, PACKET, WITH REGULAR ADDED SUGAR', 200, 405.99, 96.97, 1.58, 1.31),
(186, 'BUN, CHEESE (BAN KEJU)', 55, 415, 46.06, 12.22, 20.26),
(187, 'LYCHEE IN TIN', 337.1, 70, 16, NULL, NULL),
(188, 'TRADITIONAL MALAYSIAN KUIH, GLUTINOUS RICE FLOUR AND COCONUT MILK BASED, BOILED PALM SUGAR TOFFEE-LIKE SWEET (DODOL)', 15.68, 350, 70, 3, 5),
(189, 'RICE, KERABU (NASI KERABU)(COMPLETE SET)', 168.47, 209, 41.52, 4, 2.99),
(190, 'JAM, MANGO (JEM MEMPELAM)', 31.34, 300, 65, NULL, NULL),
(191, 'ISOTONIC DRINK', 250, 41.23, 10.3, 0.01, NULL),
(192, 'RICE, \"DAGANG\" (NASI DAGANG)(COMPLETE SET)', 214, 196, 28.19, 6.66, 6.33),
(193, 'PASTRY, DANISH', 77.26, 400, 40, 5, 20),
(194, 'CHEESE, BLUE (KEJU, BIRU)', 27.251333, 372, 20.95, 18.06, 27.86),
(195, 'MILK DRINK, CULTURED', 200, 100, 10, 4, 3),
(196, 'CORDIAL, MANGO (KORDIAL MANGGA)', 10.482, 177.69, 44.37, 0.05, 0),
(197, 'CHEESE, MOZARELLA (KEJU MOZARELLA)', 30, 320, 2, 20, 22),
(198, 'BLACK EYE BEAN (KACANG MATA HITAM)', 50, 264.32, 44.6, 20.26, 0.54),
(199, 'VANILLA WAFER (WAFER VANILLA)', 9.664, 510, 75, 4, 22),
(200, 'DRAGON FRUIT, RED (BUAH NAGA, ISI MERAH)', 406.283, 51, 10.9, 1.37, 0.07),
(201, 'KUIH TALAM LABU', 51.5, 160, 35, 2, 2),
(202, 'HONEY', 11.63, 399.81, 99.91, 0.05, NULL),
(203, 'JAM, BLUEBERRY (JEM BLUEBERI)', 28.351, 272, 67.25, 0.31, 0.01),
(204, 'RICE, \"DAGANG\" (NASI DAGANG)(RICE ONLY)', 150, 183, 38.29, 3.27, 1.89),
(205, 'ENERGY DRINK', 250, 45, 11, NULL, NULL),
(206, 'SAUCE, THOUSAND ISLAND', 14.983, 150, 8, 1, 12),
(207, 'CREAM, WHIPPED (KRIM PUTAR)', 10.583, 340, 4, 1, 35),
(208, 'JAM, APRICOT (JEM APRIKOT)', 23.18, 272, 67.21, 0.43, 0),
(209, 'KARIPAP SARDIN', 26, 388.02, 39.76, 8.2, 21.8),
(210, 'MILK, SWEETENED, CONDENSED', 13.17, 320, 55, 7, 5),
(211, 'TRADITIONAL MALAYSIAN KUIH, GLUTINOUS RICE BALLS IN COCONUT MILK (BADAK BERENDAM)', 38.72, 190, 45, 2, 1),
(212, 'DESSERT, LAYER CAKE (KEK LAPIS SARAWAK)', 29.6, 280, 40, 5, 12),
(213, 'TAPIOCA CHIPS, SPICY (KEREPEK UBI KAYU PEDAS)', 30, 470.21, 68.1, 1.24, 21.43),
(214, 'COOKIES, PEANUT', 34.47, 514, 57.86, 11.61, 26.19),
(215, 'CHEESE, COLBY (KEJU, COLBY)', 30, 350, 1, 22, 28),
(216, 'CORDIAL, PINEAPPLE(KORDIAL NENAS)', 7.32, 237, 59.06, 0.19, 0),
(217, 'CARA MANIS', 27, 169.61, 31.27, 4.71, 2.85),
(218, 'STINGRAY, COOKED IN TAMARIND (IKAN PARI MASAK ASAM PEDAS)', 108.98, 115, 2.57, 21.68, 2.58),
(219, 'CATFISH, FRIED IN CHILLI (IKAN KELI GORENG BERLADA)', 174.64, 425, 18.07, 16.27, 31.96),
(220, 'CHOCOLATE (COKLAT BERTIH)', 11, 550, 60, 6, 30),
(221, 'CEREAL, BREAKFAST, CHOCOLATE FLAVOURED', 40, 400, 70, 6, 10),
(222, 'MUFFIN, VANILLA', 58.82, 290, 40, 4, 12),
(223, 'TRADITIONAL MALAYSIAN KUIH, FLOUR AND GHEE SUGAR BASED, SPHERE-SHAPED SWEETS (LADDU)', 63.05, 480, 60, 5, 25),
(224, 'DESSERT, RED TORTOISE CAKE (KUIH ANG KOO)', 60.63, 180, 40, 3, 1),
(225, 'MILK, MALTED (CHOCOLATE FLAVOUR)', 200, 85, 14, 3, 3),
(226, 'MIX VEGETABLES, STIR FRIED (SAYUR CAMPUR GORENG)', 150, 147, 17.86, 4.4, 6.39),
(227, 'FLOUR, SAGO (TEPUNG SAGU)', 30, 348.21, 86.63, 0.2, 0.1),
(228, 'ANCHOVY, DRIED, FRIED IN CHILLI (IKAN BILIS SAMBAL)', 30, 365, 26.87, 16.21, 21.38),
(229, 'MILK, UHT, CHOCOLATE FLAVOUR', 200, 90, 12, 3, 3),
(230, 'CHICKEN CHOP (BELAHAN AYAM TANPA TULANG)', 172.8, 264, 14.15, 16.9, 15.5),
(231, 'POTATO CHIPS, SPICY (KEROPOK UBI KENTANG BERPERISA REMPAH PEDAS)', 30, 483.27, 55.25, 6.05, 26.45),
(232, 'Example meal', 20, NULL, 50, NULL, NULL),
(233, 'exp2', 15.5, NULL, 59, NULL, 32),
(234, 'FRGGGC', NULL, 128, 12, NULL, NULL),
(235, 'NEWMEAL', 100, 280, 34, 15, 9),
(236, 'EXAMPLE', NULL, 280, 34, 15, 9),
(237, 'NASI LEMAK', NULL, 280, 34, 15, 9);

-- --------------------------------------------------------

--
-- Table structure for table `monthly_performance`
--

CREATE TABLE `monthly_performance` (
  `id` int(11) NOT NULL,
  `month` int(11) NOT NULL,
  `percentage` double NOT NULL,
  `year` int(11) NOT NULL,
  `user_id` int(11) NOT NULL
) ENGINE=InnoDB DEFAULT CHARSET=utf8mb4 COLLATE=utf8mb4_general_ci;

-- --------------------------------------------------------

--
-- Table structure for table `password_reset_tokens`
--

CREATE TABLE `password_reset_tokens` (
  `email` varchar(255) NOT NULL,
  `token` varchar(255) NOT NULL,
  `created_at` timestamp NULL DEFAULT NULL
) ENGINE=InnoDB DEFAULT CHARSET=utf8mb4 COLLATE=utf8mb4_unicode_ci;

-- --------------------------------------------------------

--
-- Table structure for table `personal_access_tokens`
--

CREATE TABLE `personal_access_tokens` (
  `id` bigint(20) UNSIGNED NOT NULL,
  `tokenable_type` varchar(255) NOT NULL,
  `tokenable_id` bigint(20) UNSIGNED NOT NULL,
  `name` varchar(255) NOT NULL,
  `token` varchar(64) NOT NULL,
  `abilities` text DEFAULT NULL,
  `last_used_at` timestamp NULL DEFAULT NULL,
  `expires_at` timestamp NULL DEFAULT NULL,
  `created_at` timestamp NULL DEFAULT NULL,
  `updated_at` timestamp NULL DEFAULT NULL
) ENGINE=InnoDB DEFAULT CHARSET=utf8mb4 COLLATE=utf8mb4_unicode_ci;

--
-- Dumping data for table `personal_access_tokens`
--

INSERT INTO `personal_access_tokens` (`id`, `tokenable_type`, `tokenable_id`, `name`, `token`, `abilities`, `last_used_at`, `expires_at`, `created_at`, `updated_at`) VALUES
(269, 'App\\Models\\User', 5, 'HealthBuddy', '59d2610323c2d532c66b3420bb86be6e58e610c9b049e6a873fe044835eb311c', '[\"*\"]', NULL, NULL, '2025-01-09 01:04:40', '2025-01-09 01:04:40'),
(330, 'App\\Models\\User', 1, 'HealthBuddy', 'c24fb475b176688e981dc55207f8c7cd9273ce6467613ad0aaad02eced09137a', '[\"*\"]', NULL, NULL, '2025-01-09 04:15:42', '2025-01-09 04:15:42'),
(333, 'App\\Models\\User', 6, 'HealthBuddy', '369f01abfa4e78ddc7946676c7ea2742ae0cf0517eabc9f22774e597ae596c4f', '[\"*\"]', NULL, NULL, '2025-01-09 05:15:06', '2025-01-09 05:15:06');

-- --------------------------------------------------------

--
-- Table structure for table `risk_assessment_question`
--

CREATE TABLE `risk_assessment_question` (
  `id` int(11) NOT NULL,
  `question` varchar(255) NOT NULL,
  `health_test_id` int(11) NOT NULL,
  `followup_question` int(11) DEFAULT NULL
) ENGINE=InnoDB DEFAULT CHARSET=utf8mb4 COLLATE=utf8mb4_general_ci;

--
-- Dumping data for table `risk_assessment_question`
--

INSERT INTO `risk_assessment_question` (`id`, `question`, `health_test_id`, `followup_question`) VALUES
(1, 'How old are you?', 1, 2),
(2, 'Do you have a parent, sibling, or child who has been diagnosed with type 2 diabetes?', 1, 3),
(3, 'Are you overweight or obese?', 1, 4),
(4, 'How often do you engage in physical activity or exercise each week?', 1, 5),
(5, 'Have you ever been diagnosed with high blood pressure (hypertension)?', 1, 6),
(6, 'Have you ever been diagnosed with gestational diabetes (diabetes during pregnancy)?', 1, 7),
(7, 'Have you ever been diagnosed with high cholesterol or high triglyceride levels?', 1, 8),
(8, 'What is your ethnicity?', 1, 9),
(9, 'Do you have trouble sleeping, or do you often feel tired during the day, even after a full night\'s rest?', 1, 10),
(10, 'Have you noticed excessive thirst, or have you been urinating more frequently than usual?', 1, 11),
(11, 'Have you experienced blurred vision recently?', 1, 12),
(12, 'Have you noticed that cuts, bruises, or infections take longer than usual to heal?', 1, 13),
(13, 'Do you have numbness, tingling, or pain in your feet or legs?', 1, 14),
(14, 'Have you experienced unexplained weight loss despite normal or increased appetite?', 1, NULL),
(15, 'How old are you?', 2, 16),
(16, 'Do you have a family history of heart disease (e.g., heart attack, heart failure, stroke, or coronary artery disease)?', 2, 17),
(17, 'Do you currently smoke or have you ever smoked?', 2, 18),
(18, 'How often do you engage in physical activity or exercise?', 2, 19),
(19, 'Do you eat a diet high in saturated fats, trans fats, or cholesterol-rich foods (e.g., fried foods, red meat, fast food)?', 2, 20),
(20, 'Have you ever been diagnosed with high blood pressure (hypertension)?', 2, 21),
(21, 'Have you ever been told that your cholesterol levels are high?', 2, 22),
(22, 'Have you ever been diagnosed with diabetes or prediabetes?', 2, 23),
(23, 'Do you have trouble sleeping, or have you been diagnosed with sleep apnea (a condition where your breathing stops and starts while sleeping)?', 2, 24),
(24, 'Do you experience high levels of stress on a daily basis?', 2, 25),
(25, 'What is your waist circumference?', 2, 26),
(26, 'How often do you drink alcohol?', 2, 27),
(27, 'Have you ever experienced chest pain, tightness, or discomfort (angina)?', 2, 28),
(28, 'Do you experience swelling in your legs, ankles, or feet?', 2, NULL),
(29, 'How old are you?', 3, 30),
(30, 'Do you have a parent, sibling, or child with diabetes?', 3, 31),
(31, 'Have you ever been told that you have high cholesterol or triglyceride levels?', 3, 32),
(32, 'Have you noticed excessive thirst or dry mouth?\r\nDo you often urinate, especially at night?', 3, 33),
(33, 'Do you often feel tired, fatigued, or weak, even after a full night\'s sleep?', 3, 34),
(34, 'Do cuts, bruises, or infections take longer to heal than they used to?', 3, 35),
(35, 'Do you experience frequent infections (e.g., urinary tract infections, skin infections, or gum infections)?', 3, 36),
(36, 'At what age did you start menstruating?', 3, 37),
(37, 'Have you been diagnosed with polycystic ovary syndrome (PCOS), fatty liver disease, or high triglycerides?', 3, NULL),
(38, 'Over the past two weeks, how often have you been bothered by feeling down, depressed, or hopeless?', 4, 39),
(39, 'Over the past two weeks, how often have you little interest or pleasure in doing things you normally enjoy?', 4, 40),
(40, 'Over the past two weeks, have you noticed significant changes in your appetite or weight (either eating too much or too little)?', 4, 41),
(41, 'Over the past two weeks, how often have you felt worthless or excessively guilty about things you’ve done or not done?', 4, 42),
(42, 'Over the past two weeks, have you had thoughts of hurting yourself or that you would be better off dead?', 4, 43),
(43, 'Over the past two weeks, have you been experiencing physical symptoms like headaches, back pain, or digestive issues that have no clear physical cause?', 4, 44),
(44, 'Over the past two weeks, have you used alcohol, drugs, or other substances to cope with your feelings?', 4, 45),
(45, 'Have you ever been diagnosed with depression in the past or experienced similar symptoms in the past?', 4, 46),
(46, 'Have you experienced any trauma or abuse in your past (physical, emotional, or sexual)?', 4, 47),
(47, 'Have you experienced any major life changes or stressful events recently (e.g., loss of a loved one, job loss, financial stress, relationship issues)?', 4, NULL);

-- --------------------------------------------------------

--
-- Table structure for table `risk_assessment_scoring_rules`
--

CREATE TABLE `risk_assessment_scoring_rules` (
  `id` int(11) NOT NULL,
  `risk_assessment_question_id` int(11) NOT NULL,
  `condition` varchar(255) NOT NULL,
  `score` int(11) NOT NULL,
  `weight` int(11) DEFAULT NULL
) ENGINE=InnoDB DEFAULT CHARSET=utf8mb4 COLLATE=utf8mb4_general_ci;

--
-- Dumping data for table `risk_assessment_scoring_rules`
--

INSERT INTO `risk_assessment_scoring_rules` (`id`, `risk_assessment_question_id`, `condition`, `score`, `weight`) VALUES
(1, 1, 'Less than 45 years', 0, NULL),
(2, 1, '45-54 years', 1, NULL),
(3, 1, '55-64 years', 2, NULL),
(4, 1, '65 years and older', 3, NULL),
(5, 2, 'No family history', 0, 2),
(6, 2, 'Yes, family history', 3, 2),
(7, 3, 'BMI < 25', 0, 2),
(8, 3, 'BMI 25-29.9', 1, 2),
(9, 3, 'BMI ≥ 30', 3, 2),
(10, 4, '30 minutes or more, 3 or more days a week', 0, NULL),
(11, 4, 'Less than 30 minutes, 1-2 days a week', 1, NULL),
(12, 4, 'Less than 30 minutes, infrequently or never', 2, NULL),
(13, 5, 'No', 0, 2),
(14, 5, 'Yes', 3, 2),
(33, 6, 'No', 0, 2),
(34, 6, 'Yes', 3, 2),
(35, 7, 'No', 0, NULL),
(36, 7, 'Yes', 2, NULL),
(37, 8, 'Ethnicity with lower diabetes risk', 0, NULL),
(38, 8, ' Ethnicity with higher diabetes risk (African American, Hispanic, Asian American, Native American, or Pacific Islander)', 3, NULL),
(39, 9, 'No issues with sleep', 0, NULL),
(40, 9, 'Difficulty sleeping or excessive daytime fatigue', 2, NULL),
(41, 10, 'No symptoms', 0, 2),
(42, 10, 'Yes, one or both symptoms', 3, 2),
(43, 11, 'No blurred vision', 0, 2),
(44, 11, 'Yes, recently experienced blurred vision', 2, 2),
(45, 12, 'No issues with healing', 0, 2),
(46, 12, 'Slow healing of wounds or frequent infections', 2, 2),
(47, 13, 'No foot numbness or tingling', 0, 2),
(48, 13, 'Yes, numbness or tingling in feet', 3, 2),
(49, 14, 'No unexplained weight loss', 0, 2),
(50, 14, 'Yes, experienced unexplained weight loss', 3, 2),
(51, 15, 'Men under 45, Women under 55', 0, NULL),
(52, 15, 'Men 45–54, Women 55–64', 1, NULL),
(53, 15, 'Men 55+, Women 65+', 2, NULL),
(54, 16, 'No family history of heart disease', 0, 2),
(55, 16, 'Family history, but not early-onset', 2, 2),
(56, 16, 'Family history of early- onset heart disease (before 55 for men, 65 for women)', 3, 2),
(57, 17, 'Never smoked', 0, 2),
(58, 17, 'Former smoker', 2, 2),
(59, 17, 'Current smoker', 3, 2),
(60, 18, 'Active (30+ minutes, 3+ days per week)', 0, NULL),
(61, 18, 'Some activity (30 minutes, 1–2 days per week)', 1, NULL),
(62, 18, 'Sedentary (less than 30 minutes per week)', 2, NULL),
(63, 19, 'Healthy diet (low saturated and trans fats)', 0, NULL),
(64, 19, 'Moderate intake of unhealthy fats', 1, NULL),
(65, 19, 'High intake of unhealthy fats and cholesterol', 2, NULL),
(66, 20, 'Normal blood pressure', 0, 2),
(67, 20, 'High blood pressure (diagnosed)', 3, 2),
(68, 21, 'Normal cholesterol', 0, 2),
(69, 21, 'High cholesterol (diagnosed)', 3, 2),
(70, 22, 'No diabetes or high blood sugar', 0, 2),
(71, 22, 'Diagnosed with diabetes or prediabetes', 3, 2),
(72, 23, 'No sleep apnea', 0, NULL),
(73, 23, 'Diagnosed with sleep apnea', 2, NULL),
(74, 24, 'Low stress', 0, NULL),
(75, 24, 'Moderate stress', 1, NULL),
(76, 24, 'High levels of stress', 2, NULL),
(77, 25, 'Waist circumference within healthy range', 0, 2),
(78, 25, 'Waist circumference above healthy range', 3, 2),
(79, 26, 'Never or occasionally', 0, NULL),
(80, 26, '1–2 drinks a day', 1, NULL),
(81, 26, 'More than 2 drinks a day', 2, NULL),
(82, 27, 'No chest pain or discomfort', 0, 2),
(83, 27, 'Experienced chest pain or tightness (angina)', 3, 2),
(84, 28, 'No swelling', 0, NULL),
(85, 28, 'Swelling in lower extremities', 3, NULL),
(86, 29, 'Less than 45 years', 0, NULL),
(87, 29, '45-54 years', 1, NULL),
(88, 29, '55-64 years', 2, NULL),
(89, 29, '65 years and older', 3, NULL),
(90, 30, 'No family history', 0, 2),
(91, 30, 'Yes, family history', 3, 2),
(92, 31, 'No history of high cholesterol', 0, NULL),
(93, 31, 'High cholesterol history', 2, NULL),
(94, 32, 'No symptoms', 0, 2),
(95, 32, 'Yes, one or both symptoms', 3, 2),
(96, 33, 'No fatigue', 0, NULL),
(97, 33, 'Frequent fatigue', 2, NULL),
(98, 34, 'Normal healing', 0, NULL),
(99, 34, 'Slow healing', 2, NULL),
(100, 35, 'No frequent infections', 0, 2),
(101, 35, 'Yes, frequent infections', 3, 2),
(102, 36, 'Menstruation began at age 12 or older', 0, 1),
(103, 36, 'Menstruation began before age 12', 1, 1),
(104, 37, 'No conditions (PCOS, fatty liver disease, or high triglycerides)', 0, 2),
(105, 37, 'Diagnosed with one or more of these conditions', 3, 2),
(106, 38, 'Not at all', 0, 2),
(107, 38, 'Several days', 1, 2),
(108, 38, 'More than half the days', 2, 2),
(109, 38, 'Nearly every day', 3, 2),
(110, 39, 'Not at all', 0, 2),
(111, 39, 'Several days', 1, 2),
(112, 39, 'More than half the days', 2, 2),
(113, 39, 'Nearly every day', 3, 2),
(114, 40, 'No change', 0, NULL),
(115, 40, 'Increase in appetite', 1, NULL),
(116, 40, ' Decrease in appetite', 1, NULL),
(117, 41, 'Not at all', 0, 2),
(118, 41, 'Several days', 1, 2),
(119, 41, 'More than half the days', 2, 2),
(120, 41, 'Nearly every day', 3, 2),
(121, 42, 'Not', 0, 3),
(122, 42, 'Yes, but I didn’t act on them', 3, 3),
(123, 42, 'Yes, and I acted on them', 5, 3),
(124, 43, 'Not at all', 0, NULL),
(125, 43, 'Several days', 1, NULL),
(126, 43, 'More than half the days', 2, NULL),
(127, 43, 'Nearly every day', 3, NULL),
(128, 44, 'No', 0, NULL),
(129, 44, 'Yes', 2, NULL),
(130, 45, 'No', 0, 2),
(131, 45, 'Yes', 2, 2),
(132, 46, 'No', 0, 2),
(133, 46, 'Yes', 2, 2),
(134, 47, 'No recent stressful events', 0, NULL),
(135, 47, 'Experienced one or more major stressful events', 2, NULL);

-- --------------------------------------------------------

--
-- Table structure for table `risk_level`
--

CREATE TABLE `risk_level` (
  `id` int(11) NOT NULL,
  `risk_level` varchar(255) NOT NULL,
  `health_test_id` int(11) NOT NULL,
  `description` varchar(255) DEFAULT NULL,
  `score_max` int(11) NOT NULL,
  `score_min` int(11) NOT NULL
) ENGINE=InnoDB DEFAULT CHARSET=utf8mb4 COLLATE=utf8mb4_general_ci;

--
-- Dumping data for table `risk_level`
--

INSERT INTO `risk_level` (`id`, `risk_level`, `health_test_id`, `description`, `score_max`, `score_min`) VALUES
(1, 'Low Risk', 1, 'Minimal risk of high blood pressure', 10, 0),
(2, 'Moderate Risk', 1, 'Moderate risk of high blood pressure', 20, 11),
(3, 'High Risk', 1, 'High risk of high blood pressure', 30, 21),
(4, 'Very High Risk', 1, 'Very high risk of high blood pressure', 100, 31),
(5, 'Low Risk', 2, 'Minimal risk of heart disease', 15, 0),
(6, 'Moderate Risk', 2, 'Moderate risk of heart disease', 30, 16),
(7, 'High Risk', 2, 'High risk of heart disease', 45, 31),
(8, 'Very High Risk', 2, 'Very high risk of heart disease', 100, 46),
(9, 'Low Risk', 3, 'Minimal risk of diabetes', 10, 0),
(10, 'Moderate Risk', 3, 'Moderate risk of diabetes', 20, 11),
(11, 'High Risk', 3, 'High risk of diabetes', 30, 21),
(12, 'Very High Risk', 3, 'Very high risk of diabetes', 100, 31),
(13, 'Low Risk', 4, 'Minimal risk of depression', 15, 0),
(14, 'Moderate Risk', 4, 'Moderate risk of depression', 30, 16),
(15, 'High Risk', 4, 'High risk of depression', 45, 31),
(16, 'Very High Risk', 4, 'Very high risk of depression', 100, 46);

-- --------------------------------------------------------

--
-- Table structure for table `schedule`
--

CREATE TABLE `schedule` (
  `id` int(11) NOT NULL,
  `user_id` int(11) NOT NULL,
  `day` varchar(12) NOT NULL
) ENGINE=InnoDB DEFAULT CHARSET=utf8mb4 COLLATE=utf8mb4_general_ci;

--
-- Dumping data for table `schedule`
--

INSERT INTO `schedule` (`id`, `user_id`, `day`) VALUES
(98, 1, '0'),
(99, 1, '1'),
(100, 1, '2'),
(101, 1, '3'),
(102, 1, '4'),
(103, 1, '5'),
(104, 1, '6'),
(105, 1, '0'),
(106, 1, '1'),
(107, 1, '2'),
(108, 1, '3'),
(109, 1, '4'),
(110, 1, '5'),
(111, 1, '6'),
(112, 1, '0'),
(113, 1, '1'),
(114, 1, '2'),
(115, 1, '3'),
(116, 1, '4'),
(117, 1, '5'),
(118, 1, '6'),
(119, 2, '0'),
(120, 2, '1'),
(121, 2, '2'),
(122, 2, '3'),
(123, 2, '4'),
(124, 2, '5'),
(125, 2, '6'),
(126, 2, '0'),
(127, 2, '1'),
(128, 2, '2'),
(129, 2, '3'),
(130, 2, '4'),
(131, 2, '5'),
(132, 2, '6'),
(133, 1, '0'),
(134, 1, '1'),
(135, 1, '2'),
(136, 1, '3'),
(137, 1, '4'),
(138, 1, '5'),
(139, 1, '6'),
(140, 1, '0'),
(141, 1, '1'),
(142, 1, '2'),
(143, 1, '3'),
(144, 1, '4'),
(145, 1, '5'),
(146, 1, '6'),
(147, 1, '0'),
(148, 1, '1'),
(149, 1, '2'),
(150, 1, '3'),
(151, 1, '4'),
(152, 1, '5'),
(153, 1, '6'),
(154, 4, '0'),
(155, 4, '1'),
(156, 4, '2'),
(157, 4, '3'),
(158, 4, '4'),
(159, 4, '5'),
(160, 4, '6'),
(161, 4, '0'),
(162, 4, '1'),
(163, 4, '2'),
(164, 4, '3'),
(165, 4, '4'),
(166, 4, '5'),
(167, 4, '6'),
(168, 4, '0'),
(169, 4, '1'),
(170, 4, '2'),
(171, 4, '3'),
(172, 4, '4'),
(173, 4, '5'),
(174, 4, '6'),
(175, 4, '0'),
(176, 4, '1'),
(177, 4, '2'),
(178, 4, '3'),
(179, 4, '4'),
(180, 4, '5'),
(181, 4, '6');

-- --------------------------------------------------------

--
-- Table structure for table `schedule_task`
--

CREATE TABLE `schedule_task` (
  `id` int(11) NOT NULL,
  `end_time` text NOT NULL,
  `start_time` text NOT NULL,
  `title` varchar(255) NOT NULL,
  `type` varchar(255) NOT NULL,
  `schedule_id` int(11) NOT NULL,
  `end_date_time` datetime(6) NOT NULL,
  `start_date_time` datetime(6) NOT NULL
) ENGINE=InnoDB DEFAULT CHARSET=utf8mb4 COLLATE=utf8mb4_general_ci;

--
-- Dumping data for table `schedule_task`
--

INSERT INTO `schedule_task` (`id`, `end_time`, `start_time`, `title`, `type`, `schedule_id`, `end_date_time`, `start_date_time`) VALUES
(552, '0630', '0000', 'Sleep', 'h', 98, '0000-00-00 00:00:00.000000', '0000-00-00 00:00:00.000000'),
(553, '0700', '0630', 'Wake up, drink water, mindfulness/meditation', 'h', 98, '0000-00-00 00:00:00.000000', '0000-00-00 00:00:00.000000'),
(554, '0730', '0700', 'Breakfast (low sodium, whole grains, fruits)', 'm', 98, '0000-00-00 00:00:00.000000', '0000-00-00 00:00:00.000000'),
(555, '0830', '0730', 'Commute/Prepare for work', 'c', 98, '0000-00-00 00:00:00.000000', '0000-00-00 00:00:00.000000'),
(556, '1200', '0900', 'Work', 'c', 98, '0000-00-00 00:00:00.000000', '0000-00-00 00:00:00.000000'),
(557, '1300', '1200', 'Lunch (low sodium, balanced meal)', 'm', 98, '0000-00-00 00:00:00.000000', '0000-00-00 00:00:00.000000'),
(558, '1700', '1300', 'Work', 'c', 98, '0000-00-00 00:00:00.000000', '0000-00-00 00:00:00.000000'),
(559, '1800', '1700', 'Moderate-intensity exercise (brisk walking, cycling, swimming)', 's', 98, '0000-00-00 00:00:00.000000', '0000-00-00 00:00:00.000000'),
(560, '1900', '1800', 'Dinner (low sodium, balanced meal)', 'm', 98, '0000-00-00 00:00:00.000000', '0000-00-00 00:00:00.000000'),
(561, '2200', '1900', 'Free time/Family time/Relax', 'c', 98, '0000-00-00 00:00:00.000000', '0000-00-00 00:00:00.000000'),
(562, '2230', '2200', 'Prepare for sleep', 'h', 98, '0000-00-00 00:00:00.000000', '0000-00-00 00:00:00.000000'),
(563, '2400', '2230', 'Sleep', 'h', 98, '0000-00-00 00:00:00.000000', '0000-00-00 00:00:00.000000'),
(564, '0630', '0000', 'Sleep', 'h', 99, '0000-00-00 00:00:00.000000', '0000-00-00 00:00:00.000000'),
(565, '0700', '0630', 'Wake up, drink water, mindfulness/meditation', 'h', 99, '0000-00-00 00:00:00.000000', '0000-00-00 00:00:00.000000'),
(566, '0730', '0700', 'Breakfast (low sodium, whole grains, fruits)', 'm', 99, '0000-00-00 00:00:00.000000', '0000-00-00 00:00:00.000000'),
(567, '0830', '0730', 'Commute/Prepare for work', 'c', 99, '0000-00-00 00:00:00.000000', '0000-00-00 00:00:00.000000'),
(568, '1200', '0900', 'Work', 'c', 99, '0000-00-00 00:00:00.000000', '0000-00-00 00:00:00.000000'),
(569, '1300', '1200', 'Lunch (low sodium, balanced meal)', 'm', 99, '0000-00-00 00:00:00.000000', '0000-00-00 00:00:00.000000'),
(570, '1700', '1300', 'Work', 'c', 99, '0000-00-00 00:00:00.000000', '0000-00-00 00:00:00.000000'),
(571, '1800', '1700', 'Moderate-intensity exercise (brisk walking, cycling, swimming)', 's', 99, '0000-00-00 00:00:00.000000', '0000-00-00 00:00:00.000000'),
(572, '1900', '1800', 'Dinner (low sodium, balanced meal)', 'm', 99, '0000-00-00 00:00:00.000000', '0000-00-00 00:00:00.000000'),
(573, '2200', '1900', 'Free time/Family time/Relax', 'c', 99, '0000-00-00 00:00:00.000000', '0000-00-00 00:00:00.000000'),
(574, '2230', '2200', 'Prepare for sleep', 'h', 99, '0000-00-00 00:00:00.000000', '0000-00-00 00:00:00.000000'),
(575, '2400', '2230', 'Sleep', 'h', 99, '0000-00-00 00:00:00.000000', '0000-00-00 00:00:00.000000'),
(576, '0630', '0000', 'Sleep', 'h', 100, '0000-00-00 00:00:00.000000', '0000-00-00 00:00:00.000000'),
(577, '0700', '0630', 'Wake up, drink water, mindfulness/meditation', 'h', 100, '0000-00-00 00:00:00.000000', '0000-00-00 00:00:00.000000'),
(578, '0730', '0700', 'Breakfast (low sodium, whole grains, fruits)', 'm', 100, '0000-00-00 00:00:00.000000', '0000-00-00 00:00:00.000000'),
(579, '0830', '0730', 'Commute/Prepare for work', 'c', 100, '0000-00-00 00:00:00.000000', '0000-00-00 00:00:00.000000'),
(580, '1200', '0900', 'Work', 'c', 100, '0000-00-00 00:00:00.000000', '0000-00-00 00:00:00.000000'),
(581, '1300', '1200', 'Lunch (low sodium, balanced meal)', 'm', 100, '0000-00-00 00:00:00.000000', '0000-00-00 00:00:00.000000'),
(582, '1700', '1300', 'Work', 'c', 100, '0000-00-00 00:00:00.000000', '0000-00-00 00:00:00.000000'),
(583, '1800', '1700', 'Moderate-intensity exercise (brisk walking, cycling, swimming)', 's', 100, '0000-00-00 00:00:00.000000', '0000-00-00 00:00:00.000000'),
(584, '1900', '1800', 'Dinner (low sodium, balanced meal)', 'm', 100, '0000-00-00 00:00:00.000000', '0000-00-00 00:00:00.000000'),
(585, '2200', '1900', 'Free time/Family time/Relax', 'c', 100, '0000-00-00 00:00:00.000000', '0000-00-00 00:00:00.000000'),
(586, '2230', '2200', 'Prepare for sleep', 'h', 100, '0000-00-00 00:00:00.000000', '0000-00-00 00:00:00.000000'),
(587, '2400', '2230', 'Sleep', 'h', 100, '0000-00-00 00:00:00.000000', '0000-00-00 00:00:00.000000'),
(588, '0630', '0000', 'Sleep', 'h', 101, '0000-00-00 00:00:00.000000', '0000-00-00 00:00:00.000000'),
(589, '0700', '0630', 'Wake up, drink water, mindfulness/meditation', 'h', 101, '0000-00-00 00:00:00.000000', '0000-00-00 00:00:00.000000'),
(590, '0730', '0700', 'Breakfast (low sodium, whole grains, fruits)', 'm', 101, '0000-00-00 00:00:00.000000', '0000-00-00 00:00:00.000000'),
(591, '0830', '0730', 'Commute/Prepare for work', 'c', 101, '0000-00-00 00:00:00.000000', '0000-00-00 00:00:00.000000'),
(592, '1200', '0900', 'Work', 'c', 101, '0000-00-00 00:00:00.000000', '0000-00-00 00:00:00.000000'),
(593, '1300', '1200', 'Lunch (low sodium, balanced meal)', 'm', 101, '0000-00-00 00:00:00.000000', '0000-00-00 00:00:00.000000'),
(594, '1700', '1300', 'Work', 'c', 101, '0000-00-00 00:00:00.000000', '0000-00-00 00:00:00.000000'),
(595, '1800', '1700', 'Moderate-intensity exercise (brisk walking, cycling, swimming)', 's', 101, '0000-00-00 00:00:00.000000', '0000-00-00 00:00:00.000000'),
(596, '1900', '1800', 'Dinner (low sodium, balanced meal)', 'm', 101, '0000-00-00 00:00:00.000000', '0000-00-00 00:00:00.000000'),
(597, '2200', '1900', 'Free time/Family time/Relax', 'c', 101, '0000-00-00 00:00:00.000000', '0000-00-00 00:00:00.000000'),
(598, '2230', '2200', 'Prepare for sleep', 'h', 101, '0000-00-00 00:00:00.000000', '0000-00-00 00:00:00.000000'),
(599, '2400', '2230', 'Sleep', 'h', 101, '0000-00-00 00:00:00.000000', '0000-00-00 00:00:00.000000'),
(600, '0630', '0000', 'Sleep', 'h', 102, '0000-00-00 00:00:00.000000', '0000-00-00 00:00:00.000000'),
(601, '0700', '0630', 'Wake up, drink water, mindfulness/meditation', 'h', 102, '0000-00-00 00:00:00.000000', '0000-00-00 00:00:00.000000'),
(602, '0730', '0700', 'Breakfast (low sodium, whole grains, fruits)', 'm', 102, '0000-00-00 00:00:00.000000', '0000-00-00 00:00:00.000000'),
(603, '0830', '0730', 'Commute/Prepare for work', 'c', 102, '0000-00-00 00:00:00.000000', '0000-00-00 00:00:00.000000'),
(604, '1200', '0900', 'Work', 'c', 102, '0000-00-00 00:00:00.000000', '0000-00-00 00:00:00.000000'),
(605, '1300', '1200', 'Lunch (low sodium, balanced meal)', 'm', 102, '0000-00-00 00:00:00.000000', '0000-00-00 00:00:00.000000'),
(606, '1700', '1300', 'Work', 'c', 102, '0000-00-00 00:00:00.000000', '0000-00-00 00:00:00.000000'),
(607, '1800', '1700', 'Moderate-intensity exercise (brisk walking, cycling, swimming)', 's', 102, '0000-00-00 00:00:00.000000', '0000-00-00 00:00:00.000000'),
(608, '1900', '1800', 'Dinner (low sodium, balanced meal)', 'm', 102, '0000-00-00 00:00:00.000000', '0000-00-00 00:00:00.000000'),
(609, '2200', '1900', 'Free time/Family time/Relax', 'c', 102, '0000-00-00 00:00:00.000000', '0000-00-00 00:00:00.000000'),
(610, '2230', '2200', 'Prepare for sleep', 'h', 102, '0000-00-00 00:00:00.000000', '0000-00-00 00:00:00.000000'),
(611, '2400', '2230', 'Sleep', 'h', 102, '0000-00-00 00:00:00.000000', '0000-00-00 00:00:00.000000'),
(612, '0730', '0000', 'Sleep', 'h', 103, '0000-00-00 00:00:00.000000', '0000-00-00 00:00:00.000000'),
(613, '0800', '0730', 'Wake up, drink water', 'h', 103, '0000-00-00 00:00:00.000000', '0000-00-00 00:00:00.000000'),
(614, '0900', '0800', 'Breakfast', 'f', 103, '0000-00-00 00:00:00.000000', '0000-00-00 00:00:00.000000'),
(615, '1030', '0900', 'Exercise/Outdoor activities', 's', 103, '0000-00-00 00:00:00.000000', '0000-00-00 00:00:00.000000'),
(616, '1300', '1030', 'Free time/Chores', 'f', 103, '0000-00-00 00:00:00.000000', '0000-00-00 00:00:00.000000'),
(617, '1400', '1300', 'Lunch', 'f', 103, '0000-00-00 00:00:00.000000', '0000-00-00 00:00:00.000000'),
(618, '1800', '1400', 'Social activities/Family time/Errands', 'c', 103, '0000-00-00 00:00:00.000000', '0000-00-00 00:00:00.000000'),
(619, '1900', '1800', 'Dinner', 'f', 103, '0000-00-00 00:00:00.000000', '0000-00-00 00:00:00.000000'),
(620, '2230', '1900', 'Relax/Family Time', 'c', 103, '0000-00-00 00:00:00.000000', '0000-00-00 00:00:00.000000'),
(621, '2400', '2230', 'Sleep', 'h', 103, '0000-00-00 00:00:00.000000', '0000-00-00 00:00:00.000000'),
(622, '0800', '0000', 'Sleep', 'h', 104, '0000-00-00 00:00:00.000000', '0000-00-00 00:00:00.000000'),
(623, '0900', '0800', 'Breakfast/Brunch', 'f', 104, '0000-00-00 00:00:00.000000', '0000-00-00 00:00:00.000000'),
(624, '1100', '0900', 'Relaxation/Hobbies/Personal time', 'c', 104, '0000-00-00 00:00:00.000000', '0000-00-00 00:00:00.000000'),
(625, '1300', '1100', 'Meal prep for the week', 'c', 104, '0000-00-00 00:00:00.000000', '0000-00-00 00:00:00.000000'),
(626, '1400', '1300', 'Lunch', 'f', 104, '0000-00-00 00:00:00.000000', '0000-00-00 00:00:00.000000'),
(627, '1700', '1400', 'Family time/Outdoor activities', 'c', 104, '0000-00-00 00:00:00.000000', '0000-00-00 00:00:00.000000'),
(628, '1800', '1700', 'Dinner', 'f', 104, '0000-00-00 00:00:00.000000', '0000-00-00 00:00:00.000000'),
(629, '2200', '1800', 'Relax/Prepare for the week', 'c', 104, '0000-00-00 00:00:00.000000', '0000-00-00 00:00:00.000000'),
(630, '2400', '2200', 'Sleep', 'h', 104, '0000-00-00 00:00:00.000000', '0000-00-00 00:00:00.000000'),
(631, '0630', '0000', 'Sleep', 'h', 98, '0000-00-00 00:00:00.000000', '0000-00-00 00:00:00.000000'),
(632, '0630', '0000', 'Sleep', 'h', 105, '0000-00-00 00:00:00.000000', '0000-00-00 00:00:00.000000'),
(634, '0700', '0630', 'Wake up, drink water, light stretching', 'h', 98, '0000-00-00 00:00:00.000000', '0000-00-00 00:00:00.000000'),
(635, '0700', '0630', 'Wake up, drink water, light stretching', 'h', 105, '0000-00-00 00:00:00.000000', '0000-00-00 00:00:00.000000'),
(637, '0730', '0700', 'Breakfast (Oatmeal, Whole grain)', 'm', 98, '0000-00-00 00:00:00.000000', '0000-00-00 00:00:00.000000'),
(638, '0730', '0700', 'Breakfast (Oatmeal, Whole grain)', 'm', 105, '0000-00-00 00:00:00.000000', '0000-00-00 00:00:00.000000'),
(640, '0900', '0730', 'Commute/Prepare for work', 'c', 98, '0000-00-00 00:00:00.000000', '0000-00-00 00:00:00.000000'),
(641, '0900', '0730', 'Commute/Prepare for work', 'c', 105, '0000-00-00 00:00:00.000000', '0000-00-00 00:00:00.000000'),
(643, '1300', '0900', 'Work', 'c', 98, '0000-00-00 00:00:00.000000', '0000-00-00 00:00:00.000000'),
(644, '1300', '0900', 'Work', 'c', 105, '0000-00-00 00:00:00.000000', '0000-00-00 00:00:00.000000'),
(646, '1400', '1300', 'Lunch (Salmon, Chicken breast)', 'm', 98, '0000-00-00 00:00:00.000000', '0000-00-00 00:00:00.000000'),
(647, '1400', '1300', 'Lunch (Salmon, Chicken breast)', 'm', 105, '0000-00-00 00:00:00.000000', '0000-00-00 00:00:00.000000'),
(649, '1700', '1400', 'Work', 'c', 98, '0000-00-00 00:00:00.000000', '0000-00-00 00:00:00.000000'),
(650, '1700', '1400', 'Work', 'c', 105, '0000-00-00 00:00:00.000000', '0000-00-00 00:00:00.000000'),
(652, '1830', '1700', 'Exercise (Yoga, Walking, Cycling)', 's', 98, '0000-00-00 00:00:00.000000', '0000-00-00 00:00:00.000000'),
(653, '1830', '1700', 'Exercise (Yoga, Walking, Cycling)', 's', 105, '0000-00-00 00:00:00.000000', '0000-00-00 00:00:00.000000'),
(655, '1930', '1830', 'Dinner', 'm', 98, '0000-00-00 00:00:00.000000', '0000-00-00 00:00:00.000000'),
(656, '1930', '1830', 'Dinner', 'm', 105, '0000-00-00 00:00:00.000000', '0000-00-00 00:00:00.000000'),
(658, '2230', '1930', 'Free time/Family time', 'c', 98, '0000-00-00 00:00:00.000000', '0000-00-00 00:00:00.000000'),
(659, '2230', '1930', 'Free time/Family time', 'c', 105, '0000-00-00 00:00:00.000000', '0000-00-00 00:00:00.000000'),
(661, '2300', '2230', 'Wind down for sleep', 'h', 98, '0000-00-00 00:00:00.000000', '0000-00-00 00:00:00.000000'),
(662, '2300', '2230', 'Wind down for sleep', 'h', 105, '0000-00-00 00:00:00.000000', '0000-00-00 00:00:00.000000'),
(664, '2400', '2300', 'Sleep', 'h', 98, '0000-00-00 00:00:00.000000', '0000-00-00 00:00:00.000000'),
(665, '2400', '2300', 'Sleep', 'h', 105, '0000-00-00 00:00:00.000000', '0000-00-00 00:00:00.000000'),
(667, '0630', '0000', 'Sleep', 'h', 99, '0000-00-00 00:00:00.000000', '0000-00-00 00:00:00.000000'),
(668, '0630', '0000', 'Sleep', 'h', 106, '0000-00-00 00:00:00.000000', '0000-00-00 00:00:00.000000'),
(670, '0700', '0630', 'Wake up, drink water, light stretching', 'h', 99, '0000-00-00 00:00:00.000000', '0000-00-00 00:00:00.000000'),
(671, '0700', '0630', 'Wake up, drink water, light stretching', 'h', 106, '0000-00-00 00:00:00.000000', '0000-00-00 00:00:00.000000'),
(673, '0730', '0700', 'Breakfast (Oatmeal, Whole grain)', 'm', 99, '0000-00-00 00:00:00.000000', '0000-00-00 00:00:00.000000'),
(674, '0730', '0700', 'Breakfast (Oatmeal, Whole grain)', 'm', 106, '0000-00-00 00:00:00.000000', '0000-00-00 00:00:00.000000'),
(676, '0900', '0730', 'Commute/Prepare for work', 'c', 99, '0000-00-00 00:00:00.000000', '0000-00-00 00:00:00.000000'),
(677, '0900', '0730', 'Commute/Prepare for work', 'c', 106, '0000-00-00 00:00:00.000000', '0000-00-00 00:00:00.000000'),
(679, '1300', '0900', 'Work', 'c', 99, '0000-00-00 00:00:00.000000', '0000-00-00 00:00:00.000000'),
(680, '1300', '0900', 'Work', 'c', 106, '0000-00-00 00:00:00.000000', '0000-00-00 00:00:00.000000'),
(682, '1400', '1300', 'Lunch (Salmon, Chicken breast)', 'm', 99, '0000-00-00 00:00:00.000000', '0000-00-00 00:00:00.000000'),
(683, '1400', '1300', 'Lunch (Salmon, Chicken breast)', 'm', 106, '0000-00-00 00:00:00.000000', '0000-00-00 00:00:00.000000'),
(685, '1700', '1400', 'Work', 'c', 99, '0000-00-00 00:00:00.000000', '0000-00-00 00:00:00.000000'),
(686, '1700', '1400', 'Work', 'c', 106, '0000-00-00 00:00:00.000000', '0000-00-00 00:00:00.000000'),
(688, '1830', '1700', 'Exercise (Yoga, Walking, Cycling)', 's', 99, '0000-00-00 00:00:00.000000', '0000-00-00 00:00:00.000000'),
(689, '1830', '1700', 'Exercise (Yoga, Walking, Cycling)', 's', 106, '0000-00-00 00:00:00.000000', '0000-00-00 00:00:00.000000'),
(691, '1930', '1830', 'Dinner', 'm', 99, '0000-00-00 00:00:00.000000', '0000-00-00 00:00:00.000000'),
(692, '1930', '1830', 'Dinner', 'm', 106, '0000-00-00 00:00:00.000000', '0000-00-00 00:00:00.000000'),
(694, '2230', '1930', 'Free time/Family time', 'c', 99, '0000-00-00 00:00:00.000000', '0000-00-00 00:00:00.000000'),
(695, '2230', '1930', 'Free time/Family time', 'c', 106, '0000-00-00 00:00:00.000000', '0000-00-00 00:00:00.000000'),
(697, '2300', '2230', 'Wind down for sleep', 'h', 99, '0000-00-00 00:00:00.000000', '0000-00-00 00:00:00.000000'),
(698, '2300', '2230', 'Wind down for sleep', 'h', 106, '0000-00-00 00:00:00.000000', '0000-00-00 00:00:00.000000'),
(700, '2400', '2300', 'Sleep', 'h', 99, '0000-00-00 00:00:00.000000', '0000-00-00 00:00:00.000000'),
(701, '2400', '2300', 'Sleep', 'h', 106, '0000-00-00 00:00:00.000000', '0000-00-00 00:00:00.000000'),
(703, '0630', '0000', 'Sleep', 'h', 100, '0000-00-00 00:00:00.000000', '0000-00-00 00:00:00.000000'),
(704, '0630', '0000', 'Sleep', 'h', 107, '0000-00-00 00:00:00.000000', '0000-00-00 00:00:00.000000'),
(706, '0700', '0630', 'Wake up, drink water, light stretching', 'h', 100, '0000-00-00 00:00:00.000000', '0000-00-00 00:00:00.000000'),
(707, '0700', '0630', 'Wake up, drink water, light stretching', 'h', 107, '0000-00-00 00:00:00.000000', '0000-00-00 00:00:00.000000'),
(709, '0730', '0700', 'Breakfast (Oatmeal, Whole grain)', 'm', 100, '0000-00-00 00:00:00.000000', '0000-00-00 00:00:00.000000'),
(710, '0730', '0700', 'Breakfast (Oatmeal, Whole grain)', 'm', 107, '0000-00-00 00:00:00.000000', '0000-00-00 00:00:00.000000'),
(712, '0900', '0730', 'Commute/Prepare for work', 'c', 100, '0000-00-00 00:00:00.000000', '0000-00-00 00:00:00.000000'),
(713, '0900', '0730', 'Commute/Prepare for work', 'c', 107, '0000-00-00 00:00:00.000000', '0000-00-00 00:00:00.000000'),
(715, '1300', '0900', 'Work', 'c', 100, '0000-00-00 00:00:00.000000', '0000-00-00 00:00:00.000000'),
(716, '1300', '0900', 'Work', 'c', 107, '0000-00-00 00:00:00.000000', '0000-00-00 00:00:00.000000'),
(718, '1400', '1300', 'Lunch (Salmon, Chicken breast)', 'm', 100, '0000-00-00 00:00:00.000000', '0000-00-00 00:00:00.000000'),
(719, '1400', '1300', 'Lunch (Salmon, Chicken breast)', 'm', 107, '0000-00-00 00:00:00.000000', '0000-00-00 00:00:00.000000'),
(721, '1700', '1400', 'Work', 'c', 100, '0000-00-00 00:00:00.000000', '0000-00-00 00:00:00.000000'),
(722, '1700', '1400', 'Work', 'c', 107, '0000-00-00 00:00:00.000000', '0000-00-00 00:00:00.000000'),
(724, '1830', '1700', 'Exercise (Yoga, Walking, Cycling)', 's', 100, '0000-00-00 00:00:00.000000', '0000-00-00 00:00:00.000000'),
(725, '1830', '1700', 'Exercise (Yoga, Walking, Cycling)', 's', 107, '0000-00-00 00:00:00.000000', '0000-00-00 00:00:00.000000'),
(727, '1930', '1830', 'Dinner', 'm', 100, '0000-00-00 00:00:00.000000', '0000-00-00 00:00:00.000000'),
(728, '1930', '1830', 'Dinner', 'm', 107, '0000-00-00 00:00:00.000000', '0000-00-00 00:00:00.000000'),
(730, '2230', '1930', 'Free time/Family time', 'c', 100, '0000-00-00 00:00:00.000000', '0000-00-00 00:00:00.000000'),
(731, '2230', '1930', 'Free time/Family time', 'c', 107, '0000-00-00 00:00:00.000000', '0000-00-00 00:00:00.000000'),
(733, '2300', '2230', 'Wind down for sleep', 'h', 100, '0000-00-00 00:00:00.000000', '0000-00-00 00:00:00.000000'),
(734, '2300', '2230', 'Wind down for sleep', 'h', 107, '0000-00-00 00:00:00.000000', '0000-00-00 00:00:00.000000'),
(736, '2400', '2300', 'Sleep', 'h', 100, '0000-00-00 00:00:00.000000', '0000-00-00 00:00:00.000000'),
(737, '2400', '2300', 'Sleep', 'h', 107, '0000-00-00 00:00:00.000000', '0000-00-00 00:00:00.000000'),
(739, '0630', '0000', 'Sleep', 'h', 101, '0000-00-00 00:00:00.000000', '0000-00-00 00:00:00.000000'),
(740, '0630', '0000', 'Sleep', 'h', 108, '0000-00-00 00:00:00.000000', '0000-00-00 00:00:00.000000'),
(742, '0700', '0630', 'Wake up, drink water, light stretching', 'h', 101, '0000-00-00 00:00:00.000000', '0000-00-00 00:00:00.000000'),
(743, '0700', '0630', 'Wake up, drink water, light stretching', 'h', 108, '0000-00-00 00:00:00.000000', '0000-00-00 00:00:00.000000'),
(745, '0730', '0700', 'Breakfast (Oatmeal, Whole grain)', 'm', 101, '0000-00-00 00:00:00.000000', '0000-00-00 00:00:00.000000'),
(746, '0730', '0700', 'Breakfast (Oatmeal, Whole grain)', 'm', 108, '0000-00-00 00:00:00.000000', '0000-00-00 00:00:00.000000'),
(748, '0900', '0730', 'Commute/Prepare for work', 'c', 101, '0000-00-00 00:00:00.000000', '0000-00-00 00:00:00.000000'),
(749, '0900', '0730', 'Commute/Prepare for work', 'c', 108, '0000-00-00 00:00:00.000000', '0000-00-00 00:00:00.000000'),
(751, '1300', '0900', 'Work', 'c', 101, '0000-00-00 00:00:00.000000', '0000-00-00 00:00:00.000000'),
(752, '1300', '0900', 'Work', 'c', 108, '0000-00-00 00:00:00.000000', '0000-00-00 00:00:00.000000'),
(754, '1400', '1300', 'Lunch (Salmon, Chicken breast)', 'm', 101, '0000-00-00 00:00:00.000000', '0000-00-00 00:00:00.000000'),
(755, '1400', '1300', 'Lunch (Salmon, Chicken breast)', 'm', 108, '0000-00-00 00:00:00.000000', '0000-00-00 00:00:00.000000'),
(757, '1700', '1400', 'Work', 'c', 101, '0000-00-00 00:00:00.000000', '0000-00-00 00:00:00.000000'),
(758, '1700', '1400', 'Work', 'c', 108, '0000-00-00 00:00:00.000000', '0000-00-00 00:00:00.000000'),
(760, '1830', '1700', 'Exercise (Yoga, Walking, Cycling)', 's', 101, '0000-00-00 00:00:00.000000', '0000-00-00 00:00:00.000000'),
(761, '1830', '1700', 'Exercise (Yoga, Walking, Cycling)', 's', 108, '0000-00-00 00:00:00.000000', '0000-00-00 00:00:00.000000'),
(763, '1930', '1830', 'Dinner', 'm', 101, '0000-00-00 00:00:00.000000', '0000-00-00 00:00:00.000000'),
(764, '1930', '1830', 'Dinner', 'm', 108, '0000-00-00 00:00:00.000000', '0000-00-00 00:00:00.000000'),
(766, '2230', '1930', 'Free time/Family time', 'c', 101, '0000-00-00 00:00:00.000000', '0000-00-00 00:00:00.000000'),
(767, '2230', '1930', 'Free time/Family time', 'c', 108, '0000-00-00 00:00:00.000000', '0000-00-00 00:00:00.000000'),
(769, '2300', '2230', 'Wind down for sleep', 'h', 101, '0000-00-00 00:00:00.000000', '0000-00-00 00:00:00.000000'),
(770, '2300', '2230', 'Wind down for sleep', 'h', 108, '0000-00-00 00:00:00.000000', '0000-00-00 00:00:00.000000'),
(772, '2400', '2300', 'Sleep', 'h', 101, '0000-00-00 00:00:00.000000', '0000-00-00 00:00:00.000000'),
(773, '2400', '2300', 'Sleep', 'h', 108, '0000-00-00 00:00:00.000000', '0000-00-00 00:00:00.000000'),
(775, '0630', '0000', 'Sleep', 'h', 102, '0000-00-00 00:00:00.000000', '0000-00-00 00:00:00.000000'),
(776, '0630', '0000', 'Sleep', 'h', 109, '0000-00-00 00:00:00.000000', '0000-00-00 00:00:00.000000'),
(778, '0700', '0630', 'Wake up, drink water, light stretching', 'h', 102, '0000-00-00 00:00:00.000000', '0000-00-00 00:00:00.000000'),
(779, '0700', '0630', 'Wake up, drink water, light stretching', 'h', 109, '0000-00-00 00:00:00.000000', '0000-00-00 00:00:00.000000'),
(781, '0730', '0700', 'Breakfast (Oatmeal, Whole grain)', 'm', 102, '0000-00-00 00:00:00.000000', '0000-00-00 00:00:00.000000'),
(782, '0730', '0700', 'Breakfast (Oatmeal, Whole grain)', 'm', 109, '0000-00-00 00:00:00.000000', '0000-00-00 00:00:00.000000'),
(784, '0900', '0730', 'Commute/Prepare for work', 'c', 102, '0000-00-00 00:00:00.000000', '0000-00-00 00:00:00.000000'),
(785, '0900', '0730', 'Commute/Prepare for work', 'c', 109, '0000-00-00 00:00:00.000000', '0000-00-00 00:00:00.000000'),
(787, '1300', '0900', 'Work', 'c', 102, '0000-00-00 00:00:00.000000', '0000-00-00 00:00:00.000000'),
(788, '1300', '0900', 'Work', 'c', 109, '0000-00-00 00:00:00.000000', '0000-00-00 00:00:00.000000'),
(790, '1400', '1300', 'Lunch (Salmon, Chicken breast)', 'm', 102, '0000-00-00 00:00:00.000000', '0000-00-00 00:00:00.000000'),
(791, '1400', '1300', 'Lunch (Salmon, Chicken breast)', 'm', 109, '0000-00-00 00:00:00.000000', '0000-00-00 00:00:00.000000'),
(793, '1700', '1400', 'Work', 'c', 102, '0000-00-00 00:00:00.000000', '0000-00-00 00:00:00.000000'),
(794, '1700', '1400', 'Work', 'c', 109, '0000-00-00 00:00:00.000000', '0000-00-00 00:00:00.000000'),
(796, '1830', '1700', 'Exercise (Yoga, Walking, Cycling)', 's', 102, '0000-00-00 00:00:00.000000', '0000-00-00 00:00:00.000000'),
(797, '1830', '1700', 'Exercise (Yoga, Walking, Cycling)', 's', 109, '0000-00-00 00:00:00.000000', '0000-00-00 00:00:00.000000'),
(799, '1930', '1830', 'Dinner', 'm', 102, '0000-00-00 00:00:00.000000', '0000-00-00 00:00:00.000000'),
(800, '1930', '1830', 'Dinner', 'm', 109, '0000-00-00 00:00:00.000000', '0000-00-00 00:00:00.000000'),
(802, '2230', '1930', 'Free time/Family time', 'c', 102, '0000-00-00 00:00:00.000000', '0000-00-00 00:00:00.000000'),
(803, '2230', '1930', 'Free time/Family time', 'c', 109, '0000-00-00 00:00:00.000000', '0000-00-00 00:00:00.000000'),
(805, '2300', '2230', 'Wind down for sleep', 'h', 102, '0000-00-00 00:00:00.000000', '0000-00-00 00:00:00.000000'),
(806, '2300', '2230', 'Wind down for sleep', 'h', 109, '0000-00-00 00:00:00.000000', '0000-00-00 00:00:00.000000'),
(808, '2400', '2300', 'Sleep', 'h', 102, '0000-00-00 00:00:00.000000', '0000-00-00 00:00:00.000000'),
(809, '2400', '2300', 'Sleep', 'h', 109, '0000-00-00 00:00:00.000000', '0000-00-00 00:00:00.000000'),
(811, '0730', '0000', 'Sleep', 'h', 103, '0000-00-00 00:00:00.000000', '0000-00-00 00:00:00.000000'),
(812, '0730', '0000', 'Sleep', 'h', 110, '0000-00-00 00:00:00.000000', '0000-00-00 00:00:00.000000'),
(814, '0800', '0730', 'Wake up, drink water', 'h', 103, '0000-00-00 00:00:00.000000', '0000-00-00 00:00:00.000000'),
(815, '0800', '0730', 'Wake up, drink water', 'h', 110, '0000-00-00 00:00:00.000000', '0000-00-00 00:00:00.000000'),
(817, '0900', '0800', 'Breakfast', 'f', 103, '0000-00-00 00:00:00.000000', '0000-00-00 00:00:00.000000'),
(818, '0900', '0800', 'Breakfast', 'f', 110, '0000-00-00 00:00:00.000000', '0000-00-00 00:00:00.000000'),
(820, '1000', '0900', 'Exercise', 's', 103, '0000-00-00 00:00:00.000000', '0000-00-00 00:00:00.000000'),
(821, '1000', '0900', 'Exercise', 's', 110, '0000-00-00 00:00:00.000000', '0000-00-00 00:00:00.000000'),
(823, '1300', '1000', 'Free time/Chores', 'c', 103, '0000-00-00 00:00:00.000000', '0000-00-00 00:00:00.000000'),
(824, '1300', '1000', 'Free time/Chores', 'c', 110, '0000-00-00 00:00:00.000000', '0000-00-00 00:00:00.000000'),
(826, '1400', '1300', 'Lunch', 'f', 103, '0000-00-00 00:00:00.000000', '0000-00-00 00:00:00.000000'),
(827, '1400', '1300', 'Lunch', 'f', 110, '0000-00-00 00:00:00.000000', '0000-00-00 00:00:00.000000'),
(829, '1800', '1400', 'Outdoor activities/Family time', 'c', 103, '0000-00-00 00:00:00.000000', '0000-00-00 00:00:00.000000'),
(830, '1800', '1400', 'Outdoor activities/Family time', 'c', 110, '0000-00-00 00:00:00.000000', '0000-00-00 00:00:00.000000'),
(832, '1900', '1800', 'Dinner', 'f', 103, '0000-00-00 00:00:00.000000', '0000-00-00 00:00:00.000000'),
(833, '1900', '1800', 'Dinner', 'f', 110, '0000-00-00 00:00:00.000000', '0000-00-00 00:00:00.000000'),
(835, '2300', '1900', 'Social activities/Relax', 'c', 103, '0000-00-00 00:00:00.000000', '0000-00-00 00:00:00.000000'),
(836, '2300', '1900', 'Social activities/Relax', 'c', 110, '0000-00-00 00:00:00.000000', '0000-00-00 00:00:00.000000'),
(838, '2400', '2300', 'Sleep', 'h', 103, '0000-00-00 00:00:00.000000', '0000-00-00 00:00:00.000000'),
(839, '2400', '2300', 'Sleep', 'h', 110, '0000-00-00 00:00:00.000000', '0000-00-00 00:00:00.000000'),
(841, '0800', '0000', 'Sleep', 'h', 104, '0000-00-00 00:00:00.000000', '0000-00-00 00:00:00.000000'),
(842, '0800', '0000', 'Sleep', 'h', 111, '0000-00-00 00:00:00.000000', '0000-00-00 00:00:00.000000'),
(844, '0900', '0800', 'Breakfast', 'f', 104, '0000-00-00 00:00:00.000000', '0000-00-00 00:00:00.000000'),
(845, '0900', '0800', 'Breakfast', 'f', 111, '0000-00-00 00:00:00.000000', '0000-00-00 00:00:00.000000'),
(847, '1200', '0900', 'Relax/Hobbies', 'c', 104, '0000-00-00 00:00:00.000000', '0000-00-00 00:00:00.000000'),
(848, '1200', '0900', 'Relax/Hobbies', 'c', 111, '0000-00-00 00:00:00.000000', '0000-00-00 00:00:00.000000'),
(850, '1700', '1200', 'Family time/Meal prep', 'c', 104, '0000-00-00 00:00:00.000000', '0000-00-00 00:00:00.000000'),
(851, '1700', '1200', 'Family time/Meal prep', 'c', 111, '0000-00-00 00:00:00.000000', '0000-00-00 00:00:00.000000'),
(853, '1800', '1700', 'Dinner', 'f', 104, '0000-00-00 00:00:00.000000', '0000-00-00 00:00:00.000000'),
(854, '1800', '1700', 'Dinner', 'f', 111, '0000-00-00 00:00:00.000000', '0000-00-00 00:00:00.000000'),
(856, '2200', '1800', 'Relax/Prepare for week', 'c', 104, '0000-00-00 00:00:00.000000', '0000-00-00 00:00:00.000000'),
(857, '2200', '1800', 'Relax/Prepare for week', 'c', 111, '0000-00-00 00:00:00.000000', '0000-00-00 00:00:00.000000'),
(859, '2400', '2200', 'Sleep', 'h', 104, '0000-00-00 00:00:00.000000', '0000-00-00 00:00:00.000000'),
(860, '2400', '2200', 'Sleep', 'h', 111, '0000-00-00 00:00:00.000000', '0000-00-00 00:00:00.000000'),
(861, '0600', '0000', 'Sleep', 'h', 98, '0000-00-00 00:00:00.000000', '0000-00-00 00:00:00.000000'),
(862, '0600', '0000', 'Sleep', 'h', 105, '0000-00-00 00:00:00.000000', '0000-00-00 00:00:00.000000'),
(863, '0600', '0000', 'Sleep', 'h', 112, '0000-00-00 00:00:00.000000', '0000-00-00 00:00:00.000000'),
(864, '0630', '0600', 'Wake up, drink water', 'h', 98, '0000-00-00 00:00:00.000000', '0000-00-00 00:00:00.000000'),
(865, '0630', '0600', 'Wake up, drink water', 'h', 105, '0000-00-00 00:00:00.000000', '0000-00-00 00:00:00.000000'),
(866, '0630', '0600', 'Wake up, drink water', 'h', 112, '0000-00-00 00:00:00.000000', '0000-00-00 00:00:00.000000'),
(867, '0700', '0630', 'Breakfast', 'm', 98, '0000-00-00 00:00:00.000000', '0000-00-00 00:00:00.000000'),
(868, '0700', '0630', 'Breakfast', 'm', 105, '0000-00-00 00:00:00.000000', '0000-00-00 00:00:00.000000'),
(869, '0700', '0630', 'Breakfast', 'm', 112, '0000-00-00 00:00:00.000000', '0000-00-00 00:00:00.000000'),
(870, '0800', '0700', 'Commute/Prepare for work', 'c', 98, '0000-00-00 00:00:00.000000', '0000-00-00 00:00:00.000000'),
(871, '0800', '0700', 'Commute/Prepare for work', 'c', 105, '0000-00-00 00:00:00.000000', '0000-00-00 00:00:00.000000'),
(872, '0800', '0700', 'Commute/Prepare for work', 'c', 112, '0000-00-00 00:00:00.000000', '0000-00-00 00:00:00.000000'),
(873, '0900', '0800', 'Prepare for class/School work', 'c', 98, '0000-00-00 00:00:00.000000', '0000-00-00 00:00:00.000000'),
(874, '0900', '0800', 'Prepare for class/School work', 'c', 105, '0000-00-00 00:00:00.000000', '0000-00-00 00:00:00.000000'),
(875, '0900', '0800', 'Prepare for class/School work', 'c', 112, '0000-00-00 00:00:00.000000', '0000-00-00 00:00:00.000000'),
(876, '1200', '0900', 'Teaching/School work', 'c', 98, '0000-00-00 00:00:00.000000', '0000-00-00 00:00:00.000000'),
(877, '1200', '0900', 'Teaching/School work', 'c', 105, '0000-00-00 00:00:00.000000', '0000-00-00 00:00:00.000000'),
(878, '1200', '0900', 'Teaching/School work', 'c', 112, '0000-00-00 00:00:00.000000', '0000-00-00 00:00:00.000000'),
(879, '1300', '1200', 'Lunch', 'm', 98, '0000-00-00 00:00:00.000000', '0000-00-00 00:00:00.000000'),
(880, '1300', '1200', 'Lunch', 'm', 105, '0000-00-00 00:00:00.000000', '0000-00-00 00:00:00.000000'),
(881, '1300', '1200', 'Lunch', 'm', 112, '0000-00-00 00:00:00.000000', '0000-00-00 00:00:00.000000'),
(882, '1800', '1300', 'Teaching/School work', 'c', 98, '0000-00-00 00:00:00.000000', '0000-00-00 00:00:00.000000'),
(883, '1800', '1300', 'Teaching/School work', 'c', 105, '0000-00-00 00:00:00.000000', '0000-00-00 00:00:00.000000'),
(884, '1800', '1300', 'Teaching/School work', 'c', 112, '0000-00-00 00:00:00.000000', '0000-00-00 00:00:00.000000'),
(885, '1830', '1800', 'Commute', 'c', 98, '0000-00-00 00:00:00.000000', '0000-00-00 00:00:00.000000'),
(886, '1830', '1800', 'Commute', 'c', 105, '0000-00-00 00:00:00.000000', '0000-00-00 00:00:00.000000'),
(887, '1830', '1800', 'Commute', 'c', 112, '0000-00-00 00:00:00.000000', '0000-00-00 00:00:00.000000'),
(888, '1900', '1830', 'Dinner', 'm', 98, '0000-00-00 00:00:00.000000', '0000-00-00 00:00:00.000000'),
(889, '1900', '1830', 'Dinner', 'm', 105, '0000-00-00 00:00:00.000000', '0000-00-00 00:00:00.000000'),
(890, '1900', '1830', 'Dinner', 'm', 112, '0000-00-00 00:00:00.000000', '0000-00-00 00:00:00.000000'),
(891, '2200', '1900', 'Free time/Family time/Grading', 'c', 98, '0000-00-00 00:00:00.000000', '0000-00-00 00:00:00.000000'),
(892, '2200', '1900', 'Free time/Family time/Grading', 'c', 105, '0000-00-00 00:00:00.000000', '0000-00-00 00:00:00.000000'),
(893, '2200', '1900', 'Free time/Family time/Grading', 'c', 112, '0000-00-00 00:00:00.000000', '0000-00-00 00:00:00.000000'),
(894, '2300', '2200', 'Prepare for sleep', 'h', 98, '0000-00-00 00:00:00.000000', '0000-00-00 00:00:00.000000'),
(895, '2300', '2200', 'Prepare for sleep', 'h', 105, '0000-00-00 00:00:00.000000', '0000-00-00 00:00:00.000000'),
(896, '2300', '2200', 'Prepare for sleep', 'h', 112, '0000-00-00 00:00:00.000000', '0000-00-00 00:00:00.000000'),
(897, '2400', '2300', 'Sleep', 'h', 98, '0000-00-00 00:00:00.000000', '0000-00-00 00:00:00.000000'),
(898, '2400', '2300', 'Sleep', 'h', 105, '0000-00-00 00:00:00.000000', '0000-00-00 00:00:00.000000'),
(899, '2400', '2300', 'Sleep', 'h', 112, '0000-00-00 00:00:00.000000', '0000-00-00 00:00:00.000000'),
(900, '0600', '0000', 'Sleep', 'h', 99, '0000-00-00 00:00:00.000000', '0000-00-00 00:00:00.000000'),
(901, '0600', '0000', 'Sleep', 'h', 106, '0000-00-00 00:00:00.000000', '0000-00-00 00:00:00.000000'),
(902, '0600', '0000', 'Sleep', 'h', 113, '0000-00-00 00:00:00.000000', '0000-00-00 00:00:00.000000'),
(903, '0630', '0600', 'Wake up, drink water', 'h', 99, '0000-00-00 00:00:00.000000', '0000-00-00 00:00:00.000000'),
(904, '0630', '0600', 'Wake up, drink water', 'h', 106, '0000-00-00 00:00:00.000000', '0000-00-00 00:00:00.000000'),
(905, '0630', '0600', 'Wake up, drink water', 'h', 113, '0000-00-00 00:00:00.000000', '0000-00-00 00:00:00.000000'),
(906, '0700', '0630', 'Breakfast', 'm', 99, '0000-00-00 00:00:00.000000', '0000-00-00 00:00:00.000000'),
(907, '0700', '0630', 'Breakfast', 'm', 106, '0000-00-00 00:00:00.000000', '0000-00-00 00:00:00.000000'),
(908, '0700', '0630', 'Breakfast', 'm', 113, '0000-00-00 00:00:00.000000', '0000-00-00 00:00:00.000000'),
(909, '0800', '0700', 'Commute/Prepare for work', 'c', 99, '0000-00-00 00:00:00.000000', '0000-00-00 00:00:00.000000'),
(910, '0800', '0700', 'Commute/Prepare for work', 'c', 106, '0000-00-00 00:00:00.000000', '0000-00-00 00:00:00.000000'),
(911, '0800', '0700', 'Commute/Prepare for work', 'c', 113, '0000-00-00 00:00:00.000000', '0000-00-00 00:00:00.000000'),
(912, '0900', '0800', 'Prepare for class/School work', 'c', 99, '0000-00-00 00:00:00.000000', '0000-00-00 00:00:00.000000'),
(913, '0900', '0800', 'Prepare for class/School work', 'c', 106, '0000-00-00 00:00:00.000000', '0000-00-00 00:00:00.000000'),
(914, '0900', '0800', 'Prepare for class/School work', 'c', 113, '0000-00-00 00:00:00.000000', '0000-00-00 00:00:00.000000'),
(915, '1200', '0900', 'Teaching/School work', 'c', 99, '0000-00-00 00:00:00.000000', '0000-00-00 00:00:00.000000'),
(916, '1200', '0900', 'Teaching/School work', 'c', 106, '0000-00-00 00:00:00.000000', '0000-00-00 00:00:00.000000'),
(917, '1200', '0900', 'Teaching/School work', 'c', 113, '0000-00-00 00:00:00.000000', '0000-00-00 00:00:00.000000'),
(918, '1300', '1200', 'Lunch', 'm', 99, '0000-00-00 00:00:00.000000', '0000-00-00 00:00:00.000000'),
(919, '1300', '1200', 'Lunch', 'm', 106, '0000-00-00 00:00:00.000000', '0000-00-00 00:00:00.000000'),
(920, '1300', '1200', 'Lunch', 'm', 113, '0000-00-00 00:00:00.000000', '0000-00-00 00:00:00.000000'),
(921, '1800', '1300', 'Teaching/School work', 'c', 99, '0000-00-00 00:00:00.000000', '0000-00-00 00:00:00.000000'),
(922, '1800', '1300', 'Teaching/School work', 'c', 106, '0000-00-00 00:00:00.000000', '0000-00-00 00:00:00.000000'),
(923, '1800', '1300', 'Teaching/School work', 'c', 113, '0000-00-00 00:00:00.000000', '0000-00-00 00:00:00.000000'),
(924, '1830', '1800', 'Commute', 'c', 99, '0000-00-00 00:00:00.000000', '0000-00-00 00:00:00.000000'),
(925, '1830', '1800', 'Commute', 'c', 106, '0000-00-00 00:00:00.000000', '0000-00-00 00:00:00.000000'),
(926, '1830', '1800', 'Commute', 'c', 113, '0000-00-00 00:00:00.000000', '0000-00-00 00:00:00.000000'),
(927, '1900', '1830', 'Dinner', 'm', 99, '0000-00-00 00:00:00.000000', '0000-00-00 00:00:00.000000'),
(928, '1900', '1830', 'Dinner', 'm', 106, '0000-00-00 00:00:00.000000', '0000-00-00 00:00:00.000000'),
(929, '1900', '1830', 'Dinner', 'm', 113, '0000-00-00 00:00:00.000000', '0000-00-00 00:00:00.000000'),
(930, '2200', '1900', 'Free time/Family time/Grading', 'c', 99, '0000-00-00 00:00:00.000000', '0000-00-00 00:00:00.000000'),
(931, '2200', '1900', 'Free time/Family time/Grading', 'c', 106, '0000-00-00 00:00:00.000000', '0000-00-00 00:00:00.000000'),
(932, '2200', '1900', 'Free time/Family time/Grading', 'c', 113, '0000-00-00 00:00:00.000000', '0000-00-00 00:00:00.000000'),
(933, '2300', '2200', 'Prepare for sleep', 'h', 99, '0000-00-00 00:00:00.000000', '0000-00-00 00:00:00.000000'),
(934, '2300', '2200', 'Prepare for sleep', 'h', 106, '0000-00-00 00:00:00.000000', '0000-00-00 00:00:00.000000'),
(935, '2300', '2200', 'Prepare for sleep', 'h', 113, '0000-00-00 00:00:00.000000', '0000-00-00 00:00:00.000000'),
(936, '2400', '2300', 'Sleep', 'h', 99, '0000-00-00 00:00:00.000000', '0000-00-00 00:00:00.000000'),
(937, '2400', '2300', 'Sleep', 'h', 106, '0000-00-00 00:00:00.000000', '0000-00-00 00:00:00.000000'),
(938, '2400', '2300', 'Sleep', 'h', 113, '0000-00-00 00:00:00.000000', '0000-00-00 00:00:00.000000'),
(939, '0600', '0000', 'Sleep', 'h', 100, '0000-00-00 00:00:00.000000', '0000-00-00 00:00:00.000000'),
(940, '0600', '0000', 'Sleep', 'h', 107, '0000-00-00 00:00:00.000000', '0000-00-00 00:00:00.000000'),
(941, '0600', '0000', 'Sleep', 'h', 114, '0000-00-00 00:00:00.000000', '0000-00-00 00:00:00.000000'),
(942, '0630', '0600', 'Wake up, drink water', 'h', 100, '0000-00-00 00:00:00.000000', '0000-00-00 00:00:00.000000'),
(943, '0630', '0600', 'Wake up, drink water', 'h', 107, '0000-00-00 00:00:00.000000', '0000-00-00 00:00:00.000000'),
(944, '0630', '0600', 'Wake up, drink water', 'h', 114, '0000-00-00 00:00:00.000000', '0000-00-00 00:00:00.000000'),
(945, '0700', '0630', 'Breakfast', 'm', 100, '0000-00-00 00:00:00.000000', '0000-00-00 00:00:00.000000'),
(946, '0700', '0630', 'Breakfast', 'm', 107, '0000-00-00 00:00:00.000000', '0000-00-00 00:00:00.000000'),
(947, '0700', '0630', 'Breakfast', 'm', 114, '0000-00-00 00:00:00.000000', '0000-00-00 00:00:00.000000'),
(948, '0800', '0700', 'Commute/Prepare for work', 'c', 100, '0000-00-00 00:00:00.000000', '0000-00-00 00:00:00.000000'),
(949, '0800', '0700', 'Commute/Prepare for work', 'c', 107, '0000-00-00 00:00:00.000000', '0000-00-00 00:00:00.000000'),
(950, '0800', '0700', 'Commute/Prepare for work', 'c', 114, '0000-00-00 00:00:00.000000', '0000-00-00 00:00:00.000000'),
(951, '0900', '0800', 'Prepare for class/School work', 'c', 100, '0000-00-00 00:00:00.000000', '0000-00-00 00:00:00.000000'),
(952, '0900', '0800', 'Prepare for class/School work', 'c', 107, '0000-00-00 00:00:00.000000', '0000-00-00 00:00:00.000000'),
(953, '0900', '0800', 'Prepare for class/School work', 'c', 114, '0000-00-00 00:00:00.000000', '0000-00-00 00:00:00.000000'),
(954, '1200', '0900', 'Teaching/School work', 'c', 100, '0000-00-00 00:00:00.000000', '0000-00-00 00:00:00.000000'),
(955, '1200', '0900', 'Teaching/School work', 'c', 107, '0000-00-00 00:00:00.000000', '0000-00-00 00:00:00.000000'),
(956, '1200', '0900', 'Teaching/School work', 'c', 114, '0000-00-00 00:00:00.000000', '0000-00-00 00:00:00.000000'),
(957, '1300', '1200', 'Lunch', 'm', 100, '0000-00-00 00:00:00.000000', '0000-00-00 00:00:00.000000'),
(958, '1300', '1200', 'Lunch', 'm', 107, '0000-00-00 00:00:00.000000', '0000-00-00 00:00:00.000000'),
(959, '1300', '1200', 'Lunch', 'm', 114, '0000-00-00 00:00:00.000000', '0000-00-00 00:00:00.000000'),
(960, '1800', '1300', 'Teaching/School work', 'c', 100, '0000-00-00 00:00:00.000000', '0000-00-00 00:00:00.000000'),
(961, '1800', '1300', 'Teaching/School work', 'c', 107, '0000-00-00 00:00:00.000000', '0000-00-00 00:00:00.000000'),
(962, '1800', '1300', 'Teaching/School work', 'c', 114, '0000-00-00 00:00:00.000000', '0000-00-00 00:00:00.000000'),
(963, '1830', '1800', 'Commute', 'c', 100, '0000-00-00 00:00:00.000000', '0000-00-00 00:00:00.000000'),
(964, '1830', '1800', 'Commute', 'c', 107, '0000-00-00 00:00:00.000000', '0000-00-00 00:00:00.000000'),
(965, '1830', '1800', 'Commute', 'c', 114, '0000-00-00 00:00:00.000000', '0000-00-00 00:00:00.000000'),
(966, '1900', '1830', 'Dinner', 'm', 100, '0000-00-00 00:00:00.000000', '0000-00-00 00:00:00.000000'),
(967, '1900', '1830', 'Dinner', 'm', 107, '0000-00-00 00:00:00.000000', '0000-00-00 00:00:00.000000'),
(968, '1900', '1830', 'Dinner', 'm', 114, '0000-00-00 00:00:00.000000', '0000-00-00 00:00:00.000000'),
(969, '2200', '1900', 'Free time/Family time/Grading', 'c', 100, '0000-00-00 00:00:00.000000', '0000-00-00 00:00:00.000000'),
(970, '2200', '1900', 'Free time/Family time/Grading', 'c', 107, '0000-00-00 00:00:00.000000', '0000-00-00 00:00:00.000000'),
(971, '2200', '1900', 'Free time/Family time/Grading', 'c', 114, '0000-00-00 00:00:00.000000', '0000-00-00 00:00:00.000000'),
(972, '2300', '2200', 'Prepare for sleep', 'h', 100, '0000-00-00 00:00:00.000000', '0000-00-00 00:00:00.000000'),
(973, '2300', '2200', 'Prepare for sleep', 'h', 107, '0000-00-00 00:00:00.000000', '0000-00-00 00:00:00.000000'),
(974, '2300', '2200', 'Prepare for sleep', 'h', 114, '0000-00-00 00:00:00.000000', '0000-00-00 00:00:00.000000'),
(975, '2400', '2300', 'Sleep', 'h', 100, '0000-00-00 00:00:00.000000', '0000-00-00 00:00:00.000000'),
(976, '2400', '2300', 'Sleep', 'h', 107, '0000-00-00 00:00:00.000000', '0000-00-00 00:00:00.000000'),
(977, '2400', '2300', 'Sleep', 'h', 114, '0000-00-00 00:00:00.000000', '0000-00-00 00:00:00.000000'),
(978, '0600', '0000', 'Sleep', 'h', 101, '0000-00-00 00:00:00.000000', '0000-00-00 00:00:00.000000'),
(979, '0600', '0000', 'Sleep', 'h', 108, '0000-00-00 00:00:00.000000', '0000-00-00 00:00:00.000000'),
(980, '0600', '0000', 'Sleep', 'h', 115, '0000-00-00 00:00:00.000000', '0000-00-00 00:00:00.000000'),
(981, '0630', '0600', 'Wake up, drink water', 'h', 101, '0000-00-00 00:00:00.000000', '0000-00-00 00:00:00.000000'),
(982, '0630', '0600', 'Wake up, drink water', 'h', 108, '0000-00-00 00:00:00.000000', '0000-00-00 00:00:00.000000'),
(983, '0630', '0600', 'Wake up, drink water', 'h', 115, '0000-00-00 00:00:00.000000', '0000-00-00 00:00:00.000000'),
(984, '0700', '0630', 'Breakfast', 'm', 101, '0000-00-00 00:00:00.000000', '0000-00-00 00:00:00.000000'),
(985, '0700', '0630', 'Breakfast', 'm', 108, '0000-00-00 00:00:00.000000', '0000-00-00 00:00:00.000000'),
(986, '0700', '0630', 'Breakfast', 'm', 115, '0000-00-00 00:00:00.000000', '0000-00-00 00:00:00.000000'),
(987, '0800', '0700', 'Commute/Prepare for work', 'c', 101, '0000-00-00 00:00:00.000000', '0000-00-00 00:00:00.000000'),
(988, '0800', '0700', 'Commute/Prepare for work', 'c', 108, '0000-00-00 00:00:00.000000', '0000-00-00 00:00:00.000000'),
(989, '0800', '0700', 'Commute/Prepare for work', 'c', 115, '0000-00-00 00:00:00.000000', '0000-00-00 00:00:00.000000'),
(990, '0900', '0800', 'Prepare for class/School work', 'c', 101, '0000-00-00 00:00:00.000000', '0000-00-00 00:00:00.000000'),
(991, '0900', '0800', 'Prepare for class/School work', 'c', 108, '0000-00-00 00:00:00.000000', '0000-00-00 00:00:00.000000'),
(992, '0900', '0800', 'Prepare for class/School work', 'c', 115, '0000-00-00 00:00:00.000000', '0000-00-00 00:00:00.000000'),
(993, '1200', '0900', 'Teaching/School work', 'c', 101, '0000-00-00 00:00:00.000000', '0000-00-00 00:00:00.000000'),
(994, '1200', '0900', 'Teaching/School work', 'c', 108, '0000-00-00 00:00:00.000000', '0000-00-00 00:00:00.000000'),
(995, '1200', '0900', 'Teaching/School work', 'c', 115, '0000-00-00 00:00:00.000000', '0000-00-00 00:00:00.000000'),
(996, '1300', '1200', 'Lunch', 'm', 101, '0000-00-00 00:00:00.000000', '0000-00-00 00:00:00.000000'),
(997, '1300', '1200', 'Lunch', 'm', 108, '0000-00-00 00:00:00.000000', '0000-00-00 00:00:00.000000'),
(998, '1300', '1200', 'Lunch', 'm', 115, '0000-00-00 00:00:00.000000', '0000-00-00 00:00:00.000000'),
(999, '1800', '1300', 'Teaching/School work', 'c', 101, '0000-00-00 00:00:00.000000', '0000-00-00 00:00:00.000000'),
(1000, '1800', '1300', 'Teaching/School work', 'c', 108, '0000-00-00 00:00:00.000000', '0000-00-00 00:00:00.000000'),
(1001, '1800', '1300', 'Teaching/School work', 'c', 115, '0000-00-00 00:00:00.000000', '0000-00-00 00:00:00.000000'),
(1002, '1830', '1800', 'Commute', 'c', 101, '0000-00-00 00:00:00.000000', '0000-00-00 00:00:00.000000'),
(1003, '1830', '1800', 'Commute', 'c', 108, '0000-00-00 00:00:00.000000', '0000-00-00 00:00:00.000000'),
(1004, '1830', '1800', 'Commute', 'c', 115, '0000-00-00 00:00:00.000000', '0000-00-00 00:00:00.000000'),
(1005, '1900', '1830', 'Dinner', 'm', 101, '0000-00-00 00:00:00.000000', '0000-00-00 00:00:00.000000'),
(1006, '1900', '1830', 'Dinner', 'm', 108, '0000-00-00 00:00:00.000000', '0000-00-00 00:00:00.000000'),
(1007, '1900', '1830', 'Dinner', 'm', 115, '0000-00-00 00:00:00.000000', '0000-00-00 00:00:00.000000'),
(1008, '2200', '1900', 'Free time/Family time/Grading', 'c', 101, '0000-00-00 00:00:00.000000', '0000-00-00 00:00:00.000000'),
(1009, '2200', '1900', 'Free time/Family time/Grading', 'c', 108, '0000-00-00 00:00:00.000000', '0000-00-00 00:00:00.000000'),
(1010, '2200', '1900', 'Free time/Family time/Grading', 'c', 115, '0000-00-00 00:00:00.000000', '0000-00-00 00:00:00.000000'),
(1011, '2300', '2200', 'Prepare for sleep', 'h', 101, '0000-00-00 00:00:00.000000', '0000-00-00 00:00:00.000000'),
(1012, '2300', '2200', 'Prepare for sleep', 'h', 108, '0000-00-00 00:00:00.000000', '0000-00-00 00:00:00.000000'),
(1013, '2300', '2200', 'Prepare for sleep', 'h', 115, '0000-00-00 00:00:00.000000', '0000-00-00 00:00:00.000000'),
(1014, '2400', '2300', 'Sleep', 'h', 101, '0000-00-00 00:00:00.000000', '0000-00-00 00:00:00.000000'),
(1015, '2400', '2300', 'Sleep', 'h', 108, '0000-00-00 00:00:00.000000', '0000-00-00 00:00:00.000000'),
(1016, '2400', '2300', 'Sleep', 'h', 115, '0000-00-00 00:00:00.000000', '0000-00-00 00:00:00.000000'),
(1017, '0600', '0000', 'Sleep', 'h', 102, '0000-00-00 00:00:00.000000', '0000-00-00 00:00:00.000000'),
(1018, '0600', '0000', 'Sleep', 'h', 109, '0000-00-00 00:00:00.000000', '0000-00-00 00:00:00.000000'),
(1019, '0600', '0000', 'Sleep', 'h', 116, '0000-00-00 00:00:00.000000', '0000-00-00 00:00:00.000000'),
(1020, '0630', '0600', 'Wake up, drink water', 'h', 102, '0000-00-00 00:00:00.000000', '0000-00-00 00:00:00.000000'),
(1021, '0630', '0600', 'Wake up, drink water', 'h', 109, '0000-00-00 00:00:00.000000', '0000-00-00 00:00:00.000000'),
(1022, '0630', '0600', 'Wake up, drink water', 'h', 116, '0000-00-00 00:00:00.000000', '0000-00-00 00:00:00.000000'),
(1023, '0700', '0630', 'Breakfast', 'm', 102, '0000-00-00 00:00:00.000000', '0000-00-00 00:00:00.000000'),
(1024, '0700', '0630', 'Breakfast', 'm', 109, '0000-00-00 00:00:00.000000', '0000-00-00 00:00:00.000000'),
(1025, '0700', '0630', 'Breakfast', 'm', 116, '0000-00-00 00:00:00.000000', '0000-00-00 00:00:00.000000'),
(1026, '0800', '0700', 'Commute/Prepare for work', 'c', 102, '0000-00-00 00:00:00.000000', '0000-00-00 00:00:00.000000'),
(1027, '0800', '0700', 'Commute/Prepare for work', 'c', 109, '0000-00-00 00:00:00.000000', '0000-00-00 00:00:00.000000'),
(1028, '0800', '0700', 'Commute/Prepare for work', 'c', 116, '0000-00-00 00:00:00.000000', '0000-00-00 00:00:00.000000'),
(1029, '0900', '0800', 'Prepare for class/School work', 'c', 102, '0000-00-00 00:00:00.000000', '0000-00-00 00:00:00.000000'),
(1030, '0900', '0800', 'Prepare for class/School work', 'c', 109, '0000-00-00 00:00:00.000000', '0000-00-00 00:00:00.000000'),
(1031, '0900', '0800', 'Prepare for class/School work', 'c', 116, '0000-00-00 00:00:00.000000', '0000-00-00 00:00:00.000000'),
(1032, '1200', '0900', 'Teaching/School work', 'c', 102, '0000-00-00 00:00:00.000000', '0000-00-00 00:00:00.000000'),
(1033, '1200', '0900', 'Teaching/School work', 'c', 109, '0000-00-00 00:00:00.000000', '0000-00-00 00:00:00.000000'),
(1034, '1200', '0900', 'Teaching/School work', 'c', 116, '0000-00-00 00:00:00.000000', '0000-00-00 00:00:00.000000'),
(1035, '1300', '1200', 'Lunch', 'm', 102, '0000-00-00 00:00:00.000000', '0000-00-00 00:00:00.000000'),
(1036, '1300', '1200', 'Lunch', 'm', 109, '0000-00-00 00:00:00.000000', '0000-00-00 00:00:00.000000'),
(1037, '1300', '1200', 'Lunch', 'm', 116, '0000-00-00 00:00:00.000000', '0000-00-00 00:00:00.000000'),
(1038, '1800', '1300', 'Teaching/School work', 'c', 102, '0000-00-00 00:00:00.000000', '0000-00-00 00:00:00.000000'),
(1039, '1800', '1300', 'Teaching/School work', 'c', 109, '0000-00-00 00:00:00.000000', '0000-00-00 00:00:00.000000'),
(1040, '1800', '1300', 'Teaching/School work', 'c', 116, '0000-00-00 00:00:00.000000', '0000-00-00 00:00:00.000000'),
(1041, '1830', '1800', 'Commute', 'c', 102, '0000-00-00 00:00:00.000000', '0000-00-00 00:00:00.000000'),
(1042, '1830', '1800', 'Commute', 'c', 109, '0000-00-00 00:00:00.000000', '0000-00-00 00:00:00.000000'),
(1043, '1830', '1800', 'Commute', 'c', 116, '0000-00-00 00:00:00.000000', '0000-00-00 00:00:00.000000'),
(1044, '1900', '1830', 'Dinner', 'm', 102, '0000-00-00 00:00:00.000000', '0000-00-00 00:00:00.000000'),
(1045, '1900', '1830', 'Dinner', 'm', 109, '0000-00-00 00:00:00.000000', '0000-00-00 00:00:00.000000'),
(1046, '1900', '1830', 'Dinner', 'm', 116, '0000-00-00 00:00:00.000000', '0000-00-00 00:00:00.000000'),
(1047, '2200', '1900', 'Free time/Family time/Grading', 'c', 102, '0000-00-00 00:00:00.000000', '0000-00-00 00:00:00.000000'),
(1048, '2200', '1900', 'Free time/Family time/Grading', 'c', 109, '0000-00-00 00:00:00.000000', '0000-00-00 00:00:00.000000'),
(1049, '2200', '1900', 'Free time/Family time/Grading', 'c', 116, '0000-00-00 00:00:00.000000', '0000-00-00 00:00:00.000000'),
(1050, '2300', '2200', 'Prepare for sleep', 'h', 102, '0000-00-00 00:00:00.000000', '0000-00-00 00:00:00.000000'),
(1051, '2300', '2200', 'Prepare for sleep', 'h', 109, '0000-00-00 00:00:00.000000', '0000-00-00 00:00:00.000000'),
(1052, '2300', '2200', 'Prepare for sleep', 'h', 116, '0000-00-00 00:00:00.000000', '0000-00-00 00:00:00.000000'),
(1053, '2400', '2300', 'Sleep', 'h', 102, '0000-00-00 00:00:00.000000', '0000-00-00 00:00:00.000000'),
(1054, '2400', '2300', 'Sleep', 'h', 109, '0000-00-00 00:00:00.000000', '0000-00-00 00:00:00.000000'),
(1055, '2400', '2300', 'Sleep', 'h', 116, '0000-00-00 00:00:00.000000', '0000-00-00 00:00:00.000000'),
(1056, '0700', '0000', 'Sleep', 'h', 103, '0000-00-00 00:00:00.000000', '0000-00-00 00:00:00.000000'),
(1057, '0700', '0000', 'Sleep', 'h', 110, '0000-00-00 00:00:00.000000', '0000-00-00 00:00:00.000000'),
(1058, '0700', '0000', 'Sleep', 'h', 117, '0000-00-00 00:00:00.000000', '0000-00-00 00:00:00.000000'),
(1059, '0730', '0700', 'Wake up, drink water', 'h', 103, '0000-00-00 00:00:00.000000', '0000-00-00 00:00:00.000000'),
(1060, '0730', '0700', 'Wake up, drink water', 'h', 110, '0000-00-00 00:00:00.000000', '0000-00-00 00:00:00.000000'),
(1061, '0730', '0700', 'Wake up, drink water', 'h', 117, '0000-00-00 00:00:00.000000', '0000-00-00 00:00:00.000000'),
(1062, '0800', '0730', 'Breakfast', 'm', 103, '0000-00-00 00:00:00.000000', '0000-00-00 00:00:00.000000'),
(1063, '0800', '0730', 'Breakfast', 'm', 110, '0000-00-00 00:00:00.000000', '0000-00-00 00:00:00.000000'),
(1064, '0800', '0730', 'Breakfast', 'm', 117, '0000-00-00 00:00:00.000000', '0000-00-00 00:00:00.000000'),
(1065, '1200', '0800', 'Free time/Errands/Chores/Hobbies', 'c', 103, '0000-00-00 00:00:00.000000', '0000-00-00 00:00:00.000000'),
(1066, '1200', '0800', 'Free time/Errands/Chores/Hobbies', 'c', 110, '0000-00-00 00:00:00.000000', '0000-00-00 00:00:00.000000'),
(1067, '1200', '0800', 'Free time/Errands/Chores/Hobbies', 'c', 117, '0000-00-00 00:00:00.000000', '0000-00-00 00:00:00.000000'),
(1068, '1300', '1200', 'Lunch', 'm', 103, '0000-00-00 00:00:00.000000', '0000-00-00 00:00:00.000000'),
(1069, '1300', '1200', 'Lunch', 'm', 110, '0000-00-00 00:00:00.000000', '0000-00-00 00:00:00.000000'),
(1070, '1300', '1200', 'Lunch', 'm', 117, '0000-00-00 00:00:00.000000', '0000-00-00 00:00:00.000000'),
(1071, '1700', '1300', 'Outdoor activities/Social/Family Time', 'c', 103, '0000-00-00 00:00:00.000000', '0000-00-00 00:00:00.000000');
INSERT INTO `schedule_task` (`id`, `end_time`, `start_time`, `title`, `type`, `schedule_id`, `end_date_time`, `start_date_time`) VALUES
(1072, '1700', '1300', 'Outdoor activities/Social/Family Time', 'c', 110, '0000-00-00 00:00:00.000000', '0000-00-00 00:00:00.000000'),
(1073, '1700', '1300', 'Outdoor activities/Social/Family Time', 'c', 117, '0000-00-00 00:00:00.000000', '0000-00-00 00:00:00.000000'),
(1074, '1800', '1700', 'Dinner', 'm', 103, '0000-00-00 00:00:00.000000', '0000-00-00 00:00:00.000000'),
(1075, '1800', '1700', 'Dinner', 'm', 110, '0000-00-00 00:00:00.000000', '0000-00-00 00:00:00.000000'),
(1076, '1800', '1700', 'Dinner', 'm', 117, '0000-00-00 00:00:00.000000', '0000-00-00 00:00:00.000000'),
(1077, '2200', '1800', 'Family time/Relax', 'c', 103, '0000-00-00 00:00:00.000000', '0000-00-00 00:00:00.000000'),
(1078, '2200', '1800', 'Family time/Relax', 'c', 110, '0000-00-00 00:00:00.000000', '0000-00-00 00:00:00.000000'),
(1079, '2200', '1800', 'Family time/Relax', 'c', 117, '0000-00-00 00:00:00.000000', '0000-00-00 00:00:00.000000'),
(1080, '2400', '2200', 'Sleep', 'h', 103, '0000-00-00 00:00:00.000000', '0000-00-00 00:00:00.000000'),
(1081, '2400', '2200', 'Sleep', 'h', 110, '0000-00-00 00:00:00.000000', '0000-00-00 00:00:00.000000'),
(1082, '2400', '2200', 'Sleep', 'h', 117, '0000-00-00 00:00:00.000000', '0000-00-00 00:00:00.000000'),
(1083, '0800', '0000', 'Sleep', 'h', 104, '0000-00-00 00:00:00.000000', '0000-00-00 00:00:00.000000'),
(1084, '0800', '0000', 'Sleep', 'h', 111, '0000-00-00 00:00:00.000000', '0000-00-00 00:00:00.000000'),
(1085, '0800', '0000', 'Sleep', 'h', 118, '0000-00-00 00:00:00.000000', '0000-00-00 00:00:00.000000'),
(1086, '0900', '0800', 'Brunch', 'm', 104, '0000-00-00 00:00:00.000000', '0000-00-00 00:00:00.000000'),
(1087, '0900', '0800', 'Brunch', 'm', 111, '0000-00-00 00:00:00.000000', '0000-00-00 00:00:00.000000'),
(1088, '0900', '0800', 'Brunch', 'm', 118, '0000-00-00 00:00:00.000000', '0000-00-00 00:00:00.000000'),
(1089, '1200', '0900', 'Relax/Hobbies/Family time', 'c', 104, '0000-00-00 00:00:00.000000', '0000-00-00 00:00:00.000000'),
(1090, '1200', '0900', 'Relax/Hobbies/Family time', 'c', 111, '0000-00-00 00:00:00.000000', '0000-00-00 00:00:00.000000'),
(1091, '1200', '0900', 'Relax/Hobbies/Family time', 'c', 118, '0000-00-00 00:00:00.000000', '0000-00-00 00:00:00.000000'),
(1092, '1700', '1200', 'Meal prep/Prepare for week/Family Time', 'c', 104, '0000-00-00 00:00:00.000000', '0000-00-00 00:00:00.000000'),
(1093, '1700', '1200', 'Meal prep/Prepare for week/Family Time', 'c', 111, '0000-00-00 00:00:00.000000', '0000-00-00 00:00:00.000000'),
(1094, '1700', '1200', 'Meal prep/Prepare for week/Family Time', 'c', 118, '0000-00-00 00:00:00.000000', '0000-00-00 00:00:00.000000'),
(1095, '1800', '1700', 'Dinner', 'm', 104, '0000-00-00 00:00:00.000000', '0000-00-00 00:00:00.000000'),
(1096, '1800', '1700', 'Dinner', 'm', 111, '0000-00-00 00:00:00.000000', '0000-00-00 00:00:00.000000'),
(1097, '1800', '1700', 'Dinner', 'm', 118, '0000-00-00 00:00:00.000000', '0000-00-00 00:00:00.000000'),
(1098, '2200', '1800', 'Relax/Prepare for the week', 'c', 104, '0000-00-00 00:00:00.000000', '0000-00-00 00:00:00.000000'),
(1099, '2200', '1800', 'Relax/Prepare for the week', 'c', 111, '0000-00-00 00:00:00.000000', '0000-00-00 00:00:00.000000'),
(1100, '2200', '1800', 'Relax/Prepare for the week', 'c', 118, '0000-00-00 00:00:00.000000', '0000-00-00 00:00:00.000000'),
(1101, '2400', '2200', 'Sleep', 'h', 104, '0000-00-00 00:00:00.000000', '0000-00-00 00:00:00.000000'),
(1102, '2400', '2200', 'Sleep', 'h', 111, '0000-00-00 00:00:00.000000', '0000-00-00 00:00:00.000000'),
(1103, '2400', '2200', 'Sleep', 'h', 118, '0000-00-00 00:00:00.000000', '0000-00-00 00:00:00.000000'),
(1104, '0600', '0000', 'Sleep', 'h', 119, '0000-00-00 00:00:00.000000', '0000-00-00 00:00:00.000000'),
(1105, '0630', '0600', 'Wake up, mindfulness/meditation', 'h', 119, '0000-00-00 00:00:00.000000', '0000-00-00 00:00:00.000000'),
(1106, '0700', '0630', 'Light breakfast', 'm', 119, '0000-00-00 00:00:00.000000', '0000-00-00 00:00:00.000000'),
(1107, '0900', '0700', 'Prepare for work/Commute', 'c', 119, '0000-00-00 00:00:00.000000', '0000-00-00 00:00:00.000000'),
(1108, '1200', '0900', 'Work', 'c', 119, '0000-00-00 00:00:00.000000', '0000-00-00 00:00:00.000000'),
(1109, '1300', '1200', 'Lunch', 'm', 119, '0000-00-00 00:00:00.000000', '0000-00-00 00:00:00.000000'),
(1110, '1800', '1300', 'Work', 'c', 119, '0000-00-00 00:00:00.000000', '0000-00-00 00:00:00.000000'),
(1111, '1900', '1800', 'Dinner', 'm', 119, '0000-00-00 00:00:00.000000', '0000-00-00 00:00:00.000000'),
(1112, '2100', '1900', 'Family time/Relax', 'c', 119, '0000-00-00 00:00:00.000000', '0000-00-00 00:00:00.000000'),
(1113, '2200', '2100', 'Exercise/Yoga', 's', 119, '0000-00-00 00:00:00.000000', '0000-00-00 00:00:00.000000'),
(1114, '2400', '2200', 'Sleep', 'h', 119, '0000-00-00 00:00:00.000000', '0000-00-00 00:00:00.000000'),
(1115, '0600', '0000', 'Sleep', 'h', 120, '0000-00-00 00:00:00.000000', '0000-00-00 00:00:00.000000'),
(1116, '0630', '0600', 'Wake up, mindfulness/meditation', 'h', 120, '0000-00-00 00:00:00.000000', '0000-00-00 00:00:00.000000'),
(1117, '0700', '0630', 'Light breakfast', 'm', 120, '0000-00-00 00:00:00.000000', '0000-00-00 00:00:00.000000'),
(1118, '0900', '0700', 'Prepare for work/Commute', 'c', 120, '0000-00-00 00:00:00.000000', '0000-00-00 00:00:00.000000'),
(1119, '1200', '0900', 'Work', 'c', 120, '0000-00-00 00:00:00.000000', '0000-00-00 00:00:00.000000'),
(1120, '1300', '1200', 'Lunch', 'm', 120, '0000-00-00 00:00:00.000000', '0000-00-00 00:00:00.000000'),
(1121, '1800', '1300', 'Work', 'c', 120, '0000-00-00 00:00:00.000000', '0000-00-00 00:00:00.000000'),
(1122, '1900', '1800', 'Dinner', 'm', 120, '0000-00-00 00:00:00.000000', '0000-00-00 00:00:00.000000'),
(1123, '2100', '1900', 'Family time/Relax', 'c', 120, '0000-00-00 00:00:00.000000', '0000-00-00 00:00:00.000000'),
(1124, '2200', '2100', 'Exercise/Yoga', 's', 120, '0000-00-00 00:00:00.000000', '0000-00-00 00:00:00.000000'),
(1125, '2400', '2200', 'Sleep', 'h', 120, '0000-00-00 00:00:00.000000', '0000-00-00 00:00:00.000000'),
(1126, '0600', '0000', 'Sleep', 'h', 121, '0000-00-00 00:00:00.000000', '0000-00-00 00:00:00.000000'),
(1127, '0630', '0600', 'Wake up, mindfulness/meditation', 'h', 121, '0000-00-00 00:00:00.000000', '0000-00-00 00:00:00.000000'),
(1128, '0700', '0630', 'Light breakfast', 'm', 121, '0000-00-00 00:00:00.000000', '0000-00-00 00:00:00.000000'),
(1129, '0900', '0700', 'Prepare for work/Commute', 'c', 121, '0000-00-00 00:00:00.000000', '0000-00-00 00:00:00.000000'),
(1130, '1200', '0900', 'Work', 'c', 121, '0000-00-00 00:00:00.000000', '0000-00-00 00:00:00.000000'),
(1131, '1300', '1200', 'Lunch', 'm', 121, '0000-00-00 00:00:00.000000', '0000-00-00 00:00:00.000000'),
(1132, '1800', '1300', 'Work', 'c', 121, '0000-00-00 00:00:00.000000', '0000-00-00 00:00:00.000000'),
(1133, '1900', '1800', 'Dinner', 'm', 121, '0000-00-00 00:00:00.000000', '0000-00-00 00:00:00.000000'),
(1134, '2100', '1900', 'Family time/Relax', 'c', 121, '0000-00-00 00:00:00.000000', '0000-00-00 00:00:00.000000'),
(1135, '2200', '2100', 'Exercise/Yoga', 's', 121, '0000-00-00 00:00:00.000000', '0000-00-00 00:00:00.000000'),
(1136, '2400', '2200', 'Sleep', 'h', 121, '0000-00-00 00:00:00.000000', '0000-00-00 00:00:00.000000'),
(1137, '0600', '0000', 'Sleep', 'h', 122, '0000-00-00 00:00:00.000000', '0000-00-00 00:00:00.000000'),
(1138, '0630', '0600', 'Wake up, mindfulness/meditation', 'h', 122, '0000-00-00 00:00:00.000000', '0000-00-00 00:00:00.000000'),
(1139, '0700', '0630', 'Light breakfast', 'm', 122, '0000-00-00 00:00:00.000000', '0000-00-00 00:00:00.000000'),
(1140, '0900', '0700', 'Prepare for work/Commute', 'c', 122, '0000-00-00 00:00:00.000000', '0000-00-00 00:00:00.000000'),
(1141, '1200', '0900', 'Work', 'c', 122, '0000-00-00 00:00:00.000000', '0000-00-00 00:00:00.000000'),
(1142, '1300', '1200', 'Lunch', 'm', 122, '0000-00-00 00:00:00.000000', '0000-00-00 00:00:00.000000'),
(1143, '1800', '1300', 'Work', 'c', 122, '0000-00-00 00:00:00.000000', '0000-00-00 00:00:00.000000'),
(1144, '1900', '1800', 'Dinner', 'm', 122, '0000-00-00 00:00:00.000000', '0000-00-00 00:00:00.000000'),
(1145, '2100', '1900', 'Family time/Relax', 'c', 122, '0000-00-00 00:00:00.000000', '0000-00-00 00:00:00.000000'),
(1146, '2200', '2100', 'Exercise/Yoga', 's', 122, '0000-00-00 00:00:00.000000', '0000-00-00 00:00:00.000000'),
(1147, '2400', '2200', 'Sleep', 'h', 122, '0000-00-00 00:00:00.000000', '0000-00-00 00:00:00.000000'),
(1148, '0600', '0000', 'Sleep', 'h', 123, '0000-00-00 00:00:00.000000', '0000-00-00 00:00:00.000000'),
(1149, '0630', '0600', 'Wake up, mindfulness/meditation', 'h', 123, '0000-00-00 00:00:00.000000', '0000-00-00 00:00:00.000000'),
(1150, '0700', '0630', 'Light breakfast', 'm', 123, '0000-00-00 00:00:00.000000', '0000-00-00 00:00:00.000000'),
(1151, '0900', '0700', 'Prepare for work/Commute', 'c', 123, '0000-00-00 00:00:00.000000', '0000-00-00 00:00:00.000000'),
(1152, '1200', '0900', 'Work', 'c', 123, '0000-00-00 00:00:00.000000', '0000-00-00 00:00:00.000000'),
(1153, '1300', '1200', 'Lunch', 'm', 123, '0000-00-00 00:00:00.000000', '0000-00-00 00:00:00.000000'),
(1154, '1800', '1300', 'Work', 'c', 123, '0000-00-00 00:00:00.000000', '0000-00-00 00:00:00.000000'),
(1155, '1900', '1800', 'Dinner', 'm', 123, '0000-00-00 00:00:00.000000', '0000-00-00 00:00:00.000000'),
(1156, '2100', '1900', 'Family time/Relax', 'c', 123, '0000-00-00 00:00:00.000000', '0000-00-00 00:00:00.000000'),
(1157, '2200', '2100', 'Exercise/Yoga', 's', 123, '0000-00-00 00:00:00.000000', '0000-00-00 00:00:00.000000'),
(1158, '2400', '2200', 'Sleep', 'h', 123, '0000-00-00 00:00:00.000000', '0000-00-00 00:00:00.000000'),
(1159, '0700', '0000', 'Sleep', 'h', 124, '0000-00-00 00:00:00.000000', '0000-00-00 00:00:00.000000'),
(1160, '0800', '0700', 'Leisurely breakfast', 'f', 124, '0000-00-00 00:00:00.000000', '0000-00-00 00:00:00.000000'),
(1161, '1000', '0800', 'Outdoor activities/Hobbies', 'c', 124, '0000-00-00 00:00:00.000000', '0000-00-00 00:00:00.000000'),
(1162, '1100', '1000', 'Exercise', 's', 124, '0000-00-00 00:00:00.000000', '0000-00-00 00:00:00.000000'),
(1163, '1200', '1100', 'Lunch', 'f', 124, '0000-00-00 00:00:00.000000', '0000-00-00 00:00:00.000000'),
(1164, '1800', '1200', 'Social activities/Family time/Errands', 'c', 124, '0000-00-00 00:00:00.000000', '0000-00-00 00:00:00.000000'),
(1165, '1900', '1800', 'Dinner', 'f', 124, '0000-00-00 00:00:00.000000', '0000-00-00 00:00:00.000000'),
(1166, '2300', '1900', 'Relax/Free time', 'c', 124, '0000-00-00 00:00:00.000000', '0000-00-00 00:00:00.000000'),
(1167, '2400', '2300', 'Sleep', 'h', 124, '0000-00-00 00:00:00.000000', '0000-00-00 00:00:00.000000'),
(1168, '0800', '0000', 'Sleep', 'h', 125, '0000-00-00 00:00:00.000000', '0000-00-00 00:00:00.000000'),
(1169, '0900', '0800', 'Breakfast', 'f', 125, '0000-00-00 00:00:00.000000', '0000-00-00 00:00:00.000000'),
(1170, '1200', '0900', 'Relax/Prepare for week', 'c', 125, '0000-00-00 00:00:00.000000', '0000-00-00 00:00:00.000000'),
(1171, '1300', '1200', 'Lunch', 'f', 125, '0000-00-00 00:00:00.000000', '0000-00-00 00:00:00.000000'),
(1172, '1700', '1300', 'Family time/Meal prep', 'c', 125, '0000-00-00 00:00:00.000000', '0000-00-00 00:00:00.000000'),
(1173, '1800', '1700', 'Dinner', 'f', 125, '0000-00-00 00:00:00.000000', '0000-00-00 00:00:00.000000'),
(1174, '2200', '1800', 'Relax/Wind down', 'c', 125, '0000-00-00 00:00:00.000000', '0000-00-00 00:00:00.000000'),
(1175, '2400', '2200', 'Sleep', 'h', 125, '0000-00-00 00:00:00.000000', '0000-00-00 00:00:00.000000'),
(1176, '0600', '0000', 'Sleep', 'h', 119, '0000-00-00 00:00:00.000000', '0000-00-00 00:00:00.000000'),
(1177, '0600', '0000', 'Sleep', 'h', 126, '0000-00-00 00:00:00.000000', '0000-00-00 00:00:00.000000'),
(1179, '0630', '0600', 'Wake up, drink water, light stretching', 'h', 119, '0000-00-00 00:00:00.000000', '0000-00-00 00:00:00.000000'),
(1180, '0630', '0600', 'Wake up, drink water, light stretching', 'h', 126, '0000-00-00 00:00:00.000000', '0000-00-00 00:00:00.000000'),
(1182, '0700', '0630', 'Breakfast', 'm', 119, '0000-00-00 00:00:00.000000', '0000-00-00 00:00:00.000000'),
(1183, '0700', '0630', 'Breakfast', 'm', 126, '0000-00-00 00:00:00.000000', '0000-00-00 00:00:00.000000'),
(1185, '0900', '0700', 'Work', 'c', 119, '0000-00-00 00:00:00.000000', '0000-00-00 00:00:00.000000'),
(1186, '0900', '0700', 'Work', 'c', 126, '0000-00-00 00:00:00.000000', '0000-00-00 00:00:00.000000'),
(1188, '1200', '0900', 'Free time/Personal Development', 'c', 119, '0000-00-00 00:00:00.000000', '0000-00-00 00:00:00.000000'),
(1189, '1200', '0900', 'Free time/Personal Development', 'c', 126, '0000-00-00 00:00:00.000000', '0000-00-00 00:00:00.000000'),
(1191, '1300', '1200', 'Lunch', 'm', 119, '0000-00-00 00:00:00.000000', '0000-00-00 00:00:00.000000'),
(1192, '1300', '1200', 'Lunch', 'm', 126, '0000-00-00 00:00:00.000000', '0000-00-00 00:00:00.000000'),
(1194, '1700', '1300', 'Work (if applicable) / Hobbies / Errands', 'c', 119, '0000-00-00 00:00:00.000000', '0000-00-00 00:00:00.000000'),
(1195, '1700', '1300', 'Work (if applicable) / Hobbies / Errands', 'c', 126, '0000-00-00 00:00:00.000000', '0000-00-00 00:00:00.000000'),
(1197, '1800', '1700', 'Exercise', 's', 119, '0000-00-00 00:00:00.000000', '0000-00-00 00:00:00.000000'),
(1198, '1800', '1700', 'Exercise', 's', 126, '0000-00-00 00:00:00.000000', '0000-00-00 00:00:00.000000'),
(1200, '1900', '1800', 'Dinner with family', 'm', 119, '0000-00-00 00:00:00.000000', '0000-00-00 00:00:00.000000'),
(1201, '1900', '1800', 'Dinner with family', 'm', 126, '0000-00-00 00:00:00.000000', '0000-00-00 00:00:00.000000'),
(1203, '2200', '1900', 'Family time / Social activities / Relax', 'c', 119, '0000-00-00 00:00:00.000000', '0000-00-00 00:00:00.000000'),
(1204, '2200', '1900', 'Family time / Social activities / Relax', 'c', 126, '0000-00-00 00:00:00.000000', '0000-00-00 00:00:00.000000'),
(1206, '2300', '2200', 'Prepare for sleep', 'h', 119, '0000-00-00 00:00:00.000000', '0000-00-00 00:00:00.000000'),
(1207, '2300', '2200', 'Prepare for sleep', 'h', 126, '0000-00-00 00:00:00.000000', '0000-00-00 00:00:00.000000'),
(1209, '2400', '2300', 'Sleep', 'h', 119, '0000-00-00 00:00:00.000000', '0000-00-00 00:00:00.000000'),
(1210, '2400', '2300', 'Sleep', 'h', 126, '0000-00-00 00:00:00.000000', '0000-00-00 00:00:00.000000'),
(1212, '0600', '0000', 'Sleep', 'h', 120, '0000-00-00 00:00:00.000000', '0000-00-00 00:00:00.000000'),
(1213, '0600', '0000', 'Sleep', 'h', 127, '0000-00-00 00:00:00.000000', '0000-00-00 00:00:00.000000'),
(1215, '0630', '0600', 'Wake up, drink water, light stretching', 'h', 120, '0000-00-00 00:00:00.000000', '0000-00-00 00:00:00.000000'),
(1216, '0630', '0600', 'Wake up, drink water, light stretching', 'h', 127, '0000-00-00 00:00:00.000000', '0000-00-00 00:00:00.000000'),
(1218, '0700', '0630', 'Breakfast', 'm', 120, '0000-00-00 00:00:00.000000', '0000-00-00 00:00:00.000000'),
(1219, '0700', '0630', 'Breakfast', 'm', 127, '0000-00-00 00:00:00.000000', '0000-00-00 00:00:00.000000'),
(1221, '0900', '0700', 'Work', 'c', 120, '0000-00-00 00:00:00.000000', '0000-00-00 00:00:00.000000'),
(1222, '0900', '0700', 'Work', 'c', 127, '0000-00-00 00:00:00.000000', '0000-00-00 00:00:00.000000'),
(1224, '1200', '0900', 'Free time/Personal Development', 'c', 120, '0000-00-00 00:00:00.000000', '0000-00-00 00:00:00.000000'),
(1225, '1200', '0900', 'Free time/Personal Development', 'c', 127, '0000-00-00 00:00:00.000000', '0000-00-00 00:00:00.000000'),
(1227, '1300', '1200', 'Lunch', 'm', 120, '0000-00-00 00:00:00.000000', '0000-00-00 00:00:00.000000'),
(1228, '1300', '1200', 'Lunch', 'm', 127, '0000-00-00 00:00:00.000000', '0000-00-00 00:00:00.000000'),
(1230, '1700', '1300', 'Work (if applicable) / Hobbies / Errands', 'c', 120, '0000-00-00 00:00:00.000000', '0000-00-00 00:00:00.000000'),
(1231, '1700', '1300', 'Work (if applicable) / Hobbies / Errands', 'c', 127, '0000-00-00 00:00:00.000000', '0000-00-00 00:00:00.000000'),
(1233, '1800', '1700', 'Exercise', 's', 120, '0000-00-00 00:00:00.000000', '0000-00-00 00:00:00.000000'),
(1234, '1800', '1700', 'Exercise', 's', 127, '0000-00-00 00:00:00.000000', '0000-00-00 00:00:00.000000'),
(1236, '1900', '1800', 'Dinner with family', 'm', 120, '0000-00-00 00:00:00.000000', '0000-00-00 00:00:00.000000'),
(1237, '1900', '1800', 'Dinner with family', 'm', 127, '0000-00-00 00:00:00.000000', '0000-00-00 00:00:00.000000'),
(1239, '2200', '1900', 'Family time / Social activities / Relax', 'c', 120, '0000-00-00 00:00:00.000000', '0000-00-00 00:00:00.000000'),
(1240, '2200', '1900', 'Family time / Social activities / Relax', 'c', 127, '0000-00-00 00:00:00.000000', '0000-00-00 00:00:00.000000'),
(1242, '2300', '2200', 'Prepare for sleep', 'h', 120, '0000-00-00 00:00:00.000000', '0000-00-00 00:00:00.000000'),
(1243, '2300', '2200', 'Prepare for sleep', 'h', 127, '0000-00-00 00:00:00.000000', '0000-00-00 00:00:00.000000'),
(1245, '2400', '2300', 'Sleep', 'h', 120, '0000-00-00 00:00:00.000000', '0000-00-00 00:00:00.000000'),
(1246, '2400', '2300', 'Sleep', 'h', 127, '0000-00-00 00:00:00.000000', '0000-00-00 00:00:00.000000'),
(1248, '0600', '0000', 'Sleep', 'h', 121, '0000-00-00 00:00:00.000000', '0000-00-00 00:00:00.000000'),
(1249, '0600', '0000', 'Sleep', 'h', 128, '0000-00-00 00:00:00.000000', '0000-00-00 00:00:00.000000'),
(1251, '0630', '0600', 'Wake up, drink water, light stretching', 'h', 121, '0000-00-00 00:00:00.000000', '0000-00-00 00:00:00.000000'),
(1252, '0630', '0600', 'Wake up, drink water, light stretching', 'h', 128, '0000-00-00 00:00:00.000000', '0000-00-00 00:00:00.000000'),
(1254, '0700', '0630', 'Breakfast', 'm', 121, '0000-00-00 00:00:00.000000', '0000-00-00 00:00:00.000000'),
(1255, '0700', '0630', 'Breakfast', 'm', 128, '0000-00-00 00:00:00.000000', '0000-00-00 00:00:00.000000'),
(1257, '0900', '0700', 'Work', 'c', 121, '0000-00-00 00:00:00.000000', '0000-00-00 00:00:00.000000'),
(1258, '0900', '0700', 'Work', 'c', 128, '0000-00-00 00:00:00.000000', '0000-00-00 00:00:00.000000'),
(1260, '1200', '0900', 'Free time/Personal Development', 'c', 121, '0000-00-00 00:00:00.000000', '0000-00-00 00:00:00.000000'),
(1261, '1200', '0900', 'Free time/Personal Development', 'c', 128, '0000-00-00 00:00:00.000000', '0000-00-00 00:00:00.000000'),
(1263, '1300', '1200', 'Lunch', 'm', 121, '0000-00-00 00:00:00.000000', '0000-00-00 00:00:00.000000'),
(1264, '1300', '1200', 'Lunch', 'm', 128, '0000-00-00 00:00:00.000000', '0000-00-00 00:00:00.000000'),
(1266, '1700', '1300', 'Work (if applicable) / Hobbies / Errands', 'c', 121, '0000-00-00 00:00:00.000000', '0000-00-00 00:00:00.000000'),
(1267, '1700', '1300', 'Work (if applicable) / Hobbies / Errands', 'c', 128, '0000-00-00 00:00:00.000000', '0000-00-00 00:00:00.000000'),
(1269, '1800', '1700', 'Exercise', 's', 121, '0000-00-00 00:00:00.000000', '0000-00-00 00:00:00.000000'),
(1270, '1800', '1700', 'Exercise', 's', 128, '0000-00-00 00:00:00.000000', '0000-00-00 00:00:00.000000'),
(1272, '1900', '1800', 'Dinner with family', 'm', 121, '0000-00-00 00:00:00.000000', '0000-00-00 00:00:00.000000'),
(1273, '1900', '1800', 'Dinner with family', 'm', 128, '0000-00-00 00:00:00.000000', '0000-00-00 00:00:00.000000'),
(1275, '2200', '1900', 'Family time / Social activities / Relax', 'c', 121, '0000-00-00 00:00:00.000000', '0000-00-00 00:00:00.000000'),
(1276, '2200', '1900', 'Family time / Social activities / Relax', 'c', 128, '0000-00-00 00:00:00.000000', '0000-00-00 00:00:00.000000'),
(1278, '2300', '2200', 'Prepare for sleep', 'h', 121, '0000-00-00 00:00:00.000000', '0000-00-00 00:00:00.000000'),
(1279, '2300', '2200', 'Prepare for sleep', 'h', 128, '0000-00-00 00:00:00.000000', '0000-00-00 00:00:00.000000'),
(1281, '2400', '2300', 'Sleep', 'h', 121, '0000-00-00 00:00:00.000000', '0000-00-00 00:00:00.000000'),
(1282, '2400', '2300', 'Sleep', 'h', 128, '0000-00-00 00:00:00.000000', '0000-00-00 00:00:00.000000'),
(1284, '0600', '0000', 'Sleep', 'h', 122, '0000-00-00 00:00:00.000000', '0000-00-00 00:00:00.000000'),
(1285, '0600', '0000', 'Sleep', 'h', 129, '0000-00-00 00:00:00.000000', '0000-00-00 00:00:00.000000'),
(1287, '0630', '0600', 'Wake up, drink water, light stretching', 'h', 122, '0000-00-00 00:00:00.000000', '0000-00-00 00:00:00.000000'),
(1288, '0630', '0600', 'Wake up, drink water, light stretching', 'h', 129, '0000-00-00 00:00:00.000000', '0000-00-00 00:00:00.000000'),
(1290, '0700', '0630', 'Breakfast', 'm', 122, '0000-00-00 00:00:00.000000', '0000-00-00 00:00:00.000000'),
(1291, '0700', '0630', 'Breakfast', 'm', 129, '0000-00-00 00:00:00.000000', '0000-00-00 00:00:00.000000'),
(1293, '0900', '0700', 'Work', 'c', 122, '0000-00-00 00:00:00.000000', '0000-00-00 00:00:00.000000'),
(1294, '0900', '0700', 'Work', 'c', 129, '0000-00-00 00:00:00.000000', '0000-00-00 00:00:00.000000'),
(1296, '1200', '0900', 'Free time/Personal Development', 'c', 122, '0000-00-00 00:00:00.000000', '0000-00-00 00:00:00.000000'),
(1297, '1200', '0900', 'Free time/Personal Development', 'c', 129, '0000-00-00 00:00:00.000000', '0000-00-00 00:00:00.000000'),
(1299, '1300', '1200', 'Lunch', 'm', 122, '0000-00-00 00:00:00.000000', '0000-00-00 00:00:00.000000'),
(1300, '1300', '1200', 'Lunch', 'm', 129, '0000-00-00 00:00:00.000000', '0000-00-00 00:00:00.000000'),
(1302, '1700', '1300', 'Work (if applicable) / Hobbies / Errands', 'c', 122, '0000-00-00 00:00:00.000000', '0000-00-00 00:00:00.000000'),
(1303, '1700', '1300', 'Work (if applicable) / Hobbies / Errands', 'c', 129, '0000-00-00 00:00:00.000000', '0000-00-00 00:00:00.000000'),
(1305, '1800', '1700', 'Exercise', 's', 122, '0000-00-00 00:00:00.000000', '0000-00-00 00:00:00.000000'),
(1306, '1800', '1700', 'Exercise', 's', 129, '0000-00-00 00:00:00.000000', '0000-00-00 00:00:00.000000'),
(1308, '1900', '1800', 'Dinner with family', 'm', 122, '0000-00-00 00:00:00.000000', '0000-00-00 00:00:00.000000'),
(1309, '1900', '1800', 'Dinner with family', 'm', 129, '0000-00-00 00:00:00.000000', '0000-00-00 00:00:00.000000'),
(1311, '2200', '1900', 'Family time / Social activities / Relax', 'c', 122, '0000-00-00 00:00:00.000000', '0000-00-00 00:00:00.000000'),
(1312, '2200', '1900', 'Family time / Social activities / Relax', 'c', 129, '0000-00-00 00:00:00.000000', '0000-00-00 00:00:00.000000'),
(1314, '2300', '2200', 'Prepare for sleep', 'h', 122, '0000-00-00 00:00:00.000000', '0000-00-00 00:00:00.000000'),
(1315, '2300', '2200', 'Prepare for sleep', 'h', 129, '0000-00-00 00:00:00.000000', '0000-00-00 00:00:00.000000'),
(1317, '2400', '2300', 'Sleep', 'h', 122, '0000-00-00 00:00:00.000000', '0000-00-00 00:00:00.000000'),
(1318, '2400', '2300', 'Sleep', 'h', 129, '0000-00-00 00:00:00.000000', '0000-00-00 00:00:00.000000'),
(1320, '0600', '0000', 'Sleep', 'h', 123, '0000-00-00 00:00:00.000000', '0000-00-00 00:00:00.000000'),
(1321, '0600', '0000', 'Sleep', 'h', 130, '0000-00-00 00:00:00.000000', '0000-00-00 00:00:00.000000'),
(1323, '0630', '0600', 'Wake up, drink water, light stretching', 'h', 123, '0000-00-00 00:00:00.000000', '0000-00-00 00:00:00.000000'),
(1324, '0630', '0600', 'Wake up, drink water, light stretching', 'h', 130, '0000-00-00 00:00:00.000000', '0000-00-00 00:00:00.000000'),
(1326, '0700', '0630', 'Breakfast', 'm', 123, '0000-00-00 00:00:00.000000', '0000-00-00 00:00:00.000000'),
(1327, '0700', '0630', 'Breakfast', 'm', 130, '0000-00-00 00:00:00.000000', '0000-00-00 00:00:00.000000'),
(1329, '0900', '0700', 'Work', 'c', 123, '0000-00-00 00:00:00.000000', '0000-00-00 00:00:00.000000'),
(1330, '0900', '0700', 'Work', 'c', 130, '0000-00-00 00:00:00.000000', '0000-00-00 00:00:00.000000'),
(1332, '1200', '0900', 'Free time/Personal Development', 'c', 123, '0000-00-00 00:00:00.000000', '0000-00-00 00:00:00.000000'),
(1333, '1200', '0900', 'Free time/Personal Development', 'c', 130, '0000-00-00 00:00:00.000000', '0000-00-00 00:00:00.000000'),
(1335, '1300', '1200', 'Lunch', 'm', 123, '0000-00-00 00:00:00.000000', '0000-00-00 00:00:00.000000'),
(1336, '1300', '1200', 'Lunch', 'm', 130, '0000-00-00 00:00:00.000000', '0000-00-00 00:00:00.000000'),
(1338, '1700', '1300', 'Work (if applicable) / Hobbies / Errands', 'c', 123, '0000-00-00 00:00:00.000000', '0000-00-00 00:00:00.000000'),
(1339, '1700', '1300', 'Work (if applicable) / Hobbies / Errands', 'c', 130, '0000-00-00 00:00:00.000000', '0000-00-00 00:00:00.000000'),
(1341, '1800', '1700', 'Exercise', 's', 123, '0000-00-00 00:00:00.000000', '0000-00-00 00:00:00.000000'),
(1342, '1800', '1700', 'Exercise', 's', 130, '0000-00-00 00:00:00.000000', '0000-00-00 00:00:00.000000'),
(1344, '1900', '1800', 'Dinner with family', 'm', 123, '0000-00-00 00:00:00.000000', '0000-00-00 00:00:00.000000'),
(1345, '1900', '1800', 'Dinner with family', 'm', 130, '0000-00-00 00:00:00.000000', '0000-00-00 00:00:00.000000'),
(1347, '2200', '1900', 'Family time / Social activities / Relax', 'c', 123, '0000-00-00 00:00:00.000000', '0000-00-00 00:00:00.000000'),
(1348, '2200', '1900', 'Family time / Social activities / Relax', 'c', 130, '0000-00-00 00:00:00.000000', '0000-00-00 00:00:00.000000'),
(1350, '2300', '2200', 'Prepare for sleep', 'h', 123, '0000-00-00 00:00:00.000000', '0000-00-00 00:00:00.000000'),
(1351, '2300', '2200', 'Prepare for sleep', 'h', 130, '0000-00-00 00:00:00.000000', '0000-00-00 00:00:00.000000'),
(1353, '2400', '2300', 'Sleep', 'h', 123, '0000-00-00 00:00:00.000000', '0000-00-00 00:00:00.000000'),
(1354, '2400', '2300', 'Sleep', 'h', 130, '0000-00-00 00:00:00.000000', '0000-00-00 00:00:00.000000'),
(1356, '0800', '0000', 'Sleep', 'h', 124, '0000-00-00 00:00:00.000000', '0000-00-00 00:00:00.000000'),
(1357, '0800', '0000', 'Sleep', 'h', 131, '0000-00-00 00:00:00.000000', '0000-00-00 00:00:00.000000'),
(1359, '0900', '0800', 'Wake up, hydrate', 'h', 124, '0000-00-00 00:00:00.000000', '0000-00-00 00:00:00.000000'),
(1360, '0900', '0800', 'Wake up, hydrate', 'h', 131, '0000-00-00 00:00:00.000000', '0000-00-00 00:00:00.000000'),
(1362, '1000', '0900', 'Leisurely breakfast/brunch', 'f', 124, '0000-00-00 00:00:00.000000', '0000-00-00 00:00:00.000000'),
(1363, '1000', '0900', 'Leisurely breakfast/brunch', 'f', 131, '0000-00-00 00:00:00.000000', '0000-00-00 00:00:00.000000'),
(1365, '1300', '1000', 'Exercise/Outdoor activities', 's', 124, '0000-00-00 00:00:00.000000', '0000-00-00 00:00:00.000000'),
(1366, '1300', '1000', 'Exercise/Outdoor activities', 's', 131, '0000-00-00 00:00:00.000000', '0000-00-00 00:00:00.000000'),
(1368, '1400', '1300', 'Lunch', 'f', 124, '0000-00-00 00:00:00.000000', '0000-00-00 00:00:00.000000'),
(1369, '1400', '1300', 'Lunch', 'f', 131, '0000-00-00 00:00:00.000000', '0000-00-00 00:00:00.000000'),
(1371, '1800', '1400', 'Social activities / Hobbies', 'c', 124, '0000-00-00 00:00:00.000000', '0000-00-00 00:00:00.000000'),
(1372, '1800', '1400', 'Social activities / Hobbies', 'c', 131, '0000-00-00 00:00:00.000000', '0000-00-00 00:00:00.000000'),
(1374, '2000', '1800', 'Dinner', 'f', 124, '0000-00-00 00:00:00.000000', '0000-00-00 00:00:00.000000'),
(1375, '2000', '1800', 'Dinner', 'f', 131, '0000-00-00 00:00:00.000000', '0000-00-00 00:00:00.000000'),
(1377, '2300', '2000', 'Family Time / Movies / Relaxation', 'c', 124, '0000-00-00 00:00:00.000000', '0000-00-00 00:00:00.000000'),
(1378, '2300', '2000', 'Family Time / Movies / Relaxation', 'c', 131, '0000-00-00 00:00:00.000000', '0000-00-00 00:00:00.000000'),
(1380, '2400', '2300', 'Sleep', 'h', 124, '0000-00-00 00:00:00.000000', '0000-00-00 00:00:00.000000'),
(1381, '2400', '2300', 'Sleep', 'h', 131, '0000-00-00 00:00:00.000000', '0000-00-00 00:00:00.000000'),
(1383, '0900', '0000', 'Sleep', 'h', 125, '0000-00-00 00:00:00.000000', '0000-00-00 00:00:00.000000'),
(1384, '0900', '0000', 'Sleep', 'h', 132, '0000-00-00 00:00:00.000000', '0000-00-00 00:00:00.000000'),
(1386, '1000', '0900', 'Brunch', 'f', 125, '0000-00-00 00:00:00.000000', '0000-00-00 00:00:00.000000'),
(1387, '1000', '0900', 'Brunch', 'f', 132, '0000-00-00 00:00:00.000000', '0000-00-00 00:00:00.000000'),
(1389, '1400', '1000', 'Relaxing activities / Hobbies / Reading', 'c', 125, '0000-00-00 00:00:00.000000', '0000-00-00 00:00:00.000000'),
(1390, '1400', '1000', 'Relaxing activities / Hobbies / Reading', 'c', 132, '0000-00-00 00:00:00.000000', '0000-00-00 00:00:00.000000'),
(1392, '1500', '1400', 'Lunch', 'f', 125, '0000-00-00 00:00:00.000000', '0000-00-00 00:00:00.000000'),
(1393, '1500', '1400', 'Lunch', 'f', 132, '0000-00-00 00:00:00.000000', '0000-00-00 00:00:00.000000'),
(1395, '1900', '1500', 'Family time / Prepare for the week', 'c', 125, '0000-00-00 00:00:00.000000', '0000-00-00 00:00:00.000000'),
(1396, '1900', '1500', 'Family time / Prepare for the week', 'c', 132, '0000-00-00 00:00:00.000000', '0000-00-00 00:00:00.000000'),
(1398, '2000', '1900', 'Dinner', 'f', 125, '0000-00-00 00:00:00.000000', '0000-00-00 00:00:00.000000'),
(1399, '2000', '1900', 'Dinner', 'f', 132, '0000-00-00 00:00:00.000000', '0000-00-00 00:00:00.000000'),
(1401, '2200', '2000', 'Wind-down routine', 'c', 125, '0000-00-00 00:00:00.000000', '0000-00-00 00:00:00.000000'),
(1402, '2200', '2000', 'Wind-down routine', 'c', 132, '0000-00-00 00:00:00.000000', '0000-00-00 00:00:00.000000'),
(1404, '2400', '2200', 'Sleep', 'h', 125, '0000-00-00 00:00:00.000000', '0000-00-00 00:00:00.000000'),
(1405, '2400', '2200', 'Sleep', 'h', 132, '0000-00-00 00:00:00.000000', '0000-00-00 00:00:00.000000'),
(1407, '0600', '0000', 'Sleep', 'h', 98, '0000-00-00 00:00:00.000000', '0000-00-00 00:00:00.000000'),
(1408, '0600', '0000', 'Sleep', 'h', 105, '0000-00-00 00:00:00.000000', '0000-00-00 00:00:00.000000'),
(1409, '0600', '0000', 'Sleep', 'h', 112, '0000-00-00 00:00:00.000000', '0000-00-00 00:00:00.000000'),
(1410, '0600', '0000', 'Sleep', 'h', 133, '0000-00-00 00:00:00.000000', '0000-00-00 00:00:00.000000'),
(1414, '0630', '0600', 'Wake up, light exercise/yoga', 'h', 98, '0000-00-00 00:00:00.000000', '0000-00-00 00:00:00.000000'),
(1415, '0630', '0600', 'Wake up, light exercise/yoga', 'h', 105, '0000-00-00 00:00:00.000000', '0000-00-00 00:00:00.000000'),
(1416, '0630', '0600', 'Wake up, light exercise/yoga', 'h', 112, '0000-00-00 00:00:00.000000', '0000-00-00 00:00:00.000000'),
(1417, '0630', '0600', 'Wake up, light exercise/yoga', 'h', 133, '0000-00-00 00:00:00.000000', '0000-00-00 00:00:00.000000'),
(1421, '0700', '0630', 'Breakfast', 'm', 98, '0000-00-00 00:00:00.000000', '0000-00-00 00:00:00.000000'),
(1422, '0700', '0630', 'Breakfast', 'm', 105, '0000-00-00 00:00:00.000000', '0000-00-00 00:00:00.000000'),
(1423, '0700', '0630', 'Breakfast', 'm', 112, '0000-00-00 00:00:00.000000', '0000-00-00 00:00:00.000000'),
(1424, '0700', '0630', 'Breakfast', 'm', 133, '0000-00-00 00:00:00.000000', '0000-00-00 00:00:00.000000'),
(1428, '0900', '0700', 'Work', 'c', 98, '0000-00-00 00:00:00.000000', '0000-00-00 00:00:00.000000'),
(1429, '0900', '0700', 'Work', 'c', 105, '0000-00-00 00:00:00.000000', '0000-00-00 00:00:00.000000'),
(1430, '0900', '0700', 'Work', 'c', 112, '0000-00-00 00:00:00.000000', '0000-00-00 00:00:00.000000'),
(1431, '0900', '0700', 'Work', 'c', 133, '0000-00-00 00:00:00.000000', '0000-00-00 00:00:00.000000'),
(1435, '1230', '0900', 'Free time/Personal Development', 'c', 98, '0000-00-00 00:00:00.000000', '0000-00-00 00:00:00.000000'),
(1436, '1230', '0900', 'Free time/Personal Development', 'c', 105, '0000-00-00 00:00:00.000000', '0000-00-00 00:00:00.000000'),
(1437, '1230', '0900', 'Free time/Personal Development', 'c', 112, '0000-00-00 00:00:00.000000', '0000-00-00 00:00:00.000000'),
(1438, '1230', '0900', 'Free time/Personal Development', 'c', 133, '0000-00-00 00:00:00.000000', '0000-00-00 00:00:00.000000'),
(1442, '1330', '1230', 'Lunch', 'm', 98, '0000-00-00 00:00:00.000000', '0000-00-00 00:00:00.000000'),
(1443, '1330', '1230', 'Lunch', 'm', 105, '0000-00-00 00:00:00.000000', '0000-00-00 00:00:00.000000'),
(1444, '1330', '1230', 'Lunch', 'm', 112, '0000-00-00 00:00:00.000000', '0000-00-00 00:00:00.000000'),
(1445, '1330', '1230', 'Lunch', 'm', 133, '0000-00-00 00:00:00.000000', '0000-00-00 00:00:00.000000'),
(1449, '1700', '1330', 'Work (Tutoring/Grading)', 'c', 98, '0000-00-00 00:00:00.000000', '0000-00-00 00:00:00.000000'),
(1450, '1700', '1330', 'Work (Tutoring/Grading)', 'c', 105, '0000-00-00 00:00:00.000000', '0000-00-00 00:00:00.000000'),
(1451, '1700', '1330', 'Work (Tutoring/Grading)', 'c', 112, '0000-00-00 00:00:00.000000', '0000-00-00 00:00:00.000000'),
(1452, '1700', '1330', 'Work (Tutoring/Grading)', 'c', 133, '0000-00-00 00:00:00.000000', '0000-00-00 00:00:00.000000'),
(1456, '1800', '1700', 'Exercise/Sports', 's', 98, '0000-00-00 00:00:00.000000', '0000-00-00 00:00:00.000000'),
(1457, '1800', '1700', 'Exercise/Sports', 's', 105, '0000-00-00 00:00:00.000000', '0000-00-00 00:00:00.000000'),
(1458, '1800', '1700', 'Exercise/Sports', 's', 112, '0000-00-00 00:00:00.000000', '0000-00-00 00:00:00.000000'),
(1459, '1800', '1700', 'Exercise/Sports', 's', 133, '0000-00-00 00:00:00.000000', '0000-00-00 00:00:00.000000'),
(1463, '1900', '1800', 'Dinner with family', 'm', 98, '0000-00-00 00:00:00.000000', '0000-00-00 00:00:00.000000'),
(1464, '1900', '1800', 'Dinner with family', 'm', 105, '0000-00-00 00:00:00.000000', '0000-00-00 00:00:00.000000'),
(1465, '1900', '1800', 'Dinner with family', 'm', 112, '0000-00-00 00:00:00.000000', '0000-00-00 00:00:00.000000'),
(1466, '1900', '1800', 'Dinner with family', 'm', 133, '0000-00-00 00:00:00.000000', '0000-00-00 00:00:00.000000'),
(1470, '2200', '1900', 'Family time/Relax/Social activities', 'c', 98, '0000-00-00 00:00:00.000000', '0000-00-00 00:00:00.000000'),
(1471, '2200', '1900', 'Family time/Relax/Social activities', 'c', 105, '0000-00-00 00:00:00.000000', '0000-00-00 00:00:00.000000'),
(1472, '2200', '1900', 'Family time/Relax/Social activities', 'c', 112, '0000-00-00 00:00:00.000000', '0000-00-00 00:00:00.000000'),
(1473, '2200', '1900', 'Family time/Relax/Social activities', 'c', 133, '0000-00-00 00:00:00.000000', '0000-00-00 00:00:00.000000'),
(1477, '2300', '2200', 'Prepare for sleep', 'h', 98, '0000-00-00 00:00:00.000000', '0000-00-00 00:00:00.000000'),
(1478, '2300', '2200', 'Prepare for sleep', 'h', 105, '0000-00-00 00:00:00.000000', '0000-00-00 00:00:00.000000'),
(1479, '2300', '2200', 'Prepare for sleep', 'h', 112, '0000-00-00 00:00:00.000000', '0000-00-00 00:00:00.000000'),
(1480, '2300', '2200', 'Prepare for sleep', 'h', 133, '0000-00-00 00:00:00.000000', '0000-00-00 00:00:00.000000'),
(1484, '2400', '2300', 'Sleep', 'h', 98, '0000-00-00 00:00:00.000000', '0000-00-00 00:00:00.000000'),
(1485, '2400', '2300', 'Sleep', 'h', 105, '0000-00-00 00:00:00.000000', '0000-00-00 00:00:00.000000'),
(1486, '2400', '2300', 'Sleep', 'h', 112, '0000-00-00 00:00:00.000000', '0000-00-00 00:00:00.000000'),
(1487, '2400', '2300', 'Sleep', 'h', 133, '0000-00-00 00:00:00.000000', '0000-00-00 00:00:00.000000'),
(1491, '0600', '0000', 'Sleep', 'h', 99, '0000-00-00 00:00:00.000000', '0000-00-00 00:00:00.000000'),
(1492, '0600', '0000', 'Sleep', 'h', 106, '0000-00-00 00:00:00.000000', '0000-00-00 00:00:00.000000'),
(1493, '0600', '0000', 'Sleep', 'h', 113, '0000-00-00 00:00:00.000000', '0000-00-00 00:00:00.000000'),
(1494, '0600', '0000', 'Sleep', 'h', 134, '0000-00-00 00:00:00.000000', '0000-00-00 00:00:00.000000'),
(1498, '0630', '0600', 'Wake up, light exercise/yoga', 'h', 99, '0000-00-00 00:00:00.000000', '0000-00-00 00:00:00.000000'),
(1499, '0630', '0600', 'Wake up, light exercise/yoga', 'h', 106, '0000-00-00 00:00:00.000000', '0000-00-00 00:00:00.000000'),
(1500, '0630', '0600', 'Wake up, light exercise/yoga', 'h', 113, '0000-00-00 00:00:00.000000', '0000-00-00 00:00:00.000000'),
(1501, '0630', '0600', 'Wake up, light exercise/yoga', 'h', 134, '0000-00-00 00:00:00.000000', '0000-00-00 00:00:00.000000'),
(1505, '0700', '0630', 'Breakfast', 'm', 99, '0000-00-00 00:00:00.000000', '0000-00-00 00:00:00.000000'),
(1506, '0700', '0630', 'Breakfast', 'm', 106, '0000-00-00 00:00:00.000000', '0000-00-00 00:00:00.000000'),
(1507, '0700', '0630', 'Breakfast', 'm', 113, '0000-00-00 00:00:00.000000', '0000-00-00 00:00:00.000000'),
(1508, '0700', '0630', 'Breakfast', 'm', 134, '0000-00-00 00:00:00.000000', '0000-00-00 00:00:00.000000'),
(1512, '0900', '0700', 'Work', 'c', 99, '0000-00-00 00:00:00.000000', '0000-00-00 00:00:00.000000'),
(1513, '0900', '0700', 'Work', 'c', 106, '0000-00-00 00:00:00.000000', '0000-00-00 00:00:00.000000'),
(1514, '0900', '0700', 'Work', 'c', 113, '0000-00-00 00:00:00.000000', '0000-00-00 00:00:00.000000'),
(1515, '0900', '0700', 'Work', 'c', 134, '0000-00-00 00:00:00.000000', '0000-00-00 00:00:00.000000'),
(1519, '1230', '0900', 'Free time/Personal Development', 'c', 99, '0000-00-00 00:00:00.000000', '0000-00-00 00:00:00.000000'),
(1520, '1230', '0900', 'Free time/Personal Development', 'c', 106, '0000-00-00 00:00:00.000000', '0000-00-00 00:00:00.000000'),
(1521, '1230', '0900', 'Free time/Personal Development', 'c', 113, '0000-00-00 00:00:00.000000', '0000-00-00 00:00:00.000000'),
(1522, '1230', '0900', 'Free time/Personal Development', 'c', 134, '0000-00-00 00:00:00.000000', '0000-00-00 00:00:00.000000'),
(1526, '1330', '1230', 'Lunch', 'm', 99, '0000-00-00 00:00:00.000000', '0000-00-00 00:00:00.000000'),
(1527, '1330', '1230', 'Lunch', 'm', 106, '0000-00-00 00:00:00.000000', '0000-00-00 00:00:00.000000'),
(1528, '1330', '1230', 'Lunch', 'm', 113, '0000-00-00 00:00:00.000000', '0000-00-00 00:00:00.000000'),
(1529, '1330', '1230', 'Lunch', 'm', 134, '0000-00-00 00:00:00.000000', '0000-00-00 00:00:00.000000'),
(1533, '1700', '1330', 'Work (Tutoring/Grading)', 'c', 99, '0000-00-00 00:00:00.000000', '0000-00-00 00:00:00.000000'),
(1534, '1700', '1330', 'Work (Tutoring/Grading)', 'c', 106, '0000-00-00 00:00:00.000000', '0000-00-00 00:00:00.000000'),
(1535, '1700', '1330', 'Work (Tutoring/Grading)', 'c', 113, '0000-00-00 00:00:00.000000', '0000-00-00 00:00:00.000000'),
(1536, '1700', '1330', 'Work (Tutoring/Grading)', 'c', 134, '0000-00-00 00:00:00.000000', '0000-00-00 00:00:00.000000'),
(1540, '1800', '1700', 'Exercise/Sports', 's', 99, '0000-00-00 00:00:00.000000', '0000-00-00 00:00:00.000000'),
(1541, '1800', '1700', 'Exercise/Sports', 's', 106, '0000-00-00 00:00:00.000000', '0000-00-00 00:00:00.000000'),
(1542, '1800', '1700', 'Exercise/Sports', 's', 113, '0000-00-00 00:00:00.000000', '0000-00-00 00:00:00.000000'),
(1543, '1800', '1700', 'Exercise/Sports', 's', 134, '0000-00-00 00:00:00.000000', '0000-00-00 00:00:00.000000'),
(1547, '1900', '1800', 'Dinner with family', 'm', 99, '0000-00-00 00:00:00.000000', '0000-00-00 00:00:00.000000'),
(1548, '1900', '1800', 'Dinner with family', 'm', 106, '0000-00-00 00:00:00.000000', '0000-00-00 00:00:00.000000'),
(1549, '1900', '1800', 'Dinner with family', 'm', 113, '0000-00-00 00:00:00.000000', '0000-00-00 00:00:00.000000'),
(1550, '1900', '1800', 'Dinner with family', 'm', 134, '0000-00-00 00:00:00.000000', '0000-00-00 00:00:00.000000'),
(1554, '2200', '1900', 'Family time/Relax/Social activities', 'c', 99, '0000-00-00 00:00:00.000000', '0000-00-00 00:00:00.000000'),
(1555, '2200', '1900', 'Family time/Relax/Social activities', 'c', 106, '0000-00-00 00:00:00.000000', '0000-00-00 00:00:00.000000'),
(1556, '2200', '1900', 'Family time/Relax/Social activities', 'c', 113, '0000-00-00 00:00:00.000000', '0000-00-00 00:00:00.000000'),
(1557, '2200', '1900', 'Family time/Relax/Social activities', 'c', 134, '0000-00-00 00:00:00.000000', '0000-00-00 00:00:00.000000'),
(1561, '2300', '2200', 'Prepare for sleep', 'h', 99, '0000-00-00 00:00:00.000000', '0000-00-00 00:00:00.000000'),
(1562, '2300', '2200', 'Prepare for sleep', 'h', 106, '0000-00-00 00:00:00.000000', '0000-00-00 00:00:00.000000'),
(1563, '2300', '2200', 'Prepare for sleep', 'h', 113, '0000-00-00 00:00:00.000000', '0000-00-00 00:00:00.000000'),
(1564, '2300', '2200', 'Prepare for sleep', 'h', 134, '0000-00-00 00:00:00.000000', '0000-00-00 00:00:00.000000'),
(1568, '2400', '2300', 'Sleep', 'h', 99, '0000-00-00 00:00:00.000000', '0000-00-00 00:00:00.000000'),
(1569, '2400', '2300', 'Sleep', 'h', 106, '0000-00-00 00:00:00.000000', '0000-00-00 00:00:00.000000'),
(1570, '2400', '2300', 'Sleep', 'h', 113, '0000-00-00 00:00:00.000000', '0000-00-00 00:00:00.000000'),
(1571, '2400', '2300', 'Sleep', 'h', 134, '0000-00-00 00:00:00.000000', '0000-00-00 00:00:00.000000'),
(1575, '0600', '0000', 'Sleep', 'h', 100, '0000-00-00 00:00:00.000000', '0000-00-00 00:00:00.000000'),
(1576, '0600', '0000', 'Sleep', 'h', 107, '0000-00-00 00:00:00.000000', '0000-00-00 00:00:00.000000'),
(1577, '0600', '0000', 'Sleep', 'h', 114, '0000-00-00 00:00:00.000000', '0000-00-00 00:00:00.000000'),
(1578, '0600', '0000', 'Sleep', 'h', 135, '0000-00-00 00:00:00.000000', '0000-00-00 00:00:00.000000'),
(1582, '0630', '0600', 'Wake up, light exercise/yoga', 'h', 100, '0000-00-00 00:00:00.000000', '0000-00-00 00:00:00.000000'),
(1583, '0630', '0600', 'Wake up, light exercise/yoga', 'h', 107, '0000-00-00 00:00:00.000000', '0000-00-00 00:00:00.000000'),
(1584, '0630', '0600', 'Wake up, light exercise/yoga', 'h', 114, '0000-00-00 00:00:00.000000', '0000-00-00 00:00:00.000000'),
(1585, '0630', '0600', 'Wake up, light exercise/yoga', 'h', 135, '0000-00-00 00:00:00.000000', '0000-00-00 00:00:00.000000'),
(1589, '0700', '0630', 'Breakfast', 'm', 100, '0000-00-00 00:00:00.000000', '0000-00-00 00:00:00.000000'),
(1590, '0700', '0630', 'Breakfast', 'm', 107, '0000-00-00 00:00:00.000000', '0000-00-00 00:00:00.000000'),
(1591, '0700', '0630', 'Breakfast', 'm', 114, '0000-00-00 00:00:00.000000', '0000-00-00 00:00:00.000000'),
(1592, '0700', '0630', 'Breakfast', 'm', 135, '0000-00-00 00:00:00.000000', '0000-00-00 00:00:00.000000'),
(1596, '0900', '0700', 'Work', 'c', 100, '0000-00-00 00:00:00.000000', '0000-00-00 00:00:00.000000'),
(1597, '0900', '0700', 'Work', 'c', 107, '0000-00-00 00:00:00.000000', '0000-00-00 00:00:00.000000'),
(1598, '0900', '0700', 'Work', 'c', 114, '0000-00-00 00:00:00.000000', '0000-00-00 00:00:00.000000'),
(1599, '0900', '0700', 'Work', 'c', 135, '0000-00-00 00:00:00.000000', '0000-00-00 00:00:00.000000'),
(1603, '1230', '0900', 'Free time/Personal Development', 'c', 100, '0000-00-00 00:00:00.000000', '0000-00-00 00:00:00.000000'),
(1604, '1230', '0900', 'Free time/Personal Development', 'c', 107, '0000-00-00 00:00:00.000000', '0000-00-00 00:00:00.000000'),
(1605, '1230', '0900', 'Free time/Personal Development', 'c', 114, '0000-00-00 00:00:00.000000', '0000-00-00 00:00:00.000000'),
(1606, '1230', '0900', 'Free time/Personal Development', 'c', 135, '0000-00-00 00:00:00.000000', '0000-00-00 00:00:00.000000'),
(1610, '1330', '1230', 'Lunch', 'm', 100, '0000-00-00 00:00:00.000000', '0000-00-00 00:00:00.000000'),
(1611, '1330', '1230', 'Lunch', 'm', 107, '0000-00-00 00:00:00.000000', '0000-00-00 00:00:00.000000'),
(1612, '1330', '1230', 'Lunch', 'm', 114, '0000-00-00 00:00:00.000000', '0000-00-00 00:00:00.000000'),
(1613, '1330', '1230', 'Lunch', 'm', 135, '0000-00-00 00:00:00.000000', '0000-00-00 00:00:00.000000'),
(1617, '1700', '1330', 'Work (Tutoring/Grading)', 'c', 100, '0000-00-00 00:00:00.000000', '0000-00-00 00:00:00.000000'),
(1618, '1700', '1330', 'Work (Tutoring/Grading)', 'c', 107, '0000-00-00 00:00:00.000000', '0000-00-00 00:00:00.000000'),
(1619, '1700', '1330', 'Work (Tutoring/Grading)', 'c', 114, '0000-00-00 00:00:00.000000', '0000-00-00 00:00:00.000000'),
(1620, '1700', '1330', 'Work (Tutoring/Grading)', 'c', 135, '0000-00-00 00:00:00.000000', '0000-00-00 00:00:00.000000'),
(1624, '1800', '1700', 'Exercise/Sports', 's', 100, '0000-00-00 00:00:00.000000', '0000-00-00 00:00:00.000000'),
(1625, '1800', '1700', 'Exercise/Sports', 's', 107, '0000-00-00 00:00:00.000000', '0000-00-00 00:00:00.000000'),
(1626, '1800', '1700', 'Exercise/Sports', 's', 114, '0000-00-00 00:00:00.000000', '0000-00-00 00:00:00.000000'),
(1627, '1800', '1700', 'Exercise/Sports', 's', 135, '0000-00-00 00:00:00.000000', '0000-00-00 00:00:00.000000'),
(1631, '1900', '1800', 'Dinner with family', 'm', 100, '0000-00-00 00:00:00.000000', '0000-00-00 00:00:00.000000'),
(1632, '1900', '1800', 'Dinner with family', 'm', 107, '0000-00-00 00:00:00.000000', '0000-00-00 00:00:00.000000'),
(1633, '1900', '1800', 'Dinner with family', 'm', 114, '0000-00-00 00:00:00.000000', '0000-00-00 00:00:00.000000'),
(1634, '1900', '1800', 'Dinner with family', 'm', 135, '0000-00-00 00:00:00.000000', '0000-00-00 00:00:00.000000'),
(1638, '2200', '1900', 'Family time/Relax/Social activities', 'c', 100, '0000-00-00 00:00:00.000000', '0000-00-00 00:00:00.000000'),
(1639, '2200', '1900', 'Family time/Relax/Social activities', 'c', 107, '0000-00-00 00:00:00.000000', '0000-00-00 00:00:00.000000'),
(1640, '2200', '1900', 'Family time/Relax/Social activities', 'c', 114, '0000-00-00 00:00:00.000000', '0000-00-00 00:00:00.000000'),
(1641, '2200', '1900', 'Family time/Relax/Social activities', 'c', 135, '0000-00-00 00:00:00.000000', '0000-00-00 00:00:00.000000'),
(1645, '2300', '2200', 'Prepare for sleep', 'h', 100, '0000-00-00 00:00:00.000000', '0000-00-00 00:00:00.000000'),
(1646, '2300', '2200', 'Prepare for sleep', 'h', 107, '0000-00-00 00:00:00.000000', '0000-00-00 00:00:00.000000'),
(1647, '2300', '2200', 'Prepare for sleep', 'h', 114, '0000-00-00 00:00:00.000000', '0000-00-00 00:00:00.000000'),
(1648, '2300', '2200', 'Prepare for sleep', 'h', 135, '0000-00-00 00:00:00.000000', '0000-00-00 00:00:00.000000'),
(1652, '2400', '2300', 'Sleep', 'h', 100, '0000-00-00 00:00:00.000000', '0000-00-00 00:00:00.000000'),
(1653, '2400', '2300', 'Sleep', 'h', 107, '0000-00-00 00:00:00.000000', '0000-00-00 00:00:00.000000'),
(1654, '2400', '2300', 'Sleep', 'h', 114, '0000-00-00 00:00:00.000000', '0000-00-00 00:00:00.000000'),
(1655, '2400', '2300', 'Sleep', 'h', 135, '0000-00-00 00:00:00.000000', '0000-00-00 00:00:00.000000'),
(1659, '0600', '0000', 'Sleep', 'h', 101, '0000-00-00 00:00:00.000000', '0000-00-00 00:00:00.000000'),
(1660, '0600', '0000', 'Sleep', 'h', 108, '0000-00-00 00:00:00.000000', '0000-00-00 00:00:00.000000'),
(1661, '0600', '0000', 'Sleep', 'h', 115, '0000-00-00 00:00:00.000000', '0000-00-00 00:00:00.000000'),
(1662, '0600', '0000', 'Sleep', 'h', 136, '0000-00-00 00:00:00.000000', '0000-00-00 00:00:00.000000'),
(1666, '0630', '0600', 'Wake up, light exercise/yoga', 'h', 101, '0000-00-00 00:00:00.000000', '0000-00-00 00:00:00.000000'),
(1667, '0630', '0600', 'Wake up, light exercise/yoga', 'h', 108, '0000-00-00 00:00:00.000000', '0000-00-00 00:00:00.000000'),
(1668, '0630', '0600', 'Wake up, light exercise/yoga', 'h', 115, '0000-00-00 00:00:00.000000', '0000-00-00 00:00:00.000000'),
(1669, '0630', '0600', 'Wake up, light exercise/yoga', 'h', 136, '0000-00-00 00:00:00.000000', '0000-00-00 00:00:00.000000'),
(1673, '0700', '0630', 'Breakfast', 'm', 101, '0000-00-00 00:00:00.000000', '0000-00-00 00:00:00.000000'),
(1674, '0700', '0630', 'Breakfast', 'm', 108, '0000-00-00 00:00:00.000000', '0000-00-00 00:00:00.000000'),
(1675, '0700', '0630', 'Breakfast', 'm', 115, '0000-00-00 00:00:00.000000', '0000-00-00 00:00:00.000000'),
(1676, '0700', '0630', 'Breakfast', 'm', 136, '0000-00-00 00:00:00.000000', '0000-00-00 00:00:00.000000'),
(1680, '0900', '0700', 'Work', 'c', 101, '0000-00-00 00:00:00.000000', '0000-00-00 00:00:00.000000'),
(1681, '0900', '0700', 'Work', 'c', 108, '0000-00-00 00:00:00.000000', '0000-00-00 00:00:00.000000'),
(1682, '0900', '0700', 'Work', 'c', 115, '0000-00-00 00:00:00.000000', '0000-00-00 00:00:00.000000'),
(1683, '0900', '0700', 'Work', 'c', 136, '0000-00-00 00:00:00.000000', '0000-00-00 00:00:00.000000'),
(1687, '1230', '0900', 'Free time/Personal Development', 'c', 101, '0000-00-00 00:00:00.000000', '0000-00-00 00:00:00.000000'),
(1688, '1230', '0900', 'Free time/Personal Development', 'c', 108, '0000-00-00 00:00:00.000000', '0000-00-00 00:00:00.000000'),
(1689, '1230', '0900', 'Free time/Personal Development', 'c', 115, '0000-00-00 00:00:00.000000', '0000-00-00 00:00:00.000000'),
(1690, '1230', '0900', 'Free time/Personal Development', 'c', 136, '0000-00-00 00:00:00.000000', '0000-00-00 00:00:00.000000'),
(1694, '1330', '1230', 'Lunch', 'm', 101, '0000-00-00 00:00:00.000000', '0000-00-00 00:00:00.000000'),
(1695, '1330', '1230', 'Lunch', 'm', 108, '0000-00-00 00:00:00.000000', '0000-00-00 00:00:00.000000'),
(1696, '1330', '1230', 'Lunch', 'm', 115, '0000-00-00 00:00:00.000000', '0000-00-00 00:00:00.000000'),
(1697, '1330', '1230', 'Lunch', 'm', 136, '0000-00-00 00:00:00.000000', '0000-00-00 00:00:00.000000'),
(1701, '1700', '1330', 'Work (Tutoring/Grading)', 'c', 101, '0000-00-00 00:00:00.000000', '0000-00-00 00:00:00.000000'),
(1702, '1700', '1330', 'Work (Tutoring/Grading)', 'c', 108, '0000-00-00 00:00:00.000000', '0000-00-00 00:00:00.000000'),
(1703, '1700', '1330', 'Work (Tutoring/Grading)', 'c', 115, '0000-00-00 00:00:00.000000', '0000-00-00 00:00:00.000000'),
(1704, '1700', '1330', 'Work (Tutoring/Grading)', 'c', 136, '0000-00-00 00:00:00.000000', '0000-00-00 00:00:00.000000'),
(1708, '1800', '1700', 'Exercise/Sports', 's', 101, '0000-00-00 00:00:00.000000', '0000-00-00 00:00:00.000000'),
(1709, '1800', '1700', 'Exercise/Sports', 's', 108, '0000-00-00 00:00:00.000000', '0000-00-00 00:00:00.000000'),
(1710, '1800', '1700', 'Exercise/Sports', 's', 115, '0000-00-00 00:00:00.000000', '0000-00-00 00:00:00.000000'),
(1711, '1800', '1700', 'Exercise/Sports', 's', 136, '0000-00-00 00:00:00.000000', '0000-00-00 00:00:00.000000'),
(1715, '1900', '1800', 'Dinner with family', 'm', 101, '0000-00-00 00:00:00.000000', '0000-00-00 00:00:00.000000'),
(1716, '1900', '1800', 'Dinner with family', 'm', 108, '0000-00-00 00:00:00.000000', '0000-00-00 00:00:00.000000'),
(1717, '1900', '1800', 'Dinner with family', 'm', 115, '0000-00-00 00:00:00.000000', '0000-00-00 00:00:00.000000'),
(1718, '1900', '1800', 'Dinner with family', 'm', 136, '0000-00-00 00:00:00.000000', '0000-00-00 00:00:00.000000'),
(1722, '2200', '1900', 'Family time/Relax/Social activities', 'c', 101, '0000-00-00 00:00:00.000000', '0000-00-00 00:00:00.000000'),
(1723, '2200', '1900', 'Family time/Relax/Social activities', 'c', 108, '0000-00-00 00:00:00.000000', '0000-00-00 00:00:00.000000'),
(1724, '2200', '1900', 'Family time/Relax/Social activities', 'c', 115, '0000-00-00 00:00:00.000000', '0000-00-00 00:00:00.000000'),
(1725, '2200', '1900', 'Family time/Relax/Social activities', 'c', 136, '0000-00-00 00:00:00.000000', '0000-00-00 00:00:00.000000'),
(1729, '2300', '2200', 'Prepare for sleep', 'h', 101, '0000-00-00 00:00:00.000000', '0000-00-00 00:00:00.000000'),
(1730, '2300', '2200', 'Prepare for sleep', 'h', 108, '0000-00-00 00:00:00.000000', '0000-00-00 00:00:00.000000'),
(1731, '2300', '2200', 'Prepare for sleep', 'h', 115, '0000-00-00 00:00:00.000000', '0000-00-00 00:00:00.000000');
INSERT INTO `schedule_task` (`id`, `end_time`, `start_time`, `title`, `type`, `schedule_id`, `end_date_time`, `start_date_time`) VALUES
(1732, '2300', '2200', 'Prepare for sleep', 'h', 136, '0000-00-00 00:00:00.000000', '0000-00-00 00:00:00.000000'),
(1736, '2400', '2300', 'Sleep', 'h', 101, '0000-00-00 00:00:00.000000', '0000-00-00 00:00:00.000000'),
(1737, '2400', '2300', 'Sleep', 'h', 108, '0000-00-00 00:00:00.000000', '0000-00-00 00:00:00.000000'),
(1738, '2400', '2300', 'Sleep', 'h', 115, '0000-00-00 00:00:00.000000', '0000-00-00 00:00:00.000000'),
(1739, '2400', '2300', 'Sleep', 'h', 136, '0000-00-00 00:00:00.000000', '0000-00-00 00:00:00.000000'),
(1743, '0600', '0000', 'Sleep', 'h', 102, '0000-00-00 00:00:00.000000', '0000-00-00 00:00:00.000000'),
(1744, '0600', '0000', 'Sleep', 'h', 109, '0000-00-00 00:00:00.000000', '0000-00-00 00:00:00.000000'),
(1745, '0600', '0000', 'Sleep', 'h', 116, '0000-00-00 00:00:00.000000', '0000-00-00 00:00:00.000000'),
(1746, '0600', '0000', 'Sleep', 'h', 137, '0000-00-00 00:00:00.000000', '0000-00-00 00:00:00.000000'),
(1750, '0630', '0600', 'Wake up, light exercise/yoga', 'h', 102, '0000-00-00 00:00:00.000000', '0000-00-00 00:00:00.000000'),
(1751, '0630', '0600', 'Wake up, light exercise/yoga', 'h', 109, '0000-00-00 00:00:00.000000', '0000-00-00 00:00:00.000000'),
(1752, '0630', '0600', 'Wake up, light exercise/yoga', 'h', 116, '0000-00-00 00:00:00.000000', '0000-00-00 00:00:00.000000'),
(1753, '0630', '0600', 'Wake up, light exercise/yoga', 'h', 137, '0000-00-00 00:00:00.000000', '0000-00-00 00:00:00.000000'),
(1757, '0700', '0630', 'Breakfast', 'm', 102, '0000-00-00 00:00:00.000000', '0000-00-00 00:00:00.000000'),
(1758, '0700', '0630', 'Breakfast', 'm', 109, '0000-00-00 00:00:00.000000', '0000-00-00 00:00:00.000000'),
(1759, '0700', '0630', 'Breakfast', 'm', 116, '0000-00-00 00:00:00.000000', '0000-00-00 00:00:00.000000'),
(1760, '0700', '0630', 'Breakfast', 'm', 137, '0000-00-00 00:00:00.000000', '0000-00-00 00:00:00.000000'),
(1764, '0900', '0700', 'Work', 'c', 102, '0000-00-00 00:00:00.000000', '0000-00-00 00:00:00.000000'),
(1765, '0900', '0700', 'Work', 'c', 109, '0000-00-00 00:00:00.000000', '0000-00-00 00:00:00.000000'),
(1766, '0900', '0700', 'Work', 'c', 116, '0000-00-00 00:00:00.000000', '0000-00-00 00:00:00.000000'),
(1767, '0900', '0700', 'Work', 'c', 137, '0000-00-00 00:00:00.000000', '0000-00-00 00:00:00.000000'),
(1771, '1230', '0900', 'Free time/Personal Development', 'c', 102, '0000-00-00 00:00:00.000000', '0000-00-00 00:00:00.000000'),
(1772, '1230', '0900', 'Free time/Personal Development', 'c', 109, '0000-00-00 00:00:00.000000', '0000-00-00 00:00:00.000000'),
(1773, '1230', '0900', 'Free time/Personal Development', 'c', 116, '0000-00-00 00:00:00.000000', '0000-00-00 00:00:00.000000'),
(1774, '1230', '0900', 'Free time/Personal Development', 'c', 137, '0000-00-00 00:00:00.000000', '0000-00-00 00:00:00.000000'),
(1778, '1330', '1230', 'Lunch', 'm', 102, '0000-00-00 00:00:00.000000', '0000-00-00 00:00:00.000000'),
(1779, '1330', '1230', 'Lunch', 'm', 109, '0000-00-00 00:00:00.000000', '0000-00-00 00:00:00.000000'),
(1780, '1330', '1230', 'Lunch', 'm', 116, '0000-00-00 00:00:00.000000', '0000-00-00 00:00:00.000000'),
(1781, '1330', '1230', 'Lunch', 'm', 137, '0000-00-00 00:00:00.000000', '0000-00-00 00:00:00.000000'),
(1785, '1700', '1330', 'Work (Tutoring/Grading)', 'c', 102, '0000-00-00 00:00:00.000000', '0000-00-00 00:00:00.000000'),
(1786, '1700', '1330', 'Work (Tutoring/Grading)', 'c', 109, '0000-00-00 00:00:00.000000', '0000-00-00 00:00:00.000000'),
(1787, '1700', '1330', 'Work (Tutoring/Grading)', 'c', 116, '0000-00-00 00:00:00.000000', '0000-00-00 00:00:00.000000'),
(1788, '1700', '1330', 'Work (Tutoring/Grading)', 'c', 137, '0000-00-00 00:00:00.000000', '0000-00-00 00:00:00.000000'),
(1792, '1800', '1700', 'Exercise/Sports', 's', 102, '0000-00-00 00:00:00.000000', '0000-00-00 00:00:00.000000'),
(1793, '1800', '1700', 'Exercise/Sports', 's', 109, '0000-00-00 00:00:00.000000', '0000-00-00 00:00:00.000000'),
(1794, '1800', '1700', 'Exercise/Sports', 's', 116, '0000-00-00 00:00:00.000000', '0000-00-00 00:00:00.000000'),
(1795, '1800', '1700', 'Exercise/Sports', 's', 137, '0000-00-00 00:00:00.000000', '0000-00-00 00:00:00.000000'),
(1799, '1900', '1800', 'Dinner with family', 'm', 102, '0000-00-00 00:00:00.000000', '0000-00-00 00:00:00.000000'),
(1800, '1900', '1800', 'Dinner with family', 'm', 109, '0000-00-00 00:00:00.000000', '0000-00-00 00:00:00.000000'),
(1801, '1900', '1800', 'Dinner with family', 'm', 116, '0000-00-00 00:00:00.000000', '0000-00-00 00:00:00.000000'),
(1802, '1900', '1800', 'Dinner with family', 'm', 137, '0000-00-00 00:00:00.000000', '0000-00-00 00:00:00.000000'),
(1806, '2200', '1900', 'Family time/Relax/Social activities', 'c', 102, '0000-00-00 00:00:00.000000', '0000-00-00 00:00:00.000000'),
(1807, '2200', '1900', 'Family time/Relax/Social activities', 'c', 109, '0000-00-00 00:00:00.000000', '0000-00-00 00:00:00.000000'),
(1808, '2200', '1900', 'Family time/Relax/Social activities', 'c', 116, '0000-00-00 00:00:00.000000', '0000-00-00 00:00:00.000000'),
(1809, '2200', '1900', 'Family time/Relax/Social activities', 'c', 137, '0000-00-00 00:00:00.000000', '0000-00-00 00:00:00.000000'),
(1813, '2300', '2200', 'Prepare for sleep', 'h', 102, '0000-00-00 00:00:00.000000', '0000-00-00 00:00:00.000000'),
(1814, '2300', '2200', 'Prepare for sleep', 'h', 109, '0000-00-00 00:00:00.000000', '0000-00-00 00:00:00.000000'),
(1815, '2300', '2200', 'Prepare for sleep', 'h', 116, '0000-00-00 00:00:00.000000', '0000-00-00 00:00:00.000000'),
(1816, '2300', '2200', 'Prepare for sleep', 'h', 137, '0000-00-00 00:00:00.000000', '0000-00-00 00:00:00.000000'),
(1820, '2400', '2300', 'Sleep', 'h', 102, '0000-00-00 00:00:00.000000', '0000-00-00 00:00:00.000000'),
(1821, '2400', '2300', 'Sleep', 'h', 109, '0000-00-00 00:00:00.000000', '0000-00-00 00:00:00.000000'),
(1822, '2400', '2300', 'Sleep', 'h', 116, '0000-00-00 00:00:00.000000', '0000-00-00 00:00:00.000000'),
(1823, '2400', '2300', 'Sleep', 'h', 137, '0000-00-00 00:00:00.000000', '0000-00-00 00:00:00.000000'),
(1827, '0800', '0000', 'Sleep', 'h', 103, '0000-00-00 00:00:00.000000', '0000-00-00 00:00:00.000000'),
(1828, '0800', '0000', 'Sleep', 'h', 110, '0000-00-00 00:00:00.000000', '0000-00-00 00:00:00.000000'),
(1829, '0800', '0000', 'Sleep', 'h', 117, '0000-00-00 00:00:00.000000', '0000-00-00 00:00:00.000000'),
(1830, '0800', '0000', 'Sleep', 'h', 138, '0000-00-00 00:00:00.000000', '0000-00-00 00:00:00.000000'),
(1834, '0900', '0800', 'Breakfast', 'f', 103, '0000-00-00 00:00:00.000000', '0000-00-00 00:00:00.000000'),
(1835, '0900', '0800', 'Breakfast', 'f', 110, '0000-00-00 00:00:00.000000', '0000-00-00 00:00:00.000000'),
(1836, '0900', '0800', 'Breakfast', 'f', 117, '0000-00-00 00:00:00.000000', '0000-00-00 00:00:00.000000'),
(1837, '0900', '0800', 'Breakfast', 'f', 138, '0000-00-00 00:00:00.000000', '0000-00-00 00:00:00.000000'),
(1841, '1300', '0900', 'Outdoor Activities/Hobbies/Social', 'c', 103, '0000-00-00 00:00:00.000000', '0000-00-00 00:00:00.000000'),
(1842, '1300', '0900', 'Outdoor Activities/Hobbies/Social', 'c', 110, '0000-00-00 00:00:00.000000', '0000-00-00 00:00:00.000000'),
(1843, '1300', '0900', 'Outdoor Activities/Hobbies/Social', 'c', 117, '0000-00-00 00:00:00.000000', '0000-00-00 00:00:00.000000'),
(1844, '1300', '0900', 'Outdoor Activities/Hobbies/Social', 'c', 138, '0000-00-00 00:00:00.000000', '0000-00-00 00:00:00.000000'),
(1848, '1400', '1300', 'Lunch', 'f', 103, '0000-00-00 00:00:00.000000', '0000-00-00 00:00:00.000000'),
(1849, '1400', '1300', 'Lunch', 'f', 110, '0000-00-00 00:00:00.000000', '0000-00-00 00:00:00.000000'),
(1850, '1400', '1300', 'Lunch', 'f', 117, '0000-00-00 00:00:00.000000', '0000-00-00 00:00:00.000000'),
(1851, '1400', '1300', 'Lunch', 'f', 138, '0000-00-00 00:00:00.000000', '0000-00-00 00:00:00.000000'),
(1855, '1800', '1400', 'Family Time/Relax', 'c', 103, '0000-00-00 00:00:00.000000', '0000-00-00 00:00:00.000000'),
(1856, '1800', '1400', 'Family Time/Relax', 'c', 110, '0000-00-00 00:00:00.000000', '0000-00-00 00:00:00.000000'),
(1857, '1800', '1400', 'Family Time/Relax', 'c', 117, '0000-00-00 00:00:00.000000', '0000-00-00 00:00:00.000000'),
(1858, '1800', '1400', 'Family Time/Relax', 'c', 138, '0000-00-00 00:00:00.000000', '0000-00-00 00:00:00.000000'),
(1862, '1900', '1800', 'Dinner', 'f', 103, '0000-00-00 00:00:00.000000', '0000-00-00 00:00:00.000000'),
(1863, '1900', '1800', 'Dinner', 'f', 110, '0000-00-00 00:00:00.000000', '0000-00-00 00:00:00.000000'),
(1864, '1900', '1800', 'Dinner', 'f', 117, '0000-00-00 00:00:00.000000', '0000-00-00 00:00:00.000000'),
(1865, '1900', '1800', 'Dinner', 'f', 138, '0000-00-00 00:00:00.000000', '0000-00-00 00:00:00.000000'),
(1869, '2300', '1900', 'Social/Entertainment', 'c', 103, '0000-00-00 00:00:00.000000', '0000-00-00 00:00:00.000000'),
(1870, '2300', '1900', 'Social/Entertainment', 'c', 110, '0000-00-00 00:00:00.000000', '0000-00-00 00:00:00.000000'),
(1871, '2300', '1900', 'Social/Entertainment', 'c', 117, '0000-00-00 00:00:00.000000', '0000-00-00 00:00:00.000000'),
(1872, '2300', '1900', 'Social/Entertainment', 'c', 138, '0000-00-00 00:00:00.000000', '0000-00-00 00:00:00.000000'),
(1876, '2400', '2300', 'Sleep', 'h', 103, '0000-00-00 00:00:00.000000', '0000-00-00 00:00:00.000000'),
(1877, '2400', '2300', 'Sleep', 'h', 110, '0000-00-00 00:00:00.000000', '0000-00-00 00:00:00.000000'),
(1878, '2400', '2300', 'Sleep', 'h', 117, '0000-00-00 00:00:00.000000', '0000-00-00 00:00:00.000000'),
(1879, '2400', '2300', 'Sleep', 'h', 138, '0000-00-00 00:00:00.000000', '0000-00-00 00:00:00.000000'),
(1883, '0900', '0000', 'Sleep', 'h', 104, '0000-00-00 00:00:00.000000', '0000-00-00 00:00:00.000000'),
(1884, '0900', '0000', 'Sleep', 'h', 111, '0000-00-00 00:00:00.000000', '0000-00-00 00:00:00.000000'),
(1885, '0900', '0000', 'Sleep', 'h', 118, '0000-00-00 00:00:00.000000', '0000-00-00 00:00:00.000000'),
(1886, '0900', '0000', 'Sleep', 'h', 139, '0000-00-00 00:00:00.000000', '0000-00-00 00:00:00.000000'),
(1890, '1000', '0900', 'Brunch', 'f', 104, '0000-00-00 00:00:00.000000', '0000-00-00 00:00:00.000000'),
(1891, '1000', '0900', 'Brunch', 'f', 111, '0000-00-00 00:00:00.000000', '0000-00-00 00:00:00.000000'),
(1892, '1000', '0900', 'Brunch', 'f', 118, '0000-00-00 00:00:00.000000', '0000-00-00 00:00:00.000000'),
(1893, '1000', '0900', 'Brunch', 'f', 139, '0000-00-00 00:00:00.000000', '0000-00-00 00:00:00.000000'),
(1897, '1400', '1000', 'Relax/Hobbies/Personal development', 'c', 104, '0000-00-00 00:00:00.000000', '0000-00-00 00:00:00.000000'),
(1898, '1400', '1000', 'Relax/Hobbies/Personal development', 'c', 111, '0000-00-00 00:00:00.000000', '0000-00-00 00:00:00.000000'),
(1899, '1400', '1000', 'Relax/Hobbies/Personal development', 'c', 118, '0000-00-00 00:00:00.000000', '0000-00-00 00:00:00.000000'),
(1900, '1400', '1000', 'Relax/Hobbies/Personal development', 'c', 139, '0000-00-00 00:00:00.000000', '0000-00-00 00:00:00.000000'),
(1904, '1800', '1400', 'Family Time/Prepare for the week', 'c', 104, '0000-00-00 00:00:00.000000', '0000-00-00 00:00:00.000000'),
(1905, '1800', '1400', 'Family Time/Prepare for the week', 'c', 111, '0000-00-00 00:00:00.000000', '0000-00-00 00:00:00.000000'),
(1906, '1800', '1400', 'Family Time/Prepare for the week', 'c', 118, '0000-00-00 00:00:00.000000', '0000-00-00 00:00:00.000000'),
(1907, '1800', '1400', 'Family Time/Prepare for the week', 'c', 139, '0000-00-00 00:00:00.000000', '0000-00-00 00:00:00.000000'),
(1911, '1900', '1800', 'Dinner', 'f', 104, '0000-00-00 00:00:00.000000', '0000-00-00 00:00:00.000000'),
(1912, '1900', '1800', 'Dinner', 'f', 111, '0000-00-00 00:00:00.000000', '0000-00-00 00:00:00.000000'),
(1913, '1900', '1800', 'Dinner', 'f', 118, '0000-00-00 00:00:00.000000', '0000-00-00 00:00:00.000000'),
(1914, '1900', '1800', 'Dinner', 'f', 139, '0000-00-00 00:00:00.000000', '0000-00-00 00:00:00.000000'),
(1918, '2200', '1900', 'Relax/Wind down', 'c', 104, '0000-00-00 00:00:00.000000', '0000-00-00 00:00:00.000000'),
(1919, '2200', '1900', 'Relax/Wind down', 'c', 111, '0000-00-00 00:00:00.000000', '0000-00-00 00:00:00.000000'),
(1920, '2200', '1900', 'Relax/Wind down', 'c', 118, '0000-00-00 00:00:00.000000', '0000-00-00 00:00:00.000000'),
(1921, '2200', '1900', 'Relax/Wind down', 'c', 139, '0000-00-00 00:00:00.000000', '0000-00-00 00:00:00.000000'),
(1925, '2400', '2200', 'Sleep', 'h', 104, '0000-00-00 00:00:00.000000', '0000-00-00 00:00:00.000000'),
(1926, '2400', '2200', 'Sleep', 'h', 111, '0000-00-00 00:00:00.000000', '0000-00-00 00:00:00.000000'),
(1927, '2400', '2200', 'Sleep', 'h', 118, '0000-00-00 00:00:00.000000', '0000-00-00 00:00:00.000000'),
(1928, '2400', '2200', 'Sleep', 'h', 139, '0000-00-00 00:00:00.000000', '0000-00-00 00:00:00.000000'),
(1929, '0700', '0000', 'Sleep', 'h', 98, '0000-00-00 00:00:00.000000', '0000-00-00 00:00:00.000000'),
(1930, '0700', '0000', 'Sleep', 'h', 105, '0000-00-00 00:00:00.000000', '0000-00-00 00:00:00.000000'),
(1931, '0700', '0000', 'Sleep', 'h', 112, '0000-00-00 00:00:00.000000', '0000-00-00 00:00:00.000000'),
(1932, '0700', '0000', 'Sleep', 'h', 133, '0000-00-00 00:00:00.000000', '0000-00-00 00:00:00.000000'),
(1933, '0700', '0000', 'Sleep', 'h', 140, '0000-00-00 00:00:00.000000', '0000-00-00 00:00:00.000000'),
(1936, '0730', '0700', 'Wake up, drink water', 'h', 98, '0000-00-00 00:00:00.000000', '0000-00-00 00:00:00.000000'),
(1937, '0730', '0700', 'Wake up, drink water', 'h', 105, '0000-00-00 00:00:00.000000', '0000-00-00 00:00:00.000000'),
(1938, '0730', '0700', 'Wake up, drink water', 'h', 112, '0000-00-00 00:00:00.000000', '0000-00-00 00:00:00.000000'),
(1939, '0730', '0700', 'Wake up, drink water', 'h', 133, '0000-00-00 00:00:00.000000', '0000-00-00 00:00:00.000000'),
(1940, '0730', '0700', 'Wake up, drink water', 'h', 140, '0000-00-00 00:00:00.000000', '0000-00-00 00:00:00.000000'),
(1943, '0800', '0730', 'Breakfast', 'm', 98, '0000-00-00 00:00:00.000000', '0000-00-00 00:00:00.000000'),
(1944, '0800', '0730', 'Breakfast', 'm', 105, '0000-00-00 00:00:00.000000', '0000-00-00 00:00:00.000000'),
(1945, '0800', '0730', 'Breakfast', 'm', 112, '0000-00-00 00:00:00.000000', '0000-00-00 00:00:00.000000'),
(1946, '0800', '0730', 'Breakfast', 'm', 133, '0000-00-00 00:00:00.000000', '0000-00-00 00:00:00.000000'),
(1947, '0800', '0730', 'Breakfast', 'm', 140, '0000-00-00 00:00:00.000000', '0000-00-00 00:00:00.000000'),
(1950, '1200', '0800', 'Free time/Work/Study (adjust as needed)', 'c', 98, '0000-00-00 00:00:00.000000', '0000-00-00 00:00:00.000000'),
(1951, '1200', '0800', 'Free time/Work/Study (adjust as needed)', 'c', 105, '0000-00-00 00:00:00.000000', '0000-00-00 00:00:00.000000'),
(1952, '1200', '0800', 'Free time/Work/Study (adjust as needed)', 'c', 112, '0000-00-00 00:00:00.000000', '0000-00-00 00:00:00.000000'),
(1953, '1200', '0800', 'Free time/Work/Study (adjust as needed)', 'c', 133, '0000-00-00 00:00:00.000000', '0000-00-00 00:00:00.000000'),
(1954, '1200', '0800', 'Free time/Work/Study (adjust as needed)', 'c', 140, '0000-00-00 00:00:00.000000', '0000-00-00 00:00:00.000000'),
(1957, '1300', '1200', 'Lunch', 'm', 98, '0000-00-00 00:00:00.000000', '0000-00-00 00:00:00.000000'),
(1958, '1300', '1200', 'Lunch', 'm', 105, '0000-00-00 00:00:00.000000', '0000-00-00 00:00:00.000000'),
(1959, '1300', '1200', 'Lunch', 'm', 112, '0000-00-00 00:00:00.000000', '0000-00-00 00:00:00.000000'),
(1960, '1300', '1200', 'Lunch', 'm', 133, '0000-00-00 00:00:00.000000', '0000-00-00 00:00:00.000000'),
(1961, '1300', '1200', 'Lunch', 'm', 140, '0000-00-00 00:00:00.000000', '0000-00-00 00:00:00.000000'),
(1964, '1700', '1300', 'Free time/Work/Study (adjust as needed)', 'c', 98, '0000-00-00 00:00:00.000000', '0000-00-00 00:00:00.000000'),
(1965, '1700', '1300', 'Free time/Work/Study (adjust as needed)', 'c', 105, '0000-00-00 00:00:00.000000', '0000-00-00 00:00:00.000000'),
(1966, '1700', '1300', 'Free time/Work/Study (adjust as needed)', 'c', 112, '0000-00-00 00:00:00.000000', '0000-00-00 00:00:00.000000'),
(1967, '1700', '1300', 'Free time/Work/Study (adjust as needed)', 'c', 133, '0000-00-00 00:00:00.000000', '0000-00-00 00:00:00.000000'),
(1968, '1700', '1300', 'Free time/Work/Study (adjust as needed)', 'c', 140, '0000-00-00 00:00:00.000000', '0000-00-00 00:00:00.000000'),
(1971, '1800', '1700', 'Exercise', 's', 98, '0000-00-00 00:00:00.000000', '0000-00-00 00:00:00.000000'),
(1972, '1800', '1700', 'Exercise', 's', 105, '0000-00-00 00:00:00.000000', '0000-00-00 00:00:00.000000'),
(1973, '1800', '1700', 'Exercise', 's', 112, '0000-00-00 00:00:00.000000', '0000-00-00 00:00:00.000000'),
(1974, '1800', '1700', 'Exercise', 's', 133, '0000-00-00 00:00:00.000000', '0000-00-00 00:00:00.000000'),
(1975, '1800', '1700', 'Exercise', 's', 140, '0000-00-00 00:00:00.000000', '0000-00-00 00:00:00.000000'),
(1978, '1900', '1800', 'Dinner', 'm', 98, '0000-00-00 00:00:00.000000', '0000-00-00 00:00:00.000000'),
(1979, '1900', '1800', 'Dinner', 'm', 105, '0000-00-00 00:00:00.000000', '0000-00-00 00:00:00.000000'),
(1980, '1900', '1800', 'Dinner', 'm', 112, '0000-00-00 00:00:00.000000', '0000-00-00 00:00:00.000000'),
(1981, '1900', '1800', 'Dinner', 'm', 133, '0000-00-00 00:00:00.000000', '0000-00-00 00:00:00.000000'),
(1982, '1900', '1800', 'Dinner', 'm', 140, '0000-00-00 00:00:00.000000', '0000-00-00 00:00:00.000000'),
(1985, '2300', '1900', 'Free time/Relax/Social activities', 'c', 98, '0000-00-00 00:00:00.000000', '0000-00-00 00:00:00.000000'),
(1986, '2300', '1900', 'Free time/Relax/Social activities', 'c', 105, '0000-00-00 00:00:00.000000', '0000-00-00 00:00:00.000000'),
(1987, '2300', '1900', 'Free time/Relax/Social activities', 'c', 112, '0000-00-00 00:00:00.000000', '0000-00-00 00:00:00.000000'),
(1988, '2300', '1900', 'Free time/Relax/Social activities', 'c', 133, '0000-00-00 00:00:00.000000', '0000-00-00 00:00:00.000000'),
(1989, '2300', '1900', 'Free time/Relax/Social activities', 'c', 140, '0000-00-00 00:00:00.000000', '0000-00-00 00:00:00.000000'),
(1992, '2400', '2300', 'Sleep', 'h', 98, '0000-00-00 00:00:00.000000', '0000-00-00 00:00:00.000000'),
(1993, '2400', '2300', 'Sleep', 'h', 105, '0000-00-00 00:00:00.000000', '0000-00-00 00:00:00.000000'),
(1994, '2400', '2300', 'Sleep', 'h', 112, '0000-00-00 00:00:00.000000', '0000-00-00 00:00:00.000000'),
(1995, '2400', '2300', 'Sleep', 'h', 133, '0000-00-00 00:00:00.000000', '0000-00-00 00:00:00.000000'),
(1996, '2400', '2300', 'Sleep', 'h', 140, '0000-00-00 00:00:00.000000', '0000-00-00 00:00:00.000000'),
(1999, '0700', '0000', 'Sleep', 'h', 99, '0000-00-00 00:00:00.000000', '0000-00-00 00:00:00.000000'),
(2000, '0700', '0000', 'Sleep', 'h', 106, '0000-00-00 00:00:00.000000', '0000-00-00 00:00:00.000000'),
(2001, '0700', '0000', 'Sleep', 'h', 113, '0000-00-00 00:00:00.000000', '0000-00-00 00:00:00.000000'),
(2002, '0700', '0000', 'Sleep', 'h', 134, '0000-00-00 00:00:00.000000', '0000-00-00 00:00:00.000000'),
(2003, '0700', '0000', 'Sleep', 'h', 141, '0000-00-00 00:00:00.000000', '0000-00-00 00:00:00.000000'),
(2006, '0730', '0700', 'Wake up, drink water', 'h', 99, '0000-00-00 00:00:00.000000', '0000-00-00 00:00:00.000000'),
(2007, '0730', '0700', 'Wake up, drink water', 'h', 106, '0000-00-00 00:00:00.000000', '0000-00-00 00:00:00.000000'),
(2008, '0730', '0700', 'Wake up, drink water', 'h', 113, '0000-00-00 00:00:00.000000', '0000-00-00 00:00:00.000000'),
(2009, '0730', '0700', 'Wake up, drink water', 'h', 134, '0000-00-00 00:00:00.000000', '0000-00-00 00:00:00.000000'),
(2010, '0730', '0700', 'Wake up, drink water', 'h', 141, '0000-00-00 00:00:00.000000', '0000-00-00 00:00:00.000000'),
(2013, '0800', '0730', 'Breakfast', 'm', 99, '0000-00-00 00:00:00.000000', '0000-00-00 00:00:00.000000'),
(2014, '0800', '0730', 'Breakfast', 'm', 106, '0000-00-00 00:00:00.000000', '0000-00-00 00:00:00.000000'),
(2015, '0800', '0730', 'Breakfast', 'm', 113, '0000-00-00 00:00:00.000000', '0000-00-00 00:00:00.000000'),
(2016, '0800', '0730', 'Breakfast', 'm', 134, '0000-00-00 00:00:00.000000', '0000-00-00 00:00:00.000000'),
(2017, '0800', '0730', 'Breakfast', 'm', 141, '0000-00-00 00:00:00.000000', '0000-00-00 00:00:00.000000'),
(2020, '1200', '0800', 'Free time/Work/Study (adjust as needed)', 'c', 99, '0000-00-00 00:00:00.000000', '0000-00-00 00:00:00.000000'),
(2021, '1200', '0800', 'Free time/Work/Study (adjust as needed)', 'c', 106, '0000-00-00 00:00:00.000000', '0000-00-00 00:00:00.000000'),
(2022, '1200', '0800', 'Free time/Work/Study (adjust as needed)', 'c', 113, '0000-00-00 00:00:00.000000', '0000-00-00 00:00:00.000000'),
(2023, '1200', '0800', 'Free time/Work/Study (adjust as needed)', 'c', 134, '0000-00-00 00:00:00.000000', '0000-00-00 00:00:00.000000'),
(2024, '1200', '0800', 'Free time/Work/Study (adjust as needed)', 'c', 141, '0000-00-00 00:00:00.000000', '0000-00-00 00:00:00.000000'),
(2027, '1300', '1200', 'Lunch', 'm', 99, '0000-00-00 00:00:00.000000', '0000-00-00 00:00:00.000000'),
(2028, '1300', '1200', 'Lunch', 'm', 106, '0000-00-00 00:00:00.000000', '0000-00-00 00:00:00.000000'),
(2029, '1300', '1200', 'Lunch', 'm', 113, '0000-00-00 00:00:00.000000', '0000-00-00 00:00:00.000000'),
(2030, '1300', '1200', 'Lunch', 'm', 134, '0000-00-00 00:00:00.000000', '0000-00-00 00:00:00.000000'),
(2031, '1300', '1200', 'Lunch', 'm', 141, '0000-00-00 00:00:00.000000', '0000-00-00 00:00:00.000000'),
(2034, '1700', '1300', 'Free time/Work/Study (adjust as needed)', 'c', 99, '0000-00-00 00:00:00.000000', '0000-00-00 00:00:00.000000'),
(2035, '1700', '1300', 'Free time/Work/Study (adjust as needed)', 'c', 106, '0000-00-00 00:00:00.000000', '0000-00-00 00:00:00.000000'),
(2036, '1700', '1300', 'Free time/Work/Study (adjust as needed)', 'c', 113, '0000-00-00 00:00:00.000000', '0000-00-00 00:00:00.000000'),
(2037, '1700', '1300', 'Free time/Work/Study (adjust as needed)', 'c', 134, '0000-00-00 00:00:00.000000', '0000-00-00 00:00:00.000000'),
(2038, '1700', '1300', 'Free time/Work/Study (adjust as needed)', 'c', 141, '0000-00-00 00:00:00.000000', '0000-00-00 00:00:00.000000'),
(2041, '1800', '1700', 'Exercise', 's', 99, '0000-00-00 00:00:00.000000', '0000-00-00 00:00:00.000000'),
(2042, '1800', '1700', 'Exercise', 's', 106, '0000-00-00 00:00:00.000000', '0000-00-00 00:00:00.000000'),
(2043, '1800', '1700', 'Exercise', 's', 113, '0000-00-00 00:00:00.000000', '0000-00-00 00:00:00.000000'),
(2044, '1800', '1700', 'Exercise', 's', 134, '0000-00-00 00:00:00.000000', '0000-00-00 00:00:00.000000'),
(2045, '1800', '1700', 'Exercise', 's', 141, '0000-00-00 00:00:00.000000', '0000-00-00 00:00:00.000000'),
(2048, '1900', '1800', 'Dinner', 'm', 99, '0000-00-00 00:00:00.000000', '0000-00-00 00:00:00.000000'),
(2049, '1900', '1800', 'Dinner', 'm', 106, '0000-00-00 00:00:00.000000', '0000-00-00 00:00:00.000000'),
(2050, '1900', '1800', 'Dinner', 'm', 113, '0000-00-00 00:00:00.000000', '0000-00-00 00:00:00.000000'),
(2051, '1900', '1800', 'Dinner', 'm', 134, '0000-00-00 00:00:00.000000', '0000-00-00 00:00:00.000000'),
(2052, '1900', '1800', 'Dinner', 'm', 141, '0000-00-00 00:00:00.000000', '0000-00-00 00:00:00.000000'),
(2055, '2300', '1900', 'Free time/Relax/Social activities', 'c', 99, '0000-00-00 00:00:00.000000', '0000-00-00 00:00:00.000000'),
(2056, '2300', '1900', 'Free time/Relax/Social activities', 'c', 106, '0000-00-00 00:00:00.000000', '0000-00-00 00:00:00.000000'),
(2057, '2300', '1900', 'Free time/Relax/Social activities', 'c', 113, '0000-00-00 00:00:00.000000', '0000-00-00 00:00:00.000000'),
(2058, '2300', '1900', 'Free time/Relax/Social activities', 'c', 134, '0000-00-00 00:00:00.000000', '0000-00-00 00:00:00.000000'),
(2059, '2300', '1900', 'Free time/Relax/Social activities', 'c', 141, '0000-00-00 00:00:00.000000', '0000-00-00 00:00:00.000000'),
(2062, '2400', '2300', 'Sleep', 'h', 99, '0000-00-00 00:00:00.000000', '0000-00-00 00:00:00.000000'),
(2063, '2400', '2300', 'Sleep', 'h', 106, '0000-00-00 00:00:00.000000', '0000-00-00 00:00:00.000000'),
(2064, '2400', '2300', 'Sleep', 'h', 113, '0000-00-00 00:00:00.000000', '0000-00-00 00:00:00.000000'),
(2065, '2400', '2300', 'Sleep', 'h', 134, '0000-00-00 00:00:00.000000', '0000-00-00 00:00:00.000000'),
(2066, '2400', '2300', 'Sleep', 'h', 141, '0000-00-00 00:00:00.000000', '0000-00-00 00:00:00.000000'),
(2069, '0700', '0000', 'Sleep', 'h', 100, '0000-00-00 00:00:00.000000', '0000-00-00 00:00:00.000000'),
(2070, '0700', '0000', 'Sleep', 'h', 107, '0000-00-00 00:00:00.000000', '0000-00-00 00:00:00.000000'),
(2071, '0700', '0000', 'Sleep', 'h', 114, '0000-00-00 00:00:00.000000', '0000-00-00 00:00:00.000000'),
(2072, '0700', '0000', 'Sleep', 'h', 135, '0000-00-00 00:00:00.000000', '0000-00-00 00:00:00.000000'),
(2073, '0700', '0000', 'Sleep', 'h', 142, '0000-00-00 00:00:00.000000', '0000-00-00 00:00:00.000000'),
(2076, '0730', '0700', 'Wake up, drink water', 'h', 100, '0000-00-00 00:00:00.000000', '0000-00-00 00:00:00.000000'),
(2077, '0730', '0700', 'Wake up, drink water', 'h', 107, '0000-00-00 00:00:00.000000', '0000-00-00 00:00:00.000000'),
(2078, '0730', '0700', 'Wake up, drink water', 'h', 114, '0000-00-00 00:00:00.000000', '0000-00-00 00:00:00.000000'),
(2079, '0730', '0700', 'Wake up, drink water', 'h', 135, '0000-00-00 00:00:00.000000', '0000-00-00 00:00:00.000000'),
(2080, '0730', '0700', 'Wake up, drink water', 'h', 142, '0000-00-00 00:00:00.000000', '0000-00-00 00:00:00.000000'),
(2083, '0800', '0730', 'Breakfast', 'm', 100, '0000-00-00 00:00:00.000000', '0000-00-00 00:00:00.000000'),
(2084, '0800', '0730', 'Breakfast', 'm', 107, '0000-00-00 00:00:00.000000', '0000-00-00 00:00:00.000000'),
(2085, '0800', '0730', 'Breakfast', 'm', 114, '0000-00-00 00:00:00.000000', '0000-00-00 00:00:00.000000'),
(2086, '0800', '0730', 'Breakfast', 'm', 135, '0000-00-00 00:00:00.000000', '0000-00-00 00:00:00.000000'),
(2087, '0800', '0730', 'Breakfast', 'm', 142, '0000-00-00 00:00:00.000000', '0000-00-00 00:00:00.000000'),
(2090, '1200', '0800', 'Free time/Work/Study (adjust as needed)', 'c', 100, '0000-00-00 00:00:00.000000', '0000-00-00 00:00:00.000000'),
(2091, '1200', '0800', 'Free time/Work/Study (adjust as needed)', 'c', 107, '0000-00-00 00:00:00.000000', '0000-00-00 00:00:00.000000'),
(2092, '1200', '0800', 'Free time/Work/Study (adjust as needed)', 'c', 114, '0000-00-00 00:00:00.000000', '0000-00-00 00:00:00.000000'),
(2093, '1200', '0800', 'Free time/Work/Study (adjust as needed)', 'c', 135, '0000-00-00 00:00:00.000000', '0000-00-00 00:00:00.000000'),
(2094, '1200', '0800', 'Free time/Work/Study (adjust as needed)', 'c', 142, '0000-00-00 00:00:00.000000', '0000-00-00 00:00:00.000000'),
(2097, '1300', '1200', 'Lunch', 'm', 100, '0000-00-00 00:00:00.000000', '0000-00-00 00:00:00.000000'),
(2098, '1300', '1200', 'Lunch', 'm', 107, '0000-00-00 00:00:00.000000', '0000-00-00 00:00:00.000000'),
(2099, '1300', '1200', 'Lunch', 'm', 114, '0000-00-00 00:00:00.000000', '0000-00-00 00:00:00.000000'),
(2100, '1300', '1200', 'Lunch', 'm', 135, '0000-00-00 00:00:00.000000', '0000-00-00 00:00:00.000000'),
(2101, '1300', '1200', 'Lunch', 'm', 142, '0000-00-00 00:00:00.000000', '0000-00-00 00:00:00.000000'),
(2104, '1700', '1300', 'Free time/Work/Study (adjust as needed)', 'c', 100, '0000-00-00 00:00:00.000000', '0000-00-00 00:00:00.000000'),
(2105, '1700', '1300', 'Free time/Work/Study (adjust as needed)', 'c', 107, '0000-00-00 00:00:00.000000', '0000-00-00 00:00:00.000000'),
(2106, '1700', '1300', 'Free time/Work/Study (adjust as needed)', 'c', 114, '0000-00-00 00:00:00.000000', '0000-00-00 00:00:00.000000'),
(2107, '1700', '1300', 'Free time/Work/Study (adjust as needed)', 'c', 135, '0000-00-00 00:00:00.000000', '0000-00-00 00:00:00.000000'),
(2108, '1700', '1300', 'Free time/Work/Study (adjust as needed)', 'c', 142, '0000-00-00 00:00:00.000000', '0000-00-00 00:00:00.000000'),
(2111, '1800', '1700', 'Exercise', 's', 100, '0000-00-00 00:00:00.000000', '0000-00-00 00:00:00.000000'),
(2112, '1800', '1700', 'Exercise', 's', 107, '0000-00-00 00:00:00.000000', '0000-00-00 00:00:00.000000'),
(2113, '1800', '1700', 'Exercise', 's', 114, '0000-00-00 00:00:00.000000', '0000-00-00 00:00:00.000000'),
(2114, '1800', '1700', 'Exercise', 's', 135, '0000-00-00 00:00:00.000000', '0000-00-00 00:00:00.000000'),
(2115, '1800', '1700', 'Exercise', 's', 142, '0000-00-00 00:00:00.000000', '0000-00-00 00:00:00.000000'),
(2118, '1900', '1800', 'Dinner', 'm', 100, '0000-00-00 00:00:00.000000', '0000-00-00 00:00:00.000000'),
(2119, '1900', '1800', 'Dinner', 'm', 107, '0000-00-00 00:00:00.000000', '0000-00-00 00:00:00.000000'),
(2120, '1900', '1800', 'Dinner', 'm', 114, '0000-00-00 00:00:00.000000', '0000-00-00 00:00:00.000000'),
(2121, '1900', '1800', 'Dinner', 'm', 135, '0000-00-00 00:00:00.000000', '0000-00-00 00:00:00.000000'),
(2122, '1900', '1800', 'Dinner', 'm', 142, '0000-00-00 00:00:00.000000', '0000-00-00 00:00:00.000000'),
(2125, '2300', '1900', 'Free time/Relax/Social activities', 'c', 100, '0000-00-00 00:00:00.000000', '0000-00-00 00:00:00.000000'),
(2126, '2300', '1900', 'Free time/Relax/Social activities', 'c', 107, '0000-00-00 00:00:00.000000', '0000-00-00 00:00:00.000000'),
(2127, '2300', '1900', 'Free time/Relax/Social activities', 'c', 114, '0000-00-00 00:00:00.000000', '0000-00-00 00:00:00.000000'),
(2128, '2300', '1900', 'Free time/Relax/Social activities', 'c', 135, '0000-00-00 00:00:00.000000', '0000-00-00 00:00:00.000000'),
(2129, '2300', '1900', 'Free time/Relax/Social activities', 'c', 142, '0000-00-00 00:00:00.000000', '0000-00-00 00:00:00.000000'),
(2132, '2400', '2300', 'Sleep', 'h', 100, '0000-00-00 00:00:00.000000', '0000-00-00 00:00:00.000000'),
(2133, '2400', '2300', 'Sleep', 'h', 107, '0000-00-00 00:00:00.000000', '0000-00-00 00:00:00.000000'),
(2134, '2400', '2300', 'Sleep', 'h', 114, '0000-00-00 00:00:00.000000', '0000-00-00 00:00:00.000000'),
(2135, '2400', '2300', 'Sleep', 'h', 135, '0000-00-00 00:00:00.000000', '0000-00-00 00:00:00.000000'),
(2136, '2400', '2300', 'Sleep', 'h', 142, '0000-00-00 00:00:00.000000', '0000-00-00 00:00:00.000000'),
(2139, '0700', '0000', 'Sleep', 'h', 101, '0000-00-00 00:00:00.000000', '0000-00-00 00:00:00.000000'),
(2140, '0700', '0000', 'Sleep', 'h', 108, '0000-00-00 00:00:00.000000', '0000-00-00 00:00:00.000000'),
(2141, '0700', '0000', 'Sleep', 'h', 115, '0000-00-00 00:00:00.000000', '0000-00-00 00:00:00.000000'),
(2142, '0700', '0000', 'Sleep', 'h', 136, '0000-00-00 00:00:00.000000', '0000-00-00 00:00:00.000000'),
(2143, '0700', '0000', 'Sleep', 'h', 143, '0000-00-00 00:00:00.000000', '0000-00-00 00:00:00.000000'),
(2146, '0730', '0700', 'Wake up, drink water', 'h', 101, '0000-00-00 00:00:00.000000', '0000-00-00 00:00:00.000000'),
(2147, '0730', '0700', 'Wake up, drink water', 'h', 108, '0000-00-00 00:00:00.000000', '0000-00-00 00:00:00.000000'),
(2148, '0730', '0700', 'Wake up, drink water', 'h', 115, '0000-00-00 00:00:00.000000', '0000-00-00 00:00:00.000000'),
(2149, '0730', '0700', 'Wake up, drink water', 'h', 136, '0000-00-00 00:00:00.000000', '0000-00-00 00:00:00.000000'),
(2150, '0730', '0700', 'Wake up, drink water', 'h', 143, '0000-00-00 00:00:00.000000', '0000-00-00 00:00:00.000000'),
(2153, '0800', '0730', 'Breakfast', 'm', 101, '0000-00-00 00:00:00.000000', '0000-00-00 00:00:00.000000'),
(2154, '0800', '0730', 'Breakfast', 'm', 108, '0000-00-00 00:00:00.000000', '0000-00-00 00:00:00.000000'),
(2155, '0800', '0730', 'Breakfast', 'm', 115, '0000-00-00 00:00:00.000000', '0000-00-00 00:00:00.000000'),
(2156, '0800', '0730', 'Breakfast', 'm', 136, '0000-00-00 00:00:00.000000', '0000-00-00 00:00:00.000000'),
(2157, '0800', '0730', 'Breakfast', 'm', 143, '0000-00-00 00:00:00.000000', '0000-00-00 00:00:00.000000'),
(2160, '1200', '0800', 'Free time/Work/Study (adjust as needed)', 'c', 101, '0000-00-00 00:00:00.000000', '0000-00-00 00:00:00.000000'),
(2161, '1200', '0800', 'Free time/Work/Study (adjust as needed)', 'c', 108, '0000-00-00 00:00:00.000000', '0000-00-00 00:00:00.000000'),
(2162, '1200', '0800', 'Free time/Work/Study (adjust as needed)', 'c', 115, '0000-00-00 00:00:00.000000', '0000-00-00 00:00:00.000000'),
(2163, '1200', '0800', 'Free time/Work/Study (adjust as needed)', 'c', 136, '0000-00-00 00:00:00.000000', '0000-00-00 00:00:00.000000'),
(2164, '1200', '0800', 'Free time/Work/Study (adjust as needed)', 'c', 143, '0000-00-00 00:00:00.000000', '0000-00-00 00:00:00.000000'),
(2167, '1300', '1200', 'Lunch', 'm', 101, '0000-00-00 00:00:00.000000', '0000-00-00 00:00:00.000000'),
(2168, '1300', '1200', 'Lunch', 'm', 108, '0000-00-00 00:00:00.000000', '0000-00-00 00:00:00.000000'),
(2169, '1300', '1200', 'Lunch', 'm', 115, '0000-00-00 00:00:00.000000', '0000-00-00 00:00:00.000000'),
(2170, '1300', '1200', 'Lunch', 'm', 136, '0000-00-00 00:00:00.000000', '0000-00-00 00:00:00.000000'),
(2171, '1300', '1200', 'Lunch', 'm', 143, '0000-00-00 00:00:00.000000', '0000-00-00 00:00:00.000000'),
(2174, '1700', '1300', 'Free time/Work/Study (adjust as needed)', 'c', 101, '0000-00-00 00:00:00.000000', '0000-00-00 00:00:00.000000'),
(2175, '1700', '1300', 'Free time/Work/Study (adjust as needed)', 'c', 108, '0000-00-00 00:00:00.000000', '0000-00-00 00:00:00.000000'),
(2176, '1700', '1300', 'Free time/Work/Study (adjust as needed)', 'c', 115, '0000-00-00 00:00:00.000000', '0000-00-00 00:00:00.000000'),
(2177, '1700', '1300', 'Free time/Work/Study (adjust as needed)', 'c', 136, '0000-00-00 00:00:00.000000', '0000-00-00 00:00:00.000000'),
(2178, '1700', '1300', 'Free time/Work/Study (adjust as needed)', 'c', 143, '0000-00-00 00:00:00.000000', '0000-00-00 00:00:00.000000'),
(2181, '1800', '1700', 'Exercise', 's', 101, '0000-00-00 00:00:00.000000', '0000-00-00 00:00:00.000000'),
(2182, '1800', '1700', 'Exercise', 's', 108, '0000-00-00 00:00:00.000000', '0000-00-00 00:00:00.000000'),
(2183, '1800', '1700', 'Exercise', 's', 115, '0000-00-00 00:00:00.000000', '0000-00-00 00:00:00.000000'),
(2184, '1800', '1700', 'Exercise', 's', 136, '0000-00-00 00:00:00.000000', '0000-00-00 00:00:00.000000'),
(2185, '1800', '1700', 'Exercise', 's', 143, '0000-00-00 00:00:00.000000', '0000-00-00 00:00:00.000000'),
(2188, '1900', '1800', 'Dinner', 'm', 101, '0000-00-00 00:00:00.000000', '0000-00-00 00:00:00.000000'),
(2189, '1900', '1800', 'Dinner', 'm', 108, '0000-00-00 00:00:00.000000', '0000-00-00 00:00:00.000000'),
(2190, '1900', '1800', 'Dinner', 'm', 115, '0000-00-00 00:00:00.000000', '0000-00-00 00:00:00.000000'),
(2191, '1900', '1800', 'Dinner', 'm', 136, '0000-00-00 00:00:00.000000', '0000-00-00 00:00:00.000000'),
(2192, '1900', '1800', 'Dinner', 'm', 143, '0000-00-00 00:00:00.000000', '0000-00-00 00:00:00.000000'),
(2195, '2300', '1900', 'Free time/Relax/Social activities', 'c', 101, '0000-00-00 00:00:00.000000', '0000-00-00 00:00:00.000000'),
(2196, '2300', '1900', 'Free time/Relax/Social activities', 'c', 108, '0000-00-00 00:00:00.000000', '0000-00-00 00:00:00.000000'),
(2197, '2300', '1900', 'Free time/Relax/Social activities', 'c', 115, '0000-00-00 00:00:00.000000', '0000-00-00 00:00:00.000000'),
(2198, '2300', '1900', 'Free time/Relax/Social activities', 'c', 136, '0000-00-00 00:00:00.000000', '0000-00-00 00:00:00.000000'),
(2199, '2300', '1900', 'Free time/Relax/Social activities', 'c', 143, '0000-00-00 00:00:00.000000', '0000-00-00 00:00:00.000000'),
(2202, '2400', '2300', 'Sleep', 'h', 101, '0000-00-00 00:00:00.000000', '0000-00-00 00:00:00.000000'),
(2203, '2400', '2300', 'Sleep', 'h', 108, '0000-00-00 00:00:00.000000', '0000-00-00 00:00:00.000000'),
(2204, '2400', '2300', 'Sleep', 'h', 115, '0000-00-00 00:00:00.000000', '0000-00-00 00:00:00.000000'),
(2205, '2400', '2300', 'Sleep', 'h', 136, '0000-00-00 00:00:00.000000', '0000-00-00 00:00:00.000000'),
(2206, '2400', '2300', 'Sleep', 'h', 143, '0000-00-00 00:00:00.000000', '0000-00-00 00:00:00.000000'),
(2209, '0700', '0000', 'Sleep', 'h', 102, '0000-00-00 00:00:00.000000', '0000-00-00 00:00:00.000000'),
(2210, '0700', '0000', 'Sleep', 'h', 109, '0000-00-00 00:00:00.000000', '0000-00-00 00:00:00.000000'),
(2211, '0700', '0000', 'Sleep', 'h', 116, '0000-00-00 00:00:00.000000', '0000-00-00 00:00:00.000000'),
(2212, '0700', '0000', 'Sleep', 'h', 137, '0000-00-00 00:00:00.000000', '0000-00-00 00:00:00.000000'),
(2213, '0700', '0000', 'Sleep', 'h', 144, '0000-00-00 00:00:00.000000', '0000-00-00 00:00:00.000000'),
(2216, '0730', '0700', 'Wake up, drink water', 'h', 102, '0000-00-00 00:00:00.000000', '0000-00-00 00:00:00.000000'),
(2217, '0730', '0700', 'Wake up, drink water', 'h', 109, '0000-00-00 00:00:00.000000', '0000-00-00 00:00:00.000000'),
(2218, '0730', '0700', 'Wake up, drink water', 'h', 116, '0000-00-00 00:00:00.000000', '0000-00-00 00:00:00.000000'),
(2219, '0730', '0700', 'Wake up, drink water', 'h', 137, '0000-00-00 00:00:00.000000', '0000-00-00 00:00:00.000000'),
(2220, '0730', '0700', 'Wake up, drink water', 'h', 144, '0000-00-00 00:00:00.000000', '0000-00-00 00:00:00.000000'),
(2223, '0800', '0730', 'Breakfast', 'm', 102, '0000-00-00 00:00:00.000000', '0000-00-00 00:00:00.000000'),
(2224, '0800', '0730', 'Breakfast', 'm', 109, '0000-00-00 00:00:00.000000', '0000-00-00 00:00:00.000000'),
(2225, '0800', '0730', 'Breakfast', 'm', 116, '0000-00-00 00:00:00.000000', '0000-00-00 00:00:00.000000'),
(2226, '0800', '0730', 'Breakfast', 'm', 137, '0000-00-00 00:00:00.000000', '0000-00-00 00:00:00.000000'),
(2227, '0800', '0730', 'Breakfast', 'm', 144, '0000-00-00 00:00:00.000000', '0000-00-00 00:00:00.000000'),
(2230, '1200', '0800', 'Free time/Work/Study (adjust as needed)', 'c', 102, '0000-00-00 00:00:00.000000', '0000-00-00 00:00:00.000000'),
(2231, '1200', '0800', 'Free time/Work/Study (adjust as needed)', 'c', 109, '0000-00-00 00:00:00.000000', '0000-00-00 00:00:00.000000'),
(2232, '1200', '0800', 'Free time/Work/Study (adjust as needed)', 'c', 116, '0000-00-00 00:00:00.000000', '0000-00-00 00:00:00.000000'),
(2233, '1200', '0800', 'Free time/Work/Study (adjust as needed)', 'c', 137, '0000-00-00 00:00:00.000000', '0000-00-00 00:00:00.000000'),
(2234, '1200', '0800', 'Free time/Work/Study (adjust as needed)', 'c', 144, '0000-00-00 00:00:00.000000', '0000-00-00 00:00:00.000000'),
(2237, '1300', '1200', 'Lunch', 'm', 102, '0000-00-00 00:00:00.000000', '0000-00-00 00:00:00.000000'),
(2238, '1300', '1200', 'Lunch', 'm', 109, '0000-00-00 00:00:00.000000', '0000-00-00 00:00:00.000000'),
(2239, '1300', '1200', 'Lunch', 'm', 116, '0000-00-00 00:00:00.000000', '0000-00-00 00:00:00.000000'),
(2240, '1300', '1200', 'Lunch', 'm', 137, '0000-00-00 00:00:00.000000', '0000-00-00 00:00:00.000000'),
(2241, '1300', '1200', 'Lunch', 'm', 144, '0000-00-00 00:00:00.000000', '0000-00-00 00:00:00.000000'),
(2244, '1700', '1300', 'Free time/Work/Study (adjust as needed)', 'c', 102, '0000-00-00 00:00:00.000000', '0000-00-00 00:00:00.000000'),
(2245, '1700', '1300', 'Free time/Work/Study (adjust as needed)', 'c', 109, '0000-00-00 00:00:00.000000', '0000-00-00 00:00:00.000000'),
(2246, '1700', '1300', 'Free time/Work/Study (adjust as needed)', 'c', 116, '0000-00-00 00:00:00.000000', '0000-00-00 00:00:00.000000'),
(2247, '1700', '1300', 'Free time/Work/Study (adjust as needed)', 'c', 137, '0000-00-00 00:00:00.000000', '0000-00-00 00:00:00.000000'),
(2248, '1700', '1300', 'Free time/Work/Study (adjust as needed)', 'c', 144, '0000-00-00 00:00:00.000000', '0000-00-00 00:00:00.000000'),
(2251, '1800', '1700', 'Exercise', 's', 102, '0000-00-00 00:00:00.000000', '0000-00-00 00:00:00.000000'),
(2252, '1800', '1700', 'Exercise', 's', 109, '0000-00-00 00:00:00.000000', '0000-00-00 00:00:00.000000'),
(2253, '1800', '1700', 'Exercise', 's', 116, '0000-00-00 00:00:00.000000', '0000-00-00 00:00:00.000000'),
(2254, '1800', '1700', 'Exercise', 's', 137, '0000-00-00 00:00:00.000000', '0000-00-00 00:00:00.000000'),
(2255, '1800', '1700', 'Exercise', 's', 144, '0000-00-00 00:00:00.000000', '0000-00-00 00:00:00.000000'),
(2258, '1900', '1800', 'Dinner', 'm', 102, '0000-00-00 00:00:00.000000', '0000-00-00 00:00:00.000000'),
(2259, '1900', '1800', 'Dinner', 'm', 109, '0000-00-00 00:00:00.000000', '0000-00-00 00:00:00.000000'),
(2260, '1900', '1800', 'Dinner', 'm', 116, '0000-00-00 00:00:00.000000', '0000-00-00 00:00:00.000000'),
(2261, '1900', '1800', 'Dinner', 'm', 137, '0000-00-00 00:00:00.000000', '0000-00-00 00:00:00.000000'),
(2262, '1900', '1800', 'Dinner', 'm', 144, '0000-00-00 00:00:00.000000', '0000-00-00 00:00:00.000000'),
(2265, '2300', '1900', 'Free time/Relax/Social activities', 'c', 102, '0000-00-00 00:00:00.000000', '0000-00-00 00:00:00.000000'),
(2266, '2300', '1900', 'Free time/Relax/Social activities', 'c', 109, '0000-00-00 00:00:00.000000', '0000-00-00 00:00:00.000000'),
(2267, '2300', '1900', 'Free time/Relax/Social activities', 'c', 116, '0000-00-00 00:00:00.000000', '0000-00-00 00:00:00.000000'),
(2268, '2300', '1900', 'Free time/Relax/Social activities', 'c', 137, '0000-00-00 00:00:00.000000', '0000-00-00 00:00:00.000000'),
(2269, '2300', '1900', 'Free time/Relax/Social activities', 'c', 144, '0000-00-00 00:00:00.000000', '0000-00-00 00:00:00.000000'),
(2272, '2400', '2300', 'Sleep', 'h', 102, '0000-00-00 00:00:00.000000', '0000-00-00 00:00:00.000000'),
(2273, '2400', '2300', 'Sleep', 'h', 109, '0000-00-00 00:00:00.000000', '0000-00-00 00:00:00.000000'),
(2274, '2400', '2300', 'Sleep', 'h', 116, '0000-00-00 00:00:00.000000', '0000-00-00 00:00:00.000000'),
(2275, '2400', '2300', 'Sleep', 'h', 137, '0000-00-00 00:00:00.000000', '0000-00-00 00:00:00.000000'),
(2276, '2400', '2300', 'Sleep', 'h', 144, '0000-00-00 00:00:00.000000', '0000-00-00 00:00:00.000000'),
(2279, '0900', '0000', 'Sleep', 'h', 103, '0000-00-00 00:00:00.000000', '0000-00-00 00:00:00.000000'),
(2280, '0900', '0000', 'Sleep', 'h', 110, '0000-00-00 00:00:00.000000', '0000-00-00 00:00:00.000000'),
(2281, '0900', '0000', 'Sleep', 'h', 117, '0000-00-00 00:00:00.000000', '0000-00-00 00:00:00.000000'),
(2282, '0900', '0000', 'Sleep', 'h', 138, '0000-00-00 00:00:00.000000', '0000-00-00 00:00:00.000000'),
(2283, '0900', '0000', 'Sleep', 'h', 145, '0000-00-00 00:00:00.000000', '0000-00-00 00:00:00.000000'),
(2286, '1000', '0900', 'Brunch', 'f', 103, '0000-00-00 00:00:00.000000', '0000-00-00 00:00:00.000000'),
(2287, '1000', '0900', 'Brunch', 'f', 110, '0000-00-00 00:00:00.000000', '0000-00-00 00:00:00.000000'),
(2288, '1000', '0900', 'Brunch', 'f', 117, '0000-00-00 00:00:00.000000', '0000-00-00 00:00:00.000000'),
(2289, '1000', '0900', 'Brunch', 'f', 138, '0000-00-00 00:00:00.000000', '0000-00-00 00:00:00.000000'),
(2290, '1000', '0900', 'Brunch', 'f', 145, '0000-00-00 00:00:00.000000', '0000-00-00 00:00:00.000000'),
(2293, '1800', '1000', 'Free time/Hobbies/Errands/Social Activities', 'c', 103, '0000-00-00 00:00:00.000000', '0000-00-00 00:00:00.000000'),
(2294, '1800', '1000', 'Free time/Hobbies/Errands/Social Activities', 'c', 110, '0000-00-00 00:00:00.000000', '0000-00-00 00:00:00.000000'),
(2295, '1800', '1000', 'Free time/Hobbies/Errands/Social Activities', 'c', 117, '0000-00-00 00:00:00.000000', '0000-00-00 00:00:00.000000'),
(2296, '1800', '1000', 'Free time/Hobbies/Errands/Social Activities', 'c', 138, '0000-00-00 00:00:00.000000', '0000-00-00 00:00:00.000000'),
(2297, '1800', '1000', 'Free time/Hobbies/Errands/Social Activities', 'c', 145, '0000-00-00 00:00:00.000000', '0000-00-00 00:00:00.000000'),
(2300, '1900', '1800', 'Dinner', 'f', 103, '0000-00-00 00:00:00.000000', '0000-00-00 00:00:00.000000'),
(2301, '1900', '1800', 'Dinner', 'f', 110, '0000-00-00 00:00:00.000000', '0000-00-00 00:00:00.000000'),
(2302, '1900', '1800', 'Dinner', 'f', 117, '0000-00-00 00:00:00.000000', '0000-00-00 00:00:00.000000'),
(2303, '1900', '1800', 'Dinner', 'f', 138, '0000-00-00 00:00:00.000000', '0000-00-00 00:00:00.000000'),
(2304, '1900', '1800', 'Dinner', 'f', 145, '0000-00-00 00:00:00.000000', '0000-00-00 00:00:00.000000'),
(2307, '2300', '1900', 'Relax/Social activities', 'c', 103, '0000-00-00 00:00:00.000000', '0000-00-00 00:00:00.000000'),
(2308, '2300', '1900', 'Relax/Social activities', 'c', 110, '0000-00-00 00:00:00.000000', '0000-00-00 00:00:00.000000'),
(2309, '2300', '1900', 'Relax/Social activities', 'c', 117, '0000-00-00 00:00:00.000000', '0000-00-00 00:00:00.000000'),
(2310, '2300', '1900', 'Relax/Social activities', 'c', 138, '0000-00-00 00:00:00.000000', '0000-00-00 00:00:00.000000'),
(2311, '2300', '1900', 'Relax/Social activities', 'c', 145, '0000-00-00 00:00:00.000000', '0000-00-00 00:00:00.000000'),
(2314, '2400', '2300', 'Sleep', 'h', 103, '0000-00-00 00:00:00.000000', '0000-00-00 00:00:00.000000'),
(2315, '2400', '2300', 'Sleep', 'h', 110, '0000-00-00 00:00:00.000000', '0000-00-00 00:00:00.000000'),
(2316, '2400', '2300', 'Sleep', 'h', 117, '0000-00-00 00:00:00.000000', '0000-00-00 00:00:00.000000'),
(2317, '2400', '2300', 'Sleep', 'h', 138, '0000-00-00 00:00:00.000000', '0000-00-00 00:00:00.000000'),
(2318, '2400', '2300', 'Sleep', 'h', 145, '0000-00-00 00:00:00.000000', '0000-00-00 00:00:00.000000'),
(2321, '0900', '0000', 'Sleep', 'h', 104, '0000-00-00 00:00:00.000000', '0000-00-00 00:00:00.000000'),
(2322, '0900', '0000', 'Sleep', 'h', 111, '0000-00-00 00:00:00.000000', '0000-00-00 00:00:00.000000'),
(2323, '0900', '0000', 'Sleep', 'h', 118, '0000-00-00 00:00:00.000000', '0000-00-00 00:00:00.000000'),
(2324, '0900', '0000', 'Sleep', 'h', 139, '0000-00-00 00:00:00.000000', '0000-00-00 00:00:00.000000'),
(2325, '0900', '0000', 'Sleep', 'h', 146, '0000-00-00 00:00:00.000000', '0000-00-00 00:00:00.000000'),
(2328, '1000', '0900', 'Brunch', 'f', 104, '0000-00-00 00:00:00.000000', '0000-00-00 00:00:00.000000'),
(2329, '1000', '0900', 'Brunch', 'f', 111, '0000-00-00 00:00:00.000000', '0000-00-00 00:00:00.000000'),
(2330, '1000', '0900', 'Brunch', 'f', 118, '0000-00-00 00:00:00.000000', '0000-00-00 00:00:00.000000'),
(2331, '1000', '0900', 'Brunch', 'f', 139, '0000-00-00 00:00:00.000000', '0000-00-00 00:00:00.000000'),
(2332, '1000', '0900', 'Brunch', 'f', 146, '0000-00-00 00:00:00.000000', '0000-00-00 00:00:00.000000'),
(2335, '1800', '1000', 'Free time/Relaxation/Hobbies/Meal prep', 'c', 104, '0000-00-00 00:00:00.000000', '0000-00-00 00:00:00.000000'),
(2336, '1800', '1000', 'Free time/Relaxation/Hobbies/Meal prep', 'c', 111, '0000-00-00 00:00:00.000000', '0000-00-00 00:00:00.000000'),
(2337, '1800', '1000', 'Free time/Relaxation/Hobbies/Meal prep', 'c', 118, '0000-00-00 00:00:00.000000', '0000-00-00 00:00:00.000000'),
(2338, '1800', '1000', 'Free time/Relaxation/Hobbies/Meal prep', 'c', 139, '0000-00-00 00:00:00.000000', '0000-00-00 00:00:00.000000'),
(2339, '1800', '1000', 'Free time/Relaxation/Hobbies/Meal prep', 'c', 146, '0000-00-00 00:00:00.000000', '0000-00-00 00:00:00.000000'),
(2342, '1900', '1800', 'Dinner', 'f', 104, '0000-00-00 00:00:00.000000', '0000-00-00 00:00:00.000000'),
(2343, '1900', '1800', 'Dinner', 'f', 111, '0000-00-00 00:00:00.000000', '0000-00-00 00:00:00.000000'),
(2344, '1900', '1800', 'Dinner', 'f', 118, '0000-00-00 00:00:00.000000', '0000-00-00 00:00:00.000000'),
(2345, '1900', '1800', 'Dinner', 'f', 139, '0000-00-00 00:00:00.000000', '0000-00-00 00:00:00.000000'),
(2346, '1900', '1800', 'Dinner', 'f', 146, '0000-00-00 00:00:00.000000', '0000-00-00 00:00:00.000000'),
(2349, '2300', '1900', 'Relax/Prepare for the week', 'c', 104, '0000-00-00 00:00:00.000000', '0000-00-00 00:00:00.000000'),
(2350, '2300', '1900', 'Relax/Prepare for the week', 'c', 111, '0000-00-00 00:00:00.000000', '0000-00-00 00:00:00.000000'),
(2351, '2300', '1900', 'Relax/Prepare for the week', 'c', 118, '0000-00-00 00:00:00.000000', '0000-00-00 00:00:00.000000'),
(2352, '2300', '1900', 'Relax/Prepare for the week', 'c', 139, '0000-00-00 00:00:00.000000', '0000-00-00 00:00:00.000000'),
(2353, '2300', '1900', 'Relax/Prepare for the week', 'c', 146, '0000-00-00 00:00:00.000000', '0000-00-00 00:00:00.000000'),
(2356, '2400', '2300', 'Sleep', 'h', 104, '0000-00-00 00:00:00.000000', '0000-00-00 00:00:00.000000'),
(2357, '2400', '2300', 'Sleep', 'h', 111, '0000-00-00 00:00:00.000000', '0000-00-00 00:00:00.000000'),
(2358, '2400', '2300', 'Sleep', 'h', 118, '0000-00-00 00:00:00.000000', '0000-00-00 00:00:00.000000'),
(2359, '2400', '2300', 'Sleep', 'h', 139, '0000-00-00 00:00:00.000000', '0000-00-00 00:00:00.000000'),
(2360, '2400', '2300', 'Sleep', 'h', 146, '0000-00-00 00:00:00.000000', '0000-00-00 00:00:00.000000'),
(2363, '0700', '0000', 'Sleep', 'h', 98, '0000-00-00 00:00:00.000000', '0000-00-00 00:00:00.000000'),
(2364, '0700', '0000', 'Sleep', 'h', 105, '0000-00-00 00:00:00.000000', '0000-00-00 00:00:00.000000'),
(2365, '0700', '0000', 'Sleep', 'h', 112, '0000-00-00 00:00:00.000000', '0000-00-00 00:00:00.000000'),
(2366, '0700', '0000', 'Sleep', 'h', 133, '0000-00-00 00:00:00.000000', '0000-00-00 00:00:00.000000'),
(2367, '0700', '0000', 'Sleep', 'h', 140, '0000-00-00 00:00:00.000000', '0000-00-00 00:00:00.000000'),
(2368, '0700', '0000', 'Sleep', 'h', 147, '0000-00-00 00:00:00.000000', '0000-00-00 00:00:00.000000'),
(2370, '0730', '0700', 'Wake up, drink a glass of water', 'h', 98, '0000-00-00 00:00:00.000000', '0000-00-00 00:00:00.000000'),
(2371, '0730', '0700', 'Wake up, drink a glass of water', 'h', 105, '0000-00-00 00:00:00.000000', '0000-00-00 00:00:00.000000'),
(2372, '0730', '0700', 'Wake up, drink a glass of water', 'h', 112, '0000-00-00 00:00:00.000000', '0000-00-00 00:00:00.000000'),
(2373, '0730', '0700', 'Wake up, drink a glass of water', 'h', 133, '0000-00-00 00:00:00.000000', '0000-00-00 00:00:00.000000'),
(2374, '0730', '0700', 'Wake up, drink a glass of water', 'h', 140, '0000-00-00 00:00:00.000000', '0000-00-00 00:00:00.000000'),
(2375, '0730', '0700', 'Wake up, drink a glass of water', 'h', 147, '0000-00-00 00:00:00.000000', '0000-00-00 00:00:00.000000'),
(2377, '0800', '0730', 'Breakfast', 'm', 98, '0000-00-00 00:00:00.000000', '0000-00-00 00:00:00.000000'),
(2378, '0800', '0730', 'Breakfast', 'm', 105, '0000-00-00 00:00:00.000000', '0000-00-00 00:00:00.000000'),
(2379, '0800', '0730', 'Breakfast', 'm', 112, '0000-00-00 00:00:00.000000', '0000-00-00 00:00:00.000000'),
(2380, '0800', '0730', 'Breakfast', 'm', 133, '0000-00-00 00:00:00.000000', '0000-00-00 00:00:00.000000'),
(2381, '0800', '0730', 'Breakfast', 'm', 140, '0000-00-00 00:00:00.000000', '0000-00-00 00:00:00.000000'),
(2382, '0800', '0730', 'Breakfast', 'm', 147, '0000-00-00 00:00:00.000000', '0000-00-00 00:00:00.000000'),
(2384, '1200', '0800', 'Free time/Work/Study (adjust as needed)', 'c', 98, '0000-00-00 00:00:00.000000', '0000-00-00 00:00:00.000000'),
(2385, '1200', '0800', 'Free time/Work/Study (adjust as needed)', 'c', 105, '0000-00-00 00:00:00.000000', '0000-00-00 00:00:00.000000'),
(2386, '1200', '0800', 'Free time/Work/Study (adjust as needed)', 'c', 112, '0000-00-00 00:00:00.000000', '0000-00-00 00:00:00.000000'),
(2387, '1200', '0800', 'Free time/Work/Study (adjust as needed)', 'c', 133, '0000-00-00 00:00:00.000000', '0000-00-00 00:00:00.000000');
INSERT INTO `schedule_task` (`id`, `end_time`, `start_time`, `title`, `type`, `schedule_id`, `end_date_time`, `start_date_time`) VALUES
(2388, '1200', '0800', 'Free time/Work/Study (adjust as needed)', 'c', 140, '0000-00-00 00:00:00.000000', '0000-00-00 00:00:00.000000'),
(2389, '1200', '0800', 'Free time/Work/Study (adjust as needed)', 'c', 147, '0000-00-00 00:00:00.000000', '0000-00-00 00:00:00.000000'),
(2391, '1300', '1200', 'Lunch', 'm', 98, '0000-00-00 00:00:00.000000', '0000-00-00 00:00:00.000000'),
(2392, '1300', '1200', 'Lunch', 'm', 105, '0000-00-00 00:00:00.000000', '0000-00-00 00:00:00.000000'),
(2393, '1300', '1200', 'Lunch', 'm', 112, '0000-00-00 00:00:00.000000', '0000-00-00 00:00:00.000000'),
(2394, '1300', '1200', 'Lunch', 'm', 133, '0000-00-00 00:00:00.000000', '0000-00-00 00:00:00.000000'),
(2395, '1300', '1200', 'Lunch', 'm', 140, '0000-00-00 00:00:00.000000', '0000-00-00 00:00:00.000000'),
(2396, '1300', '1200', 'Lunch', 'm', 147, '0000-00-00 00:00:00.000000', '0000-00-00 00:00:00.000000'),
(2398, '1700', '1300', 'Free time/Work/Study (adjust as needed)', 'c', 98, '0000-00-00 00:00:00.000000', '0000-00-00 00:00:00.000000'),
(2399, '1700', '1300', 'Free time/Work/Study (adjust as needed)', 'c', 105, '0000-00-00 00:00:00.000000', '0000-00-00 00:00:00.000000'),
(2400, '1700', '1300', 'Free time/Work/Study (adjust as needed)', 'c', 112, '0000-00-00 00:00:00.000000', '0000-00-00 00:00:00.000000'),
(2401, '1700', '1300', 'Free time/Work/Study (adjust as needed)', 'c', 133, '0000-00-00 00:00:00.000000', '0000-00-00 00:00:00.000000'),
(2402, '1700', '1300', 'Free time/Work/Study (adjust as needed)', 'c', 140, '0000-00-00 00:00:00.000000', '0000-00-00 00:00:00.000000'),
(2403, '1700', '1300', 'Free time/Work/Study (adjust as needed)', 'c', 147, '0000-00-00 00:00:00.000000', '0000-00-00 00:00:00.000000'),
(2405, '1800', '1700', 'Exercise', 's', 98, '0000-00-00 00:00:00.000000', '0000-00-00 00:00:00.000000'),
(2406, '1800', '1700', 'Exercise', 's', 105, '0000-00-00 00:00:00.000000', '0000-00-00 00:00:00.000000'),
(2407, '1800', '1700', 'Exercise', 's', 112, '0000-00-00 00:00:00.000000', '0000-00-00 00:00:00.000000'),
(2408, '1800', '1700', 'Exercise', 's', 133, '0000-00-00 00:00:00.000000', '0000-00-00 00:00:00.000000'),
(2409, '1800', '1700', 'Exercise', 's', 140, '0000-00-00 00:00:00.000000', '0000-00-00 00:00:00.000000'),
(2410, '1800', '1700', 'Exercise', 's', 147, '0000-00-00 00:00:00.000000', '0000-00-00 00:00:00.000000'),
(2412, '1900', '1800', 'Dinner', 'm', 98, '0000-00-00 00:00:00.000000', '0000-00-00 00:00:00.000000'),
(2413, '1900', '1800', 'Dinner', 'm', 105, '0000-00-00 00:00:00.000000', '0000-00-00 00:00:00.000000'),
(2414, '1900', '1800', 'Dinner', 'm', 112, '0000-00-00 00:00:00.000000', '0000-00-00 00:00:00.000000'),
(2415, '1900', '1800', 'Dinner', 'm', 133, '0000-00-00 00:00:00.000000', '0000-00-00 00:00:00.000000'),
(2416, '1900', '1800', 'Dinner', 'm', 140, '0000-00-00 00:00:00.000000', '0000-00-00 00:00:00.000000'),
(2417, '1900', '1800', 'Dinner', 'm', 147, '0000-00-00 00:00:00.000000', '0000-00-00 00:00:00.000000'),
(2419, '2300', '1900', 'Free time/Relax/Socialize', 'c', 98, '0000-00-00 00:00:00.000000', '0000-00-00 00:00:00.000000'),
(2420, '2300', '1900', 'Free time/Relax/Socialize', 'c', 105, '0000-00-00 00:00:00.000000', '0000-00-00 00:00:00.000000'),
(2421, '2300', '1900', 'Free time/Relax/Socialize', 'c', 112, '0000-00-00 00:00:00.000000', '0000-00-00 00:00:00.000000'),
(2422, '2300', '1900', 'Free time/Relax/Socialize', 'c', 133, '0000-00-00 00:00:00.000000', '0000-00-00 00:00:00.000000'),
(2423, '2300', '1900', 'Free time/Relax/Socialize', 'c', 140, '0000-00-00 00:00:00.000000', '0000-00-00 00:00:00.000000'),
(2424, '2300', '1900', 'Free time/Relax/Socialize', 'c', 147, '0000-00-00 00:00:00.000000', '0000-00-00 00:00:00.000000'),
(2426, '2400', '2300', 'Prepare for sleep', 'h', 98, '0000-00-00 00:00:00.000000', '0000-00-00 00:00:00.000000'),
(2427, '2400', '2300', 'Prepare for sleep', 'h', 105, '0000-00-00 00:00:00.000000', '0000-00-00 00:00:00.000000'),
(2428, '2400', '2300', 'Prepare for sleep', 'h', 112, '0000-00-00 00:00:00.000000', '0000-00-00 00:00:00.000000'),
(2429, '2400', '2300', 'Prepare for sleep', 'h', 133, '0000-00-00 00:00:00.000000', '0000-00-00 00:00:00.000000'),
(2430, '2400', '2300', 'Prepare for sleep', 'h', 140, '0000-00-00 00:00:00.000000', '0000-00-00 00:00:00.000000'),
(2431, '2400', '2300', 'Prepare for sleep', 'h', 147, '0000-00-00 00:00:00.000000', '0000-00-00 00:00:00.000000'),
(2433, '0700', '0000', 'Sleep', 'h', 99, '0000-00-00 00:00:00.000000', '0000-00-00 00:00:00.000000'),
(2434, '0700', '0000', 'Sleep', 'h', 106, '0000-00-00 00:00:00.000000', '0000-00-00 00:00:00.000000'),
(2435, '0700', '0000', 'Sleep', 'h', 113, '0000-00-00 00:00:00.000000', '0000-00-00 00:00:00.000000'),
(2436, '0700', '0000', 'Sleep', 'h', 134, '0000-00-00 00:00:00.000000', '0000-00-00 00:00:00.000000'),
(2437, '0700', '0000', 'Sleep', 'h', 141, '0000-00-00 00:00:00.000000', '0000-00-00 00:00:00.000000'),
(2438, '0700', '0000', 'Sleep', 'h', 148, '0000-00-00 00:00:00.000000', '0000-00-00 00:00:00.000000'),
(2440, '0730', '0700', 'Wake up, drink a glass of water', 'h', 99, '0000-00-00 00:00:00.000000', '0000-00-00 00:00:00.000000'),
(2441, '0730', '0700', 'Wake up, drink a glass of water', 'h', 106, '0000-00-00 00:00:00.000000', '0000-00-00 00:00:00.000000'),
(2442, '0730', '0700', 'Wake up, drink a glass of water', 'h', 113, '0000-00-00 00:00:00.000000', '0000-00-00 00:00:00.000000'),
(2443, '0730', '0700', 'Wake up, drink a glass of water', 'h', 134, '0000-00-00 00:00:00.000000', '0000-00-00 00:00:00.000000'),
(2444, '0730', '0700', 'Wake up, drink a glass of water', 'h', 141, '0000-00-00 00:00:00.000000', '0000-00-00 00:00:00.000000'),
(2445, '0730', '0700', 'Wake up, drink a glass of water', 'h', 148, '0000-00-00 00:00:00.000000', '0000-00-00 00:00:00.000000'),
(2447, '0800', '0730', 'Breakfast', 'm', 99, '0000-00-00 00:00:00.000000', '0000-00-00 00:00:00.000000'),
(2448, '0800', '0730', 'Breakfast', 'm', 106, '0000-00-00 00:00:00.000000', '0000-00-00 00:00:00.000000'),
(2449, '0800', '0730', 'Breakfast', 'm', 113, '0000-00-00 00:00:00.000000', '0000-00-00 00:00:00.000000'),
(2450, '0800', '0730', 'Breakfast', 'm', 134, '0000-00-00 00:00:00.000000', '0000-00-00 00:00:00.000000'),
(2451, '0800', '0730', 'Breakfast', 'm', 141, '0000-00-00 00:00:00.000000', '0000-00-00 00:00:00.000000'),
(2452, '0800', '0730', 'Breakfast', 'm', 148, '0000-00-00 00:00:00.000000', '0000-00-00 00:00:00.000000'),
(2454, '1200', '0800', 'Free time/Work/Study (adjust as needed)', 'c', 99, '0000-00-00 00:00:00.000000', '0000-00-00 00:00:00.000000'),
(2455, '1200', '0800', 'Free time/Work/Study (adjust as needed)', 'c', 106, '0000-00-00 00:00:00.000000', '0000-00-00 00:00:00.000000'),
(2456, '1200', '0800', 'Free time/Work/Study (adjust as needed)', 'c', 113, '0000-00-00 00:00:00.000000', '0000-00-00 00:00:00.000000'),
(2457, '1200', '0800', 'Free time/Work/Study (adjust as needed)', 'c', 134, '0000-00-00 00:00:00.000000', '0000-00-00 00:00:00.000000'),
(2458, '1200', '0800', 'Free time/Work/Study (adjust as needed)', 'c', 141, '0000-00-00 00:00:00.000000', '0000-00-00 00:00:00.000000'),
(2459, '1200', '0800', 'Free time/Work/Study (adjust as needed)', 'c', 148, '0000-00-00 00:00:00.000000', '0000-00-00 00:00:00.000000'),
(2461, '1300', '1200', 'Lunch', 'm', 99, '0000-00-00 00:00:00.000000', '0000-00-00 00:00:00.000000'),
(2462, '1300', '1200', 'Lunch', 'm', 106, '0000-00-00 00:00:00.000000', '0000-00-00 00:00:00.000000'),
(2463, '1300', '1200', 'Lunch', 'm', 113, '0000-00-00 00:00:00.000000', '0000-00-00 00:00:00.000000'),
(2464, '1300', '1200', 'Lunch', 'm', 134, '0000-00-00 00:00:00.000000', '0000-00-00 00:00:00.000000'),
(2465, '1300', '1200', 'Lunch', 'm', 141, '0000-00-00 00:00:00.000000', '0000-00-00 00:00:00.000000'),
(2466, '1300', '1200', 'Lunch', 'm', 148, '0000-00-00 00:00:00.000000', '0000-00-00 00:00:00.000000'),
(2468, '1700', '1300', 'Free time/Work/Study (adjust as needed)', 'c', 99, '0000-00-00 00:00:00.000000', '0000-00-00 00:00:00.000000'),
(2469, '1700', '1300', 'Free time/Work/Study (adjust as needed)', 'c', 106, '0000-00-00 00:00:00.000000', '0000-00-00 00:00:00.000000'),
(2470, '1700', '1300', 'Free time/Work/Study (adjust as needed)', 'c', 113, '0000-00-00 00:00:00.000000', '0000-00-00 00:00:00.000000'),
(2471, '1700', '1300', 'Free time/Work/Study (adjust as needed)', 'c', 134, '0000-00-00 00:00:00.000000', '0000-00-00 00:00:00.000000'),
(2472, '1700', '1300', 'Free time/Work/Study (adjust as needed)', 'c', 141, '0000-00-00 00:00:00.000000', '0000-00-00 00:00:00.000000'),
(2473, '1700', '1300', 'Free time/Work/Study (adjust as needed)', 'c', 148, '0000-00-00 00:00:00.000000', '0000-00-00 00:00:00.000000'),
(2475, '1800', '1700', 'Exercise', 's', 99, '0000-00-00 00:00:00.000000', '0000-00-00 00:00:00.000000'),
(2476, '1800', '1700', 'Exercise', 's', 106, '0000-00-00 00:00:00.000000', '0000-00-00 00:00:00.000000'),
(2477, '1800', '1700', 'Exercise', 's', 113, '0000-00-00 00:00:00.000000', '0000-00-00 00:00:00.000000'),
(2478, '1800', '1700', 'Exercise', 's', 134, '0000-00-00 00:00:00.000000', '0000-00-00 00:00:00.000000'),
(2479, '1800', '1700', 'Exercise', 's', 141, '0000-00-00 00:00:00.000000', '0000-00-00 00:00:00.000000'),
(2480, '1800', '1700', 'Exercise', 's', 148, '0000-00-00 00:00:00.000000', '0000-00-00 00:00:00.000000'),
(2482, '1900', '1800', 'Dinner', 'm', 99, '0000-00-00 00:00:00.000000', '0000-00-00 00:00:00.000000'),
(2483, '1900', '1800', 'Dinner', 'm', 106, '0000-00-00 00:00:00.000000', '0000-00-00 00:00:00.000000'),
(2484, '1900', '1800', 'Dinner', 'm', 113, '0000-00-00 00:00:00.000000', '0000-00-00 00:00:00.000000'),
(2485, '1900', '1800', 'Dinner', 'm', 134, '0000-00-00 00:00:00.000000', '0000-00-00 00:00:00.000000'),
(2486, '1900', '1800', 'Dinner', 'm', 141, '0000-00-00 00:00:00.000000', '0000-00-00 00:00:00.000000'),
(2487, '1900', '1800', 'Dinner', 'm', 148, '0000-00-00 00:00:00.000000', '0000-00-00 00:00:00.000000'),
(2489, '2300', '1900', 'Free time/Relax/Socialize', 'c', 99, '0000-00-00 00:00:00.000000', '0000-00-00 00:00:00.000000'),
(2490, '2300', '1900', 'Free time/Relax/Socialize', 'c', 106, '0000-00-00 00:00:00.000000', '0000-00-00 00:00:00.000000'),
(2491, '2300', '1900', 'Free time/Relax/Socialize', 'c', 113, '0000-00-00 00:00:00.000000', '0000-00-00 00:00:00.000000'),
(2492, '2300', '1900', 'Free time/Relax/Socialize', 'c', 134, '0000-00-00 00:00:00.000000', '0000-00-00 00:00:00.000000'),
(2493, '2300', '1900', 'Free time/Relax/Socialize', 'c', 141, '0000-00-00 00:00:00.000000', '0000-00-00 00:00:00.000000'),
(2494, '2300', '1900', 'Free time/Relax/Socialize', 'c', 148, '0000-00-00 00:00:00.000000', '0000-00-00 00:00:00.000000'),
(2496, '2400', '2300', 'Prepare for sleep', 'h', 99, '0000-00-00 00:00:00.000000', '0000-00-00 00:00:00.000000'),
(2497, '2400', '2300', 'Prepare for sleep', 'h', 106, '0000-00-00 00:00:00.000000', '0000-00-00 00:00:00.000000'),
(2498, '2400', '2300', 'Prepare for sleep', 'h', 113, '0000-00-00 00:00:00.000000', '0000-00-00 00:00:00.000000'),
(2499, '2400', '2300', 'Prepare for sleep', 'h', 134, '0000-00-00 00:00:00.000000', '0000-00-00 00:00:00.000000'),
(2500, '2400', '2300', 'Prepare for sleep', 'h', 141, '0000-00-00 00:00:00.000000', '0000-00-00 00:00:00.000000'),
(2501, '2400', '2300', 'Prepare for sleep', 'h', 148, '0000-00-00 00:00:00.000000', '0000-00-00 00:00:00.000000'),
(2503, '0700', '0000', 'Sleep', 'h', 100, '0000-00-00 00:00:00.000000', '0000-00-00 00:00:00.000000'),
(2504, '0700', '0000', 'Sleep', 'h', 107, '0000-00-00 00:00:00.000000', '0000-00-00 00:00:00.000000'),
(2505, '0700', '0000', 'Sleep', 'h', 114, '0000-00-00 00:00:00.000000', '0000-00-00 00:00:00.000000'),
(2506, '0700', '0000', 'Sleep', 'h', 135, '0000-00-00 00:00:00.000000', '0000-00-00 00:00:00.000000'),
(2507, '0700', '0000', 'Sleep', 'h', 142, '0000-00-00 00:00:00.000000', '0000-00-00 00:00:00.000000'),
(2508, '0700', '0000', 'Sleep', 'h', 149, '0000-00-00 00:00:00.000000', '0000-00-00 00:00:00.000000'),
(2510, '0730', '0700', 'Wake up, drink a glass of water', 'h', 100, '0000-00-00 00:00:00.000000', '0000-00-00 00:00:00.000000'),
(2511, '0730', '0700', 'Wake up, drink a glass of water', 'h', 107, '0000-00-00 00:00:00.000000', '0000-00-00 00:00:00.000000'),
(2512, '0730', '0700', 'Wake up, drink a glass of water', 'h', 114, '0000-00-00 00:00:00.000000', '0000-00-00 00:00:00.000000'),
(2513, '0730', '0700', 'Wake up, drink a glass of water', 'h', 135, '0000-00-00 00:00:00.000000', '0000-00-00 00:00:00.000000'),
(2514, '0730', '0700', 'Wake up, drink a glass of water', 'h', 142, '0000-00-00 00:00:00.000000', '0000-00-00 00:00:00.000000'),
(2515, '0730', '0700', 'Wake up, drink a glass of water', 'h', 149, '0000-00-00 00:00:00.000000', '0000-00-00 00:00:00.000000'),
(2517, '0800', '0730', 'Breakfast', 'm', 100, '0000-00-00 00:00:00.000000', '0000-00-00 00:00:00.000000'),
(2518, '0800', '0730', 'Breakfast', 'm', 107, '0000-00-00 00:00:00.000000', '0000-00-00 00:00:00.000000'),
(2519, '0800', '0730', 'Breakfast', 'm', 114, '0000-00-00 00:00:00.000000', '0000-00-00 00:00:00.000000'),
(2520, '0800', '0730', 'Breakfast', 'm', 135, '0000-00-00 00:00:00.000000', '0000-00-00 00:00:00.000000'),
(2521, '0800', '0730', 'Breakfast', 'm', 142, '0000-00-00 00:00:00.000000', '0000-00-00 00:00:00.000000'),
(2522, '0800', '0730', 'Breakfast', 'm', 149, '0000-00-00 00:00:00.000000', '0000-00-00 00:00:00.000000'),
(2524, '1200', '0800', 'Free time/Work/Study (adjust as needed)', 'c', 100, '0000-00-00 00:00:00.000000', '0000-00-00 00:00:00.000000'),
(2525, '1200', '0800', 'Free time/Work/Study (adjust as needed)', 'c', 107, '0000-00-00 00:00:00.000000', '0000-00-00 00:00:00.000000'),
(2526, '1200', '0800', 'Free time/Work/Study (adjust as needed)', 'c', 114, '0000-00-00 00:00:00.000000', '0000-00-00 00:00:00.000000'),
(2527, '1200', '0800', 'Free time/Work/Study (adjust as needed)', 'c', 135, '0000-00-00 00:00:00.000000', '0000-00-00 00:00:00.000000'),
(2528, '1200', '0800', 'Free time/Work/Study (adjust as needed)', 'c', 142, '0000-00-00 00:00:00.000000', '0000-00-00 00:00:00.000000'),
(2529, '1200', '0800', 'Free time/Work/Study (adjust as needed)', 'c', 149, '0000-00-00 00:00:00.000000', '0000-00-00 00:00:00.000000'),
(2531, '1300', '1200', 'Lunch', 'm', 100, '0000-00-00 00:00:00.000000', '0000-00-00 00:00:00.000000'),
(2532, '1300', '1200', 'Lunch', 'm', 107, '0000-00-00 00:00:00.000000', '0000-00-00 00:00:00.000000'),
(2533, '1300', '1200', 'Lunch', 'm', 114, '0000-00-00 00:00:00.000000', '0000-00-00 00:00:00.000000'),
(2534, '1300', '1200', 'Lunch', 'm', 135, '0000-00-00 00:00:00.000000', '0000-00-00 00:00:00.000000'),
(2535, '1300', '1200', 'Lunch', 'm', 142, '0000-00-00 00:00:00.000000', '0000-00-00 00:00:00.000000'),
(2536, '1300', '1200', 'Lunch', 'm', 149, '0000-00-00 00:00:00.000000', '0000-00-00 00:00:00.000000'),
(2538, '1700', '1300', 'Free time/Work/Study (adjust as needed)', 'c', 100, '0000-00-00 00:00:00.000000', '0000-00-00 00:00:00.000000'),
(2539, '1700', '1300', 'Free time/Work/Study (adjust as needed)', 'c', 107, '0000-00-00 00:00:00.000000', '0000-00-00 00:00:00.000000'),
(2540, '1700', '1300', 'Free time/Work/Study (adjust as needed)', 'c', 114, '0000-00-00 00:00:00.000000', '0000-00-00 00:00:00.000000'),
(2541, '1700', '1300', 'Free time/Work/Study (adjust as needed)', 'c', 135, '0000-00-00 00:00:00.000000', '0000-00-00 00:00:00.000000'),
(2542, '1700', '1300', 'Free time/Work/Study (adjust as needed)', 'c', 142, '0000-00-00 00:00:00.000000', '0000-00-00 00:00:00.000000'),
(2543, '1700', '1300', 'Free time/Work/Study (adjust as needed)', 'c', 149, '0000-00-00 00:00:00.000000', '0000-00-00 00:00:00.000000'),
(2545, '1800', '1700', 'Exercise', 's', 100, '0000-00-00 00:00:00.000000', '0000-00-00 00:00:00.000000'),
(2546, '1800', '1700', 'Exercise', 's', 107, '0000-00-00 00:00:00.000000', '0000-00-00 00:00:00.000000'),
(2547, '1800', '1700', 'Exercise', 's', 114, '0000-00-00 00:00:00.000000', '0000-00-00 00:00:00.000000'),
(2548, '1800', '1700', 'Exercise', 's', 135, '0000-00-00 00:00:00.000000', '0000-00-00 00:00:00.000000'),
(2549, '1800', '1700', 'Exercise', 's', 142, '0000-00-00 00:00:00.000000', '0000-00-00 00:00:00.000000'),
(2550, '1800', '1700', 'Exercise', 's', 149, '0000-00-00 00:00:00.000000', '0000-00-00 00:00:00.000000'),
(2552, '1900', '1800', 'Dinner', 'm', 100, '0000-00-00 00:00:00.000000', '0000-00-00 00:00:00.000000'),
(2553, '1900', '1800', 'Dinner', 'm', 107, '0000-00-00 00:00:00.000000', '0000-00-00 00:00:00.000000'),
(2554, '1900', '1800', 'Dinner', 'm', 114, '0000-00-00 00:00:00.000000', '0000-00-00 00:00:00.000000'),
(2555, '1900', '1800', 'Dinner', 'm', 135, '0000-00-00 00:00:00.000000', '0000-00-00 00:00:00.000000'),
(2556, '1900', '1800', 'Dinner', 'm', 142, '0000-00-00 00:00:00.000000', '0000-00-00 00:00:00.000000'),
(2557, '1900', '1800', 'Dinner', 'm', 149, '0000-00-00 00:00:00.000000', '0000-00-00 00:00:00.000000'),
(2559, '2300', '1900', 'Free time/Relax/Socialize', 'c', 100, '0000-00-00 00:00:00.000000', '0000-00-00 00:00:00.000000'),
(2560, '2300', '1900', 'Free time/Relax/Socialize', 'c', 107, '0000-00-00 00:00:00.000000', '0000-00-00 00:00:00.000000'),
(2561, '2300', '1900', 'Free time/Relax/Socialize', 'c', 114, '0000-00-00 00:00:00.000000', '0000-00-00 00:00:00.000000'),
(2562, '2300', '1900', 'Free time/Relax/Socialize', 'c', 135, '0000-00-00 00:00:00.000000', '0000-00-00 00:00:00.000000'),
(2563, '2300', '1900', 'Free time/Relax/Socialize', 'c', 142, '0000-00-00 00:00:00.000000', '0000-00-00 00:00:00.000000'),
(2564, '2300', '1900', 'Free time/Relax/Socialize', 'c', 149, '0000-00-00 00:00:00.000000', '0000-00-00 00:00:00.000000'),
(2566, '2400', '2300', 'Prepare for sleep', 'h', 100, '0000-00-00 00:00:00.000000', '0000-00-00 00:00:00.000000'),
(2567, '2400', '2300', 'Prepare for sleep', 'h', 107, '0000-00-00 00:00:00.000000', '0000-00-00 00:00:00.000000'),
(2568, '2400', '2300', 'Prepare for sleep', 'h', 114, '0000-00-00 00:00:00.000000', '0000-00-00 00:00:00.000000'),
(2569, '2400', '2300', 'Prepare for sleep', 'h', 135, '0000-00-00 00:00:00.000000', '0000-00-00 00:00:00.000000'),
(2570, '2400', '2300', 'Prepare for sleep', 'h', 142, '0000-00-00 00:00:00.000000', '0000-00-00 00:00:00.000000'),
(2571, '2400', '2300', 'Prepare for sleep', 'h', 149, '0000-00-00 00:00:00.000000', '0000-00-00 00:00:00.000000'),
(2573, '0700', '0000', 'Sleep', 'h', 101, '0000-00-00 00:00:00.000000', '0000-00-00 00:00:00.000000'),
(2574, '0700', '0000', 'Sleep', 'h', 108, '0000-00-00 00:00:00.000000', '0000-00-00 00:00:00.000000'),
(2575, '0700', '0000', 'Sleep', 'h', 115, '0000-00-00 00:00:00.000000', '0000-00-00 00:00:00.000000'),
(2576, '0700', '0000', 'Sleep', 'h', 136, '0000-00-00 00:00:00.000000', '0000-00-00 00:00:00.000000'),
(2577, '0700', '0000', 'Sleep', 'h', 143, '0000-00-00 00:00:00.000000', '0000-00-00 00:00:00.000000'),
(2578, '0700', '0000', 'Sleep', 'h', 150, '0000-00-00 00:00:00.000000', '0000-00-00 00:00:00.000000'),
(2580, '0730', '0700', 'Wake up, drink a glass of water', 'h', 101, '0000-00-00 00:00:00.000000', '0000-00-00 00:00:00.000000'),
(2581, '0730', '0700', 'Wake up, drink a glass of water', 'h', 108, '0000-00-00 00:00:00.000000', '0000-00-00 00:00:00.000000'),
(2582, '0730', '0700', 'Wake up, drink a glass of water', 'h', 115, '0000-00-00 00:00:00.000000', '0000-00-00 00:00:00.000000'),
(2583, '0730', '0700', 'Wake up, drink a glass of water', 'h', 136, '0000-00-00 00:00:00.000000', '0000-00-00 00:00:00.000000'),
(2584, '0730', '0700', 'Wake up, drink a glass of water', 'h', 143, '0000-00-00 00:00:00.000000', '0000-00-00 00:00:00.000000'),
(2585, '0730', '0700', 'Wake up, drink a glass of water', 'h', 150, '0000-00-00 00:00:00.000000', '0000-00-00 00:00:00.000000'),
(2587, '0800', '0730', 'Breakfast', 'm', 101, '0000-00-00 00:00:00.000000', '0000-00-00 00:00:00.000000'),
(2588, '0800', '0730', 'Breakfast', 'm', 108, '0000-00-00 00:00:00.000000', '0000-00-00 00:00:00.000000'),
(2589, '0800', '0730', 'Breakfast', 'm', 115, '0000-00-00 00:00:00.000000', '0000-00-00 00:00:00.000000'),
(2590, '0800', '0730', 'Breakfast', 'm', 136, '0000-00-00 00:00:00.000000', '0000-00-00 00:00:00.000000'),
(2591, '0800', '0730', 'Breakfast', 'm', 143, '0000-00-00 00:00:00.000000', '0000-00-00 00:00:00.000000'),
(2592, '0800', '0730', 'Breakfast', 'm', 150, '0000-00-00 00:00:00.000000', '0000-00-00 00:00:00.000000'),
(2594, '1200', '0800', 'Free time/Work/Study (adjust as needed)', 'c', 101, '0000-00-00 00:00:00.000000', '0000-00-00 00:00:00.000000'),
(2595, '1200', '0800', 'Free time/Work/Study (adjust as needed)', 'c', 108, '0000-00-00 00:00:00.000000', '0000-00-00 00:00:00.000000'),
(2596, '1200', '0800', 'Free time/Work/Study (adjust as needed)', 'c', 115, '0000-00-00 00:00:00.000000', '0000-00-00 00:00:00.000000'),
(2597, '1200', '0800', 'Free time/Work/Study (adjust as needed)', 'c', 136, '0000-00-00 00:00:00.000000', '0000-00-00 00:00:00.000000'),
(2598, '1200', '0800', 'Free time/Work/Study (adjust as needed)', 'c', 143, '0000-00-00 00:00:00.000000', '0000-00-00 00:00:00.000000'),
(2599, '1200', '0800', 'Free time/Work/Study (adjust as needed)', 'c', 150, '0000-00-00 00:00:00.000000', '0000-00-00 00:00:00.000000'),
(2601, '1300', '1200', 'Lunch', 'm', 101, '0000-00-00 00:00:00.000000', '0000-00-00 00:00:00.000000'),
(2602, '1300', '1200', 'Lunch', 'm', 108, '0000-00-00 00:00:00.000000', '0000-00-00 00:00:00.000000'),
(2603, '1300', '1200', 'Lunch', 'm', 115, '0000-00-00 00:00:00.000000', '0000-00-00 00:00:00.000000'),
(2604, '1300', '1200', 'Lunch', 'm', 136, '0000-00-00 00:00:00.000000', '0000-00-00 00:00:00.000000'),
(2605, '1300', '1200', 'Lunch', 'm', 143, '0000-00-00 00:00:00.000000', '0000-00-00 00:00:00.000000'),
(2606, '1300', '1200', 'Lunch', 'm', 150, '0000-00-00 00:00:00.000000', '0000-00-00 00:00:00.000000'),
(2608, '1700', '1300', 'Free time/Work/Study (adjust as needed)', 'c', 101, '0000-00-00 00:00:00.000000', '0000-00-00 00:00:00.000000'),
(2609, '1700', '1300', 'Free time/Work/Study (adjust as needed)', 'c', 108, '0000-00-00 00:00:00.000000', '0000-00-00 00:00:00.000000'),
(2610, '1700', '1300', 'Free time/Work/Study (adjust as needed)', 'c', 115, '0000-00-00 00:00:00.000000', '0000-00-00 00:00:00.000000'),
(2611, '1700', '1300', 'Free time/Work/Study (adjust as needed)', 'c', 136, '0000-00-00 00:00:00.000000', '0000-00-00 00:00:00.000000'),
(2612, '1700', '1300', 'Free time/Work/Study (adjust as needed)', 'c', 143, '0000-00-00 00:00:00.000000', '0000-00-00 00:00:00.000000'),
(2613, '1700', '1300', 'Free time/Work/Study (adjust as needed)', 'c', 150, '0000-00-00 00:00:00.000000', '0000-00-00 00:00:00.000000'),
(2615, '1800', '1700', 'Exercise', 's', 101, '0000-00-00 00:00:00.000000', '0000-00-00 00:00:00.000000'),
(2616, '1800', '1700', 'Exercise', 's', 108, '0000-00-00 00:00:00.000000', '0000-00-00 00:00:00.000000'),
(2617, '1800', '1700', 'Exercise', 's', 115, '0000-00-00 00:00:00.000000', '0000-00-00 00:00:00.000000'),
(2618, '1800', '1700', 'Exercise', 's', 136, '0000-00-00 00:00:00.000000', '0000-00-00 00:00:00.000000'),
(2619, '1800', '1700', 'Exercise', 's', 143, '0000-00-00 00:00:00.000000', '0000-00-00 00:00:00.000000'),
(2620, '1800', '1700', 'Exercise', 's', 150, '0000-00-00 00:00:00.000000', '0000-00-00 00:00:00.000000'),
(2622, '1900', '1800', 'Dinner', 'm', 101, '0000-00-00 00:00:00.000000', '0000-00-00 00:00:00.000000'),
(2623, '1900', '1800', 'Dinner', 'm', 108, '0000-00-00 00:00:00.000000', '0000-00-00 00:00:00.000000'),
(2624, '1900', '1800', 'Dinner', 'm', 115, '0000-00-00 00:00:00.000000', '0000-00-00 00:00:00.000000'),
(2625, '1900', '1800', 'Dinner', 'm', 136, '0000-00-00 00:00:00.000000', '0000-00-00 00:00:00.000000'),
(2626, '1900', '1800', 'Dinner', 'm', 143, '0000-00-00 00:00:00.000000', '0000-00-00 00:00:00.000000'),
(2627, '1900', '1800', 'Dinner', 'm', 150, '0000-00-00 00:00:00.000000', '0000-00-00 00:00:00.000000'),
(2629, '2300', '1900', 'Free time/Relax/Socialize', 'c', 101, '0000-00-00 00:00:00.000000', '0000-00-00 00:00:00.000000'),
(2630, '2300', '1900', 'Free time/Relax/Socialize', 'c', 108, '0000-00-00 00:00:00.000000', '0000-00-00 00:00:00.000000'),
(2631, '2300', '1900', 'Free time/Relax/Socialize', 'c', 115, '0000-00-00 00:00:00.000000', '0000-00-00 00:00:00.000000'),
(2632, '2300', '1900', 'Free time/Relax/Socialize', 'c', 136, '0000-00-00 00:00:00.000000', '0000-00-00 00:00:00.000000'),
(2633, '2300', '1900', 'Free time/Relax/Socialize', 'c', 143, '0000-00-00 00:00:00.000000', '0000-00-00 00:00:00.000000'),
(2634, '2300', '1900', 'Free time/Relax/Socialize', 'c', 150, '0000-00-00 00:00:00.000000', '0000-00-00 00:00:00.000000'),
(2636, '2400', '2300', 'Prepare for sleep', 'h', 101, '0000-00-00 00:00:00.000000', '0000-00-00 00:00:00.000000'),
(2637, '2400', '2300', 'Prepare for sleep', 'h', 108, '0000-00-00 00:00:00.000000', '0000-00-00 00:00:00.000000'),
(2638, '2400', '2300', 'Prepare for sleep', 'h', 115, '0000-00-00 00:00:00.000000', '0000-00-00 00:00:00.000000'),
(2639, '2400', '2300', 'Prepare for sleep', 'h', 136, '0000-00-00 00:00:00.000000', '0000-00-00 00:00:00.000000'),
(2640, '2400', '2300', 'Prepare for sleep', 'h', 143, '0000-00-00 00:00:00.000000', '0000-00-00 00:00:00.000000'),
(2641, '2400', '2300', 'Prepare for sleep', 'h', 150, '0000-00-00 00:00:00.000000', '0000-00-00 00:00:00.000000'),
(2643, '0700', '0000', 'Sleep', 'h', 102, '0000-00-00 00:00:00.000000', '0000-00-00 00:00:00.000000'),
(2644, '0700', '0000', 'Sleep', 'h', 109, '0000-00-00 00:00:00.000000', '0000-00-00 00:00:00.000000'),
(2645, '0700', '0000', 'Sleep', 'h', 116, '0000-00-00 00:00:00.000000', '0000-00-00 00:00:00.000000'),
(2646, '0700', '0000', 'Sleep', 'h', 137, '0000-00-00 00:00:00.000000', '0000-00-00 00:00:00.000000'),
(2647, '0700', '0000', 'Sleep', 'h', 144, '0000-00-00 00:00:00.000000', '0000-00-00 00:00:00.000000'),
(2648, '0700', '0000', 'Sleep', 'h', 151, '0000-00-00 00:00:00.000000', '0000-00-00 00:00:00.000000'),
(2650, '0730', '0700', 'Wake up, drink a glass of water', 'h', 102, '0000-00-00 00:00:00.000000', '0000-00-00 00:00:00.000000'),
(2651, '0730', '0700', 'Wake up, drink a glass of water', 'h', 109, '0000-00-00 00:00:00.000000', '0000-00-00 00:00:00.000000'),
(2652, '0730', '0700', 'Wake up, drink a glass of water', 'h', 116, '0000-00-00 00:00:00.000000', '0000-00-00 00:00:00.000000'),
(2653, '0730', '0700', 'Wake up, drink a glass of water', 'h', 137, '0000-00-00 00:00:00.000000', '0000-00-00 00:00:00.000000'),
(2654, '0730', '0700', 'Wake up, drink a glass of water', 'h', 144, '0000-00-00 00:00:00.000000', '0000-00-00 00:00:00.000000'),
(2655, '0730', '0700', 'Wake up, drink a glass of water', 'h', 151, '0000-00-00 00:00:00.000000', '0000-00-00 00:00:00.000000'),
(2657, '0800', '0730', 'Breakfast', 'm', 102, '0000-00-00 00:00:00.000000', '0000-00-00 00:00:00.000000'),
(2658, '0800', '0730', 'Breakfast', 'm', 109, '0000-00-00 00:00:00.000000', '0000-00-00 00:00:00.000000'),
(2659, '0800', '0730', 'Breakfast', 'm', 116, '0000-00-00 00:00:00.000000', '0000-00-00 00:00:00.000000'),
(2660, '0800', '0730', 'Breakfast', 'm', 137, '0000-00-00 00:00:00.000000', '0000-00-00 00:00:00.000000'),
(2661, '0800', '0730', 'Breakfast', 'm', 144, '0000-00-00 00:00:00.000000', '0000-00-00 00:00:00.000000'),
(2662, '0800', '0730', 'Breakfast', 'm', 151, '0000-00-00 00:00:00.000000', '0000-00-00 00:00:00.000000'),
(2664, '1200', '0800', 'Free time/Work/Study (adjust as needed)', 'c', 102, '0000-00-00 00:00:00.000000', '0000-00-00 00:00:00.000000'),
(2665, '1200', '0800', 'Free time/Work/Study (adjust as needed)', 'c', 109, '0000-00-00 00:00:00.000000', '0000-00-00 00:00:00.000000'),
(2666, '1200', '0800', 'Free time/Work/Study (adjust as needed)', 'c', 116, '0000-00-00 00:00:00.000000', '0000-00-00 00:00:00.000000'),
(2667, '1200', '0800', 'Free time/Work/Study (adjust as needed)', 'c', 137, '0000-00-00 00:00:00.000000', '0000-00-00 00:00:00.000000'),
(2668, '1200', '0800', 'Free time/Work/Study (adjust as needed)', 'c', 144, '0000-00-00 00:00:00.000000', '0000-00-00 00:00:00.000000'),
(2669, '1200', '0800', 'Free time/Work/Study (adjust as needed)', 'c', 151, '0000-00-00 00:00:00.000000', '0000-00-00 00:00:00.000000'),
(2671, '1300', '1200', 'Lunch', 'm', 102, '0000-00-00 00:00:00.000000', '0000-00-00 00:00:00.000000'),
(2672, '1300', '1200', 'Lunch', 'm', 109, '0000-00-00 00:00:00.000000', '0000-00-00 00:00:00.000000'),
(2673, '1300', '1200', 'Lunch', 'm', 116, '0000-00-00 00:00:00.000000', '0000-00-00 00:00:00.000000'),
(2674, '1300', '1200', 'Lunch', 'm', 137, '0000-00-00 00:00:00.000000', '0000-00-00 00:00:00.000000'),
(2675, '1300', '1200', 'Lunch', 'm', 144, '0000-00-00 00:00:00.000000', '0000-00-00 00:00:00.000000'),
(2676, '1300', '1200', 'Lunch', 'm', 151, '0000-00-00 00:00:00.000000', '0000-00-00 00:00:00.000000'),
(2678, '1700', '1300', 'Free time/Work/Study (adjust as needed)', 'c', 102, '0000-00-00 00:00:00.000000', '0000-00-00 00:00:00.000000'),
(2679, '1700', '1300', 'Free time/Work/Study (adjust as needed)', 'c', 109, '0000-00-00 00:00:00.000000', '0000-00-00 00:00:00.000000'),
(2680, '1700', '1300', 'Free time/Work/Study (adjust as needed)', 'c', 116, '0000-00-00 00:00:00.000000', '0000-00-00 00:00:00.000000'),
(2681, '1700', '1300', 'Free time/Work/Study (adjust as needed)', 'c', 137, '0000-00-00 00:00:00.000000', '0000-00-00 00:00:00.000000'),
(2682, '1700', '1300', 'Free time/Work/Study (adjust as needed)', 'c', 144, '0000-00-00 00:00:00.000000', '0000-00-00 00:00:00.000000'),
(2683, '1700', '1300', 'Free time/Work/Study (adjust as needed)', 'c', 151, '0000-00-00 00:00:00.000000', '0000-00-00 00:00:00.000000'),
(2685, '1800', '1700', 'Exercise', 's', 102, '0000-00-00 00:00:00.000000', '0000-00-00 00:00:00.000000'),
(2686, '1800', '1700', 'Exercise', 's', 109, '0000-00-00 00:00:00.000000', '0000-00-00 00:00:00.000000'),
(2687, '1800', '1700', 'Exercise', 's', 116, '0000-00-00 00:00:00.000000', '0000-00-00 00:00:00.000000'),
(2688, '1800', '1700', 'Exercise', 's', 137, '0000-00-00 00:00:00.000000', '0000-00-00 00:00:00.000000'),
(2689, '1800', '1700', 'Exercise', 's', 144, '0000-00-00 00:00:00.000000', '0000-00-00 00:00:00.000000'),
(2690, '1800', '1700', 'Exercise', 's', 151, '0000-00-00 00:00:00.000000', '0000-00-00 00:00:00.000000'),
(2692, '1900', '1800', 'Dinner', 'm', 102, '0000-00-00 00:00:00.000000', '0000-00-00 00:00:00.000000'),
(2693, '1900', '1800', 'Dinner', 'm', 109, '0000-00-00 00:00:00.000000', '0000-00-00 00:00:00.000000'),
(2694, '1900', '1800', 'Dinner', 'm', 116, '0000-00-00 00:00:00.000000', '0000-00-00 00:00:00.000000'),
(2695, '1900', '1800', 'Dinner', 'm', 137, '0000-00-00 00:00:00.000000', '0000-00-00 00:00:00.000000'),
(2696, '1900', '1800', 'Dinner', 'm', 144, '0000-00-00 00:00:00.000000', '0000-00-00 00:00:00.000000'),
(2697, '1900', '1800', 'Dinner', 'm', 151, '0000-00-00 00:00:00.000000', '0000-00-00 00:00:00.000000'),
(2699, '2300', '1900', 'Free time/Relax/Socialize', 'c', 102, '0000-00-00 00:00:00.000000', '0000-00-00 00:00:00.000000'),
(2700, '2300', '1900', 'Free time/Relax/Socialize', 'c', 109, '0000-00-00 00:00:00.000000', '0000-00-00 00:00:00.000000'),
(2701, '2300', '1900', 'Free time/Relax/Socialize', 'c', 116, '0000-00-00 00:00:00.000000', '0000-00-00 00:00:00.000000'),
(2702, '2300', '1900', 'Free time/Relax/Socialize', 'c', 137, '0000-00-00 00:00:00.000000', '0000-00-00 00:00:00.000000'),
(2703, '2300', '1900', 'Free time/Relax/Socialize', 'c', 144, '0000-00-00 00:00:00.000000', '0000-00-00 00:00:00.000000'),
(2704, '2300', '1900', 'Free time/Relax/Socialize', 'c', 151, '0000-00-00 00:00:00.000000', '0000-00-00 00:00:00.000000'),
(2706, '2400', '2300', 'Prepare for sleep', 'h', 102, '0000-00-00 00:00:00.000000', '0000-00-00 00:00:00.000000'),
(2707, '2400', '2300', 'Prepare for sleep', 'h', 109, '0000-00-00 00:00:00.000000', '0000-00-00 00:00:00.000000'),
(2708, '2400', '2300', 'Prepare for sleep', 'h', 116, '0000-00-00 00:00:00.000000', '0000-00-00 00:00:00.000000'),
(2709, '2400', '2300', 'Prepare for sleep', 'h', 137, '0000-00-00 00:00:00.000000', '0000-00-00 00:00:00.000000'),
(2710, '2400', '2300', 'Prepare for sleep', 'h', 144, '0000-00-00 00:00:00.000000', '0000-00-00 00:00:00.000000'),
(2711, '2400', '2300', 'Prepare for sleep', 'h', 151, '0000-00-00 00:00:00.000000', '0000-00-00 00:00:00.000000'),
(2713, '0900', '0000', 'Sleep', 'h', 103, '0000-00-00 00:00:00.000000', '0000-00-00 00:00:00.000000'),
(2714, '0900', '0000', 'Sleep', 'h', 110, '0000-00-00 00:00:00.000000', '0000-00-00 00:00:00.000000'),
(2715, '0900', '0000', 'Sleep', 'h', 117, '0000-00-00 00:00:00.000000', '0000-00-00 00:00:00.000000'),
(2716, '0900', '0000', 'Sleep', 'h', 138, '0000-00-00 00:00:00.000000', '0000-00-00 00:00:00.000000'),
(2717, '0900', '0000', 'Sleep', 'h', 145, '0000-00-00 00:00:00.000000', '0000-00-00 00:00:00.000000'),
(2718, '0900', '0000', 'Sleep', 'h', 152, '0000-00-00 00:00:00.000000', '0000-00-00 00:00:00.000000'),
(2720, '1000', '0900', 'Brunch', 'f', 103, '0000-00-00 00:00:00.000000', '0000-00-00 00:00:00.000000'),
(2721, '1000', '0900', 'Brunch', 'f', 110, '0000-00-00 00:00:00.000000', '0000-00-00 00:00:00.000000'),
(2722, '1000', '0900', 'Brunch', 'f', 117, '0000-00-00 00:00:00.000000', '0000-00-00 00:00:00.000000'),
(2723, '1000', '0900', 'Brunch', 'f', 138, '0000-00-00 00:00:00.000000', '0000-00-00 00:00:00.000000'),
(2724, '1000', '0900', 'Brunch', 'f', 145, '0000-00-00 00:00:00.000000', '0000-00-00 00:00:00.000000'),
(2725, '1000', '0900', 'Brunch', 'f', 152, '0000-00-00 00:00:00.000000', '0000-00-00 00:00:00.000000'),
(2727, '1800', '1000', 'Free time/Hobbies/Social Activities', 'c', 103, '0000-00-00 00:00:00.000000', '0000-00-00 00:00:00.000000'),
(2728, '1800', '1000', 'Free time/Hobbies/Social Activities', 'c', 110, '0000-00-00 00:00:00.000000', '0000-00-00 00:00:00.000000'),
(2729, '1800', '1000', 'Free time/Hobbies/Social Activities', 'c', 117, '0000-00-00 00:00:00.000000', '0000-00-00 00:00:00.000000'),
(2730, '1800', '1000', 'Free time/Hobbies/Social Activities', 'c', 138, '0000-00-00 00:00:00.000000', '0000-00-00 00:00:00.000000'),
(2731, '1800', '1000', 'Free time/Hobbies/Social Activities', 'c', 145, '0000-00-00 00:00:00.000000', '0000-00-00 00:00:00.000000'),
(2732, '1800', '1000', 'Free time/Hobbies/Social Activities', 'c', 152, '0000-00-00 00:00:00.000000', '0000-00-00 00:00:00.000000'),
(2734, '1900', '1800', 'Dinner', 'f', 103, '0000-00-00 00:00:00.000000', '0000-00-00 00:00:00.000000'),
(2735, '1900', '1800', 'Dinner', 'f', 110, '0000-00-00 00:00:00.000000', '0000-00-00 00:00:00.000000'),
(2736, '1900', '1800', 'Dinner', 'f', 117, '0000-00-00 00:00:00.000000', '0000-00-00 00:00:00.000000'),
(2737, '1900', '1800', 'Dinner', 'f', 138, '0000-00-00 00:00:00.000000', '0000-00-00 00:00:00.000000'),
(2738, '1900', '1800', 'Dinner', 'f', 145, '0000-00-00 00:00:00.000000', '0000-00-00 00:00:00.000000'),
(2739, '1900', '1800', 'Dinner', 'f', 152, '0000-00-00 00:00:00.000000', '0000-00-00 00:00:00.000000'),
(2741, '2300', '1900', 'Relax/Socialize', 'c', 103, '0000-00-00 00:00:00.000000', '0000-00-00 00:00:00.000000'),
(2742, '2300', '1900', 'Relax/Socialize', 'c', 110, '0000-00-00 00:00:00.000000', '0000-00-00 00:00:00.000000'),
(2743, '2300', '1900', 'Relax/Socialize', 'c', 117, '0000-00-00 00:00:00.000000', '0000-00-00 00:00:00.000000'),
(2744, '2300', '1900', 'Relax/Socialize', 'c', 138, '0000-00-00 00:00:00.000000', '0000-00-00 00:00:00.000000'),
(2745, '2300', '1900', 'Relax/Socialize', 'c', 145, '0000-00-00 00:00:00.000000', '0000-00-00 00:00:00.000000'),
(2746, '2300', '1900', 'Relax/Socialize', 'c', 152, '0000-00-00 00:00:00.000000', '0000-00-00 00:00:00.000000'),
(2748, '2400', '2300', 'Sleep', 'h', 103, '0000-00-00 00:00:00.000000', '0000-00-00 00:00:00.000000'),
(2749, '2400', '2300', 'Sleep', 'h', 110, '0000-00-00 00:00:00.000000', '0000-00-00 00:00:00.000000'),
(2750, '2400', '2300', 'Sleep', 'h', 117, '0000-00-00 00:00:00.000000', '0000-00-00 00:00:00.000000'),
(2751, '2400', '2300', 'Sleep', 'h', 138, '0000-00-00 00:00:00.000000', '0000-00-00 00:00:00.000000'),
(2752, '2400', '2300', 'Sleep', 'h', 145, '0000-00-00 00:00:00.000000', '0000-00-00 00:00:00.000000'),
(2753, '2400', '2300', 'Sleep', 'h', 152, '0000-00-00 00:00:00.000000', '0000-00-00 00:00:00.000000'),
(2755, '0900', '0000', 'Sleep', 'h', 104, '0000-00-00 00:00:00.000000', '0000-00-00 00:00:00.000000'),
(2756, '0900', '0000', 'Sleep', 'h', 111, '0000-00-00 00:00:00.000000', '0000-00-00 00:00:00.000000'),
(2757, '0900', '0000', 'Sleep', 'h', 118, '0000-00-00 00:00:00.000000', '0000-00-00 00:00:00.000000'),
(2758, '0900', '0000', 'Sleep', 'h', 139, '0000-00-00 00:00:00.000000', '0000-00-00 00:00:00.000000'),
(2759, '0900', '0000', 'Sleep', 'h', 146, '0000-00-00 00:00:00.000000', '0000-00-00 00:00:00.000000'),
(2760, '0900', '0000', 'Sleep', 'h', 153, '0000-00-00 00:00:00.000000', '0000-00-00 00:00:00.000000'),
(2762, '1000', '0900', 'Brunch', 'f', 104, '0000-00-00 00:00:00.000000', '0000-00-00 00:00:00.000000'),
(2763, '1000', '0900', 'Brunch', 'f', 111, '0000-00-00 00:00:00.000000', '0000-00-00 00:00:00.000000'),
(2764, '1000', '0900', 'Brunch', 'f', 118, '0000-00-00 00:00:00.000000', '0000-00-00 00:00:00.000000'),
(2765, '1000', '0900', 'Brunch', 'f', 139, '0000-00-00 00:00:00.000000', '0000-00-00 00:00:00.000000'),
(2766, '1000', '0900', 'Brunch', 'f', 146, '0000-00-00 00:00:00.000000', '0000-00-00 00:00:00.000000'),
(2767, '1000', '0900', 'Brunch', 'f', 153, '0000-00-00 00:00:00.000000', '0000-00-00 00:00:00.000000'),
(2769, '1800', '1000', 'Relax/Free time/Prepare for week', 'c', 104, '0000-00-00 00:00:00.000000', '0000-00-00 00:00:00.000000'),
(2770, '1800', '1000', 'Relax/Free time/Prepare for week', 'c', 111, '0000-00-00 00:00:00.000000', '0000-00-00 00:00:00.000000'),
(2771, '1800', '1000', 'Relax/Free time/Prepare for week', 'c', 118, '0000-00-00 00:00:00.000000', '0000-00-00 00:00:00.000000'),
(2772, '1800', '1000', 'Relax/Free time/Prepare for week', 'c', 139, '0000-00-00 00:00:00.000000', '0000-00-00 00:00:00.000000'),
(2773, '1800', '1000', 'Relax/Free time/Prepare for week', 'c', 146, '0000-00-00 00:00:00.000000', '0000-00-00 00:00:00.000000'),
(2774, '1800', '1000', 'Relax/Free time/Prepare for week', 'c', 153, '0000-00-00 00:00:00.000000', '0000-00-00 00:00:00.000000'),
(2776, '1900', '1800', 'Dinner', 'f', 104, '0000-00-00 00:00:00.000000', '0000-00-00 00:00:00.000000'),
(2777, '1900', '1800', 'Dinner', 'f', 111, '0000-00-00 00:00:00.000000', '0000-00-00 00:00:00.000000'),
(2778, '1900', '1800', 'Dinner', 'f', 118, '0000-00-00 00:00:00.000000', '0000-00-00 00:00:00.000000'),
(2779, '1900', '1800', 'Dinner', 'f', 139, '0000-00-00 00:00:00.000000', '0000-00-00 00:00:00.000000'),
(2780, '1900', '1800', 'Dinner', 'f', 146, '0000-00-00 00:00:00.000000', '0000-00-00 00:00:00.000000'),
(2781, '1900', '1800', 'Dinner', 'f', 153, '0000-00-00 00:00:00.000000', '0000-00-00 00:00:00.000000'),
(2783, '2300', '1900', 'Relax/Wind down', 'c', 104, '0000-00-00 00:00:00.000000', '0000-00-00 00:00:00.000000'),
(2784, '2300', '1900', 'Relax/Wind down', 'c', 111, '0000-00-00 00:00:00.000000', '0000-00-00 00:00:00.000000'),
(2785, '2300', '1900', 'Relax/Wind down', 'c', 118, '0000-00-00 00:00:00.000000', '0000-00-00 00:00:00.000000'),
(2786, '2300', '1900', 'Relax/Wind down', 'c', 139, '0000-00-00 00:00:00.000000', '0000-00-00 00:00:00.000000'),
(2787, '2300', '1900', 'Relax/Wind down', 'c', 146, '0000-00-00 00:00:00.000000', '0000-00-00 00:00:00.000000'),
(2788, '2300', '1900', 'Relax/Wind down', 'c', 153, '0000-00-00 00:00:00.000000', '0000-00-00 00:00:00.000000'),
(2790, '2400', '2300', 'Sleep', 'h', 104, '0000-00-00 00:00:00.000000', '0000-00-00 00:00:00.000000'),
(2791, '2400', '2300', 'Sleep', 'h', 111, '0000-00-00 00:00:00.000000', '0000-00-00 00:00:00.000000'),
(2792, '2400', '2300', 'Sleep', 'h', 118, '0000-00-00 00:00:00.000000', '0000-00-00 00:00:00.000000'),
(2793, '2400', '2300', 'Sleep', 'h', 139, '0000-00-00 00:00:00.000000', '0000-00-00 00:00:00.000000'),
(2794, '2400', '2300', 'Sleep', 'h', 146, '0000-00-00 00:00:00.000000', '0000-00-00 00:00:00.000000'),
(2795, '2400', '2300', 'Sleep', 'h', 153, '0000-00-00 00:00:00.000000', '0000-00-00 00:00:00.000000'),
(2797, '0600', '0000', 'Sleep', 'h', 154, '0000-00-00 00:00:00.000000', '0000-00-00 00:00:00.000000'),
(2798, '0630', '0600', 'Wake up, drink a glass of water', 'h', 154, '0000-00-00 00:00:00.000000', '0000-00-00 00:00:00.000000'),
(2799, '0700', '0630', 'Light breakfast', 'm', 154, '0000-00-00 00:00:00.000000', '0000-00-00 00:00:00.000000'),
(2800, '0900', '0700', 'Teaching', 'c', 154, '0000-00-00 00:00:00.000000', '0000-00-00 00:00:00.000000'),
(2801, '1200', '0900', 'Work (lesson planning, grading, meetings)', 'c', 154, '0000-00-00 00:00:00.000000', '0000-00-00 00:00:00.000000'),
(2802, '1300', '1200', 'Lunch', 'm', 154, '0000-00-00 00:00:00.000000', '0000-00-00 00:00:00.000000'),
(2803, '1700', '1300', 'Personal Development/Work', 'c', 154, '0000-00-00 00:00:00.000000', '0000-00-00 00:00:00.000000'),
(2804, '1800', '1700', 'Exercise/Sports', 's', 154, '0000-00-00 00:00:00.000000', '0000-00-00 00:00:00.000000'),
(2805, '1900', '1800', 'Dinner with family', 'm', 154, '0000-00-00 00:00:00.000000', '0000-00-00 00:00:00.000000'),
(2806, '2200', '1900', 'Relax/Free time/Family time/Hobbies', 'c', 154, '0000-00-00 00:00:00.000000', '0000-00-00 00:00:00.000000'),
(2807, '2300', '2200', 'Prepare for sleep', 'h', 154, '0000-00-00 00:00:00.000000', '0000-00-00 00:00:00.000000'),
(2808, '2400', '2300', 'Sleep', 'h', 154, '0000-00-00 00:00:00.000000', '0000-00-00 00:00:00.000000'),
(2809, '0600', '0000', 'Sleep', 'h', 155, '0000-00-00 00:00:00.000000', '0000-00-00 00:00:00.000000'),
(2810, '0630', '0600', 'Wake up, drink a glass of water', 'h', 155, '0000-00-00 00:00:00.000000', '0000-00-00 00:00:00.000000'),
(2811, '0700', '0630', 'Light breakfast', 'm', 155, '0000-00-00 00:00:00.000000', '0000-00-00 00:00:00.000000'),
(2812, '0900', '0700', 'Teaching', 'c', 155, '0000-00-00 00:00:00.000000', '0000-00-00 00:00:00.000000'),
(2813, '1200', '0900', 'Work (lesson planning, grading, meetings)', 'c', 155, '0000-00-00 00:00:00.000000', '0000-00-00 00:00:00.000000'),
(2814, '1300', '1200', 'Lunch', 'm', 155, '0000-00-00 00:00:00.000000', '0000-00-00 00:00:00.000000'),
(2815, '1700', '1300', 'Personal Development/Work', 'c', 155, '0000-00-00 00:00:00.000000', '0000-00-00 00:00:00.000000'),
(2816, '1800', '1700', 'Exercise/Sports', 's', 155, '0000-00-00 00:00:00.000000', '0000-00-00 00:00:00.000000'),
(2817, '1900', '1800', 'Dinner with family', 'm', 155, '0000-00-00 00:00:00.000000', '0000-00-00 00:00:00.000000'),
(2818, '2200', '1900', 'Relax/Free time/Family time/Hobbies', 'c', 155, '0000-00-00 00:00:00.000000', '0000-00-00 00:00:00.000000'),
(2819, '2300', '2200', 'Prepare for sleep', 'h', 155, '0000-00-00 00:00:00.000000', '0000-00-00 00:00:00.000000'),
(2820, '2400', '2300', 'Sleep', 'h', 155, '0000-00-00 00:00:00.000000', '0000-00-00 00:00:00.000000'),
(2821, '0600', '0000', 'Sleep', 'h', 156, '0000-00-00 00:00:00.000000', '0000-00-00 00:00:00.000000'),
(2822, '0630', '0600', 'Wake up, drink a glass of water', 'h', 156, '0000-00-00 00:00:00.000000', '0000-00-00 00:00:00.000000'),
(2823, '0700', '0630', 'Light breakfast', 'm', 156, '0000-00-00 00:00:00.000000', '0000-00-00 00:00:00.000000'),
(2824, '0900', '0700', 'Teaching', 'c', 156, '0000-00-00 00:00:00.000000', '0000-00-00 00:00:00.000000'),
(2825, '1200', '0900', 'Work (lesson planning, grading, meetings)', 'c', 156, '0000-00-00 00:00:00.000000', '0000-00-00 00:00:00.000000'),
(2826, '1300', '1200', 'Lunch', 'm', 156, '0000-00-00 00:00:00.000000', '0000-00-00 00:00:00.000000'),
(2827, '1700', '1300', 'Personal Development/Work', 'c', 156, '0000-00-00 00:00:00.000000', '0000-00-00 00:00:00.000000'),
(2828, '1800', '1700', 'Exercise/Sports', 's', 156, '0000-00-00 00:00:00.000000', '0000-00-00 00:00:00.000000'),
(2829, '1900', '1800', 'Dinner with family', 'm', 156, '0000-00-00 00:00:00.000000', '0000-00-00 00:00:00.000000'),
(2830, '2200', '1900', 'Relax/Free time/Family time/Hobbies', 'c', 156, '0000-00-00 00:00:00.000000', '0000-00-00 00:00:00.000000'),
(2831, '2300', '2200', 'Prepare for sleep', 'h', 156, '0000-00-00 00:00:00.000000', '0000-00-00 00:00:00.000000'),
(2832, '2400', '2300', 'Sleep', 'h', 156, '0000-00-00 00:00:00.000000', '0000-00-00 00:00:00.000000'),
(2833, '0600', '0000', 'Sleep', 'h', 157, '0000-00-00 00:00:00.000000', '0000-00-00 00:00:00.000000'),
(2834, '0630', '0600', 'Wake up, drink a glass of water', 'h', 157, '0000-00-00 00:00:00.000000', '0000-00-00 00:00:00.000000'),
(2835, '0700', '0630', 'Light breakfast', 'm', 157, '0000-00-00 00:00:00.000000', '0000-00-00 00:00:00.000000'),
(2836, '0900', '0700', 'Teaching', 'c', 157, '0000-00-00 00:00:00.000000', '0000-00-00 00:00:00.000000'),
(2837, '1200', '0900', 'Work (lesson planning, grading, meetings)', 'c', 157, '0000-00-00 00:00:00.000000', '0000-00-00 00:00:00.000000'),
(2838, '1300', '1200', 'Lunch', 'm', 157, '0000-00-00 00:00:00.000000', '0000-00-00 00:00:00.000000'),
(2839, '1700', '1300', 'Personal Development/Work', 'c', 157, '0000-00-00 00:00:00.000000', '0000-00-00 00:00:00.000000'),
(2840, '1800', '1700', 'Exercise/Sports', 's', 157, '0000-00-00 00:00:00.000000', '0000-00-00 00:00:00.000000'),
(2841, '1900', '1800', 'Dinner with family', 'm', 157, '0000-00-00 00:00:00.000000', '0000-00-00 00:00:00.000000'),
(2842, '2200', '1900', 'Relax/Free time/Family time/Hobbies', 'c', 157, '0000-00-00 00:00:00.000000', '0000-00-00 00:00:00.000000'),
(2843, '2300', '2200', 'Prepare for sleep', 'h', 157, '0000-00-00 00:00:00.000000', '0000-00-00 00:00:00.000000'),
(2844, '2400', '2300', 'Sleep', 'h', 157, '0000-00-00 00:00:00.000000', '0000-00-00 00:00:00.000000'),
(2845, '0600', '0000', 'Sleep', 'h', 158, '0000-00-00 00:00:00.000000', '0000-00-00 00:00:00.000000'),
(2846, '0630', '0600', 'Wake up, drink a glass of water', 'h', 158, '0000-00-00 00:00:00.000000', '0000-00-00 00:00:00.000000'),
(2847, '0700', '0630', 'Light breakfast', 'm', 158, '0000-00-00 00:00:00.000000', '0000-00-00 00:00:00.000000'),
(2848, '0900', '0700', 'Teaching', 'c', 158, '0000-00-00 00:00:00.000000', '0000-00-00 00:00:00.000000'),
(2849, '1200', '0900', 'Work (lesson planning, grading, meetings)', 'c', 158, '0000-00-00 00:00:00.000000', '0000-00-00 00:00:00.000000'),
(2850, '1300', '1200', 'Lunch', 'm', 158, '0000-00-00 00:00:00.000000', '0000-00-00 00:00:00.000000'),
(2851, '1700', '1300', 'Personal Development/Work', 'c', 158, '0000-00-00 00:00:00.000000', '0000-00-00 00:00:00.000000'),
(2852, '1800', '1700', 'Exercise/Sports', 's', 158, '0000-00-00 00:00:00.000000', '0000-00-00 00:00:00.000000'),
(2853, '1900', '1800', 'Dinner with family', 'm', 158, '0000-00-00 00:00:00.000000', '0000-00-00 00:00:00.000000'),
(2854, '2200', '1900', 'Relax/Free time/Family time/Hobbies', 'c', 158, '0000-00-00 00:00:00.000000', '0000-00-00 00:00:00.000000'),
(2855, '2300', '2200', 'Prepare for sleep', 'h', 158, '0000-00-00 00:00:00.000000', '0000-00-00 00:00:00.000000'),
(2856, '2400', '2300', 'Sleep', 'h', 158, '0000-00-00 00:00:00.000000', '0000-00-00 00:00:00.000000'),
(2857, '0800', '0000', 'Sleep', 'h', 159, '0000-00-00 00:00:00.000000', '0000-00-00 00:00:00.000000'),
(2858, '0900', '0800', 'Leisurely breakfast', 'f', 159, '0000-00-00 00:00:00.000000', '0000-00-00 00:00:00.000000'),
(2859, '1200', '0900', 'Exercise/Outdoor activities/Sports', 's', 159, '0000-00-00 00:00:00.000000', '0000-00-00 00:00:00.000000'),
(2860, '1300', '1200', 'Lunch', 'f', 159, '0000-00-00 00:00:00.000000', '0000-00-00 00:00:00.000000'),
(2861, '1700', '1300', 'Social activities/Hobbies/Errands', 'c', 159, '0000-00-00 00:00:00.000000', '0000-00-00 00:00:00.000000'),
(2862, '1800', '1700', 'Dinner', 'f', 159, '0000-00-00 00:00:00.000000', '0000-00-00 00:00:00.000000'),
(2863, '2300', '1800', 'Family time/Relax', 'c', 159, '0000-00-00 00:00:00.000000', '0000-00-00 00:00:00.000000'),
(2864, '2400', '2300', 'Sleep', 'h', 159, '0000-00-00 00:00:00.000000', '0000-00-00 00:00:00.000000'),
(2865, '0900', '0000', 'Sleep', 'h', 160, '0000-00-00 00:00:00.000000', '0000-00-00 00:00:00.000000'),
(2866, '1000', '0900', 'Brunch', 'f', 160, '0000-00-00 00:00:00.000000', '0000-00-00 00:00:00.000000'),
(2867, '1400', '1000', 'Relaxing activities/Hobbies/Family time', 'c', 160, '0000-00-00 00:00:00.000000', '0000-00-00 00:00:00.000000'),
(2868, '1500', '1400', 'Light Lunch/Snack', 'f', 160, '0000-00-00 00:00:00.000000', '0000-00-00 00:00:00.000000'),
(2869, '1900', '1500', 'Prepare for the week/Relax/Family Time', 'c', 160, '0000-00-00 00:00:00.000000', '0000-00-00 00:00:00.000000'),
(2870, '2000', '1900', 'Dinner', 'f', 160, '0000-00-00 00:00:00.000000', '0000-00-00 00:00:00.000000'),
(2871, '2300', '2000', 'Wind-down activities/Reading', 'c', 160, '0000-00-00 00:00:00.000000', '0000-00-00 00:00:00.000000'),
(2872, '2400', '2300', 'Sleep', 'h', 160, '0000-00-00 00:00:00.000000', '0000-00-00 00:00:00.000000'),
(2873, '0700', '0000', 'Sleep', 'h', 154, '0000-00-00 00:00:00.000000', '0000-00-00 00:00:00.000000'),
(2874, '0700', '0000', 'Sleep', 'h', 161, '0000-00-00 00:00:00.000000', '0000-00-00 00:00:00.000000'),
(2876, '0730', '0700', 'Wake up, drink a glass of water and do some light stretches', 'h', 154, '0000-00-00 00:00:00.000000', '0000-00-00 00:00:00.000000'),
(2877, '0730', '0700', 'Wake up, drink a glass of water and do some light stretches', 'h', 161, '0000-00-00 00:00:00.000000', '0000-00-00 00:00:00.000000'),
(2879, '0800', '0730', 'Breakfast', 'm', 154, '0000-00-00 00:00:00.000000', '0000-00-00 00:00:00.000000'),
(2880, '0800', '0730', 'Breakfast', 'm', 161, '0000-00-00 00:00:00.000000', '0000-00-00 00:00:00.000000'),
(2882, '1200', '0800', 'Free time/Study/Work/Errands', 'c', 154, '0000-00-00 00:00:00.000000', '0000-00-00 00:00:00.000000'),
(2883, '1200', '0800', 'Free time/Study/Work/Errands', 'c', 161, '0000-00-00 00:00:00.000000', '0000-00-00 00:00:00.000000'),
(2885, '1300', '1200', 'Lunch', 'm', 154, '0000-00-00 00:00:00.000000', '0000-00-00 00:00:00.000000'),
(2886, '1300', '1200', 'Lunch', 'm', 161, '0000-00-00 00:00:00.000000', '0000-00-00 00:00:00.000000'),
(2888, '1700', '1300', 'Free time/Study/Work/Errands', 'c', 154, '0000-00-00 00:00:00.000000', '0000-00-00 00:00:00.000000'),
(2889, '1700', '1300', 'Free time/Study/Work/Errands', 'c', 161, '0000-00-00 00:00:00.000000', '0000-00-00 00:00:00.000000'),
(2891, '1800', '1700', 'Exercise (Choose an activity you enjoy)', 's', 154, '0000-00-00 00:00:00.000000', '0000-00-00 00:00:00.000000');
INSERT INTO `schedule_task` (`id`, `end_time`, `start_time`, `title`, `type`, `schedule_id`, `end_date_time`, `start_date_time`) VALUES
(2892, '1800', '1700', 'Exercise (Choose an activity you enjoy)', 's', 161, '0000-00-00 00:00:00.000000', '0000-00-00 00:00:00.000000'),
(2894, '1900', '1800', 'Dinner', 'm', 154, '0000-00-00 00:00:00.000000', '0000-00-00 00:00:00.000000'),
(2895, '1900', '1800', 'Dinner', 'm', 161, '0000-00-00 00:00:00.000000', '0000-00-00 00:00:00.000000'),
(2897, '2200', '1900', 'Relax/Socialize/Hobbies', 'c', 154, '0000-00-00 00:00:00.000000', '0000-00-00 00:00:00.000000'),
(2898, '2200', '1900', 'Relax/Socialize/Hobbies', 'c', 161, '0000-00-00 00:00:00.000000', '0000-00-00 00:00:00.000000'),
(2900, '2300', '2200', 'Prepare for sleep', 'h', 154, '0000-00-00 00:00:00.000000', '0000-00-00 00:00:00.000000'),
(2901, '2300', '2200', 'Prepare for sleep', 'h', 161, '0000-00-00 00:00:00.000000', '0000-00-00 00:00:00.000000'),
(2903, '2400', '2300', 'Sleep', 'h', 154, '0000-00-00 00:00:00.000000', '0000-00-00 00:00:00.000000'),
(2904, '2400', '2300', 'Sleep', 'h', 161, '0000-00-00 00:00:00.000000', '0000-00-00 00:00:00.000000'),
(2906, '0700', '0000', 'Sleep', 'h', 155, '0000-00-00 00:00:00.000000', '0000-00-00 00:00:00.000000'),
(2907, '0700', '0000', 'Sleep', 'h', 162, '0000-00-00 00:00:00.000000', '0000-00-00 00:00:00.000000'),
(2909, '0730', '0700', 'Wake up, drink a glass of water and do some light stretches', 'h', 155, '0000-00-00 00:00:00.000000', '0000-00-00 00:00:00.000000'),
(2910, '0730', '0700', 'Wake up, drink a glass of water and do some light stretches', 'h', 162, '0000-00-00 00:00:00.000000', '0000-00-00 00:00:00.000000'),
(2912, '0800', '0730', 'Breakfast', 'm', 155, '0000-00-00 00:00:00.000000', '0000-00-00 00:00:00.000000'),
(2913, '0800', '0730', 'Breakfast', 'm', 162, '0000-00-00 00:00:00.000000', '0000-00-00 00:00:00.000000'),
(2915, '1200', '0800', 'Free time/Study/Work/Errands', 'c', 155, '0000-00-00 00:00:00.000000', '0000-00-00 00:00:00.000000'),
(2916, '1200', '0800', 'Free time/Study/Work/Errands', 'c', 162, '0000-00-00 00:00:00.000000', '0000-00-00 00:00:00.000000'),
(2918, '1300', '1200', 'Lunch', 'm', 155, '0000-00-00 00:00:00.000000', '0000-00-00 00:00:00.000000'),
(2919, '1300', '1200', 'Lunch', 'm', 162, '0000-00-00 00:00:00.000000', '0000-00-00 00:00:00.000000'),
(2921, '1700', '1300', 'Free time/Study/Work/Errands', 'c', 155, '0000-00-00 00:00:00.000000', '0000-00-00 00:00:00.000000'),
(2922, '1700', '1300', 'Free time/Study/Work/Errands', 'c', 162, '0000-00-00 00:00:00.000000', '0000-00-00 00:00:00.000000'),
(2924, '1800', '1700', 'Exercise (Choose an activity you enjoy)', 's', 155, '0000-00-00 00:00:00.000000', '0000-00-00 00:00:00.000000'),
(2925, '1800', '1700', 'Exercise (Choose an activity you enjoy)', 's', 162, '0000-00-00 00:00:00.000000', '0000-00-00 00:00:00.000000'),
(2927, '1900', '1800', 'Dinner', 'm', 155, '0000-00-00 00:00:00.000000', '0000-00-00 00:00:00.000000'),
(2928, '1900', '1800', 'Dinner', 'm', 162, '0000-00-00 00:00:00.000000', '0000-00-00 00:00:00.000000'),
(2930, '2200', '1900', 'Relax/Socialize/Hobbies', 'c', 155, '0000-00-00 00:00:00.000000', '0000-00-00 00:00:00.000000'),
(2931, '2200', '1900', 'Relax/Socialize/Hobbies', 'c', 162, '0000-00-00 00:00:00.000000', '0000-00-00 00:00:00.000000'),
(2933, '2300', '2200', 'Prepare for sleep', 'h', 155, '0000-00-00 00:00:00.000000', '0000-00-00 00:00:00.000000'),
(2934, '2300', '2200', 'Prepare for sleep', 'h', 162, '0000-00-00 00:00:00.000000', '0000-00-00 00:00:00.000000'),
(2936, '2400', '2300', 'Sleep', 'h', 155, '0000-00-00 00:00:00.000000', '0000-00-00 00:00:00.000000'),
(2937, '2400', '2300', 'Sleep', 'h', 162, '0000-00-00 00:00:00.000000', '0000-00-00 00:00:00.000000'),
(2939, '0700', '0000', 'Sleep', 'h', 156, '0000-00-00 00:00:00.000000', '0000-00-00 00:00:00.000000'),
(2940, '0700', '0000', 'Sleep', 'h', 163, '0000-00-00 00:00:00.000000', '0000-00-00 00:00:00.000000'),
(2942, '0730', '0700', 'Wake up, drink a glass of water and do some light stretches', 'h', 156, '0000-00-00 00:00:00.000000', '0000-00-00 00:00:00.000000'),
(2943, '0730', '0700', 'Wake up, drink a glass of water and do some light stretches', 'h', 163, '0000-00-00 00:00:00.000000', '0000-00-00 00:00:00.000000'),
(2945, '0800', '0730', 'Breakfast', 'm', 156, '0000-00-00 00:00:00.000000', '0000-00-00 00:00:00.000000'),
(2946, '0800', '0730', 'Breakfast', 'm', 163, '0000-00-00 00:00:00.000000', '0000-00-00 00:00:00.000000'),
(2948, '1200', '0800', 'Free time/Study/Work/Errands', 'c', 156, '0000-00-00 00:00:00.000000', '0000-00-00 00:00:00.000000'),
(2949, '1200', '0800', 'Free time/Study/Work/Errands', 'c', 163, '0000-00-00 00:00:00.000000', '0000-00-00 00:00:00.000000'),
(2951, '1300', '1200', 'Lunch', 'm', 156, '0000-00-00 00:00:00.000000', '0000-00-00 00:00:00.000000'),
(2952, '1300', '1200', 'Lunch', 'm', 163, '0000-00-00 00:00:00.000000', '0000-00-00 00:00:00.000000'),
(2954, '1700', '1300', 'Free time/Study/Work/Errands', 'c', 156, '0000-00-00 00:00:00.000000', '0000-00-00 00:00:00.000000'),
(2955, '1700', '1300', 'Free time/Study/Work/Errands', 'c', 163, '0000-00-00 00:00:00.000000', '0000-00-00 00:00:00.000000'),
(2957, '1800', '1700', 'Exercise (Choose an activity you enjoy)', 's', 156, '0000-00-00 00:00:00.000000', '0000-00-00 00:00:00.000000'),
(2958, '1800', '1700', 'Exercise (Choose an activity you enjoy)', 's', 163, '0000-00-00 00:00:00.000000', '0000-00-00 00:00:00.000000'),
(2960, '1900', '1800', 'Dinner', 'm', 156, '0000-00-00 00:00:00.000000', '0000-00-00 00:00:00.000000'),
(2961, '1900', '1800', 'Dinner', 'm', 163, '0000-00-00 00:00:00.000000', '0000-00-00 00:00:00.000000'),
(2963, '2200', '1900', 'Relax/Socialize/Hobbies', 'c', 156, '0000-00-00 00:00:00.000000', '0000-00-00 00:00:00.000000'),
(2964, '2200', '1900', 'Relax/Socialize/Hobbies', 'c', 163, '0000-00-00 00:00:00.000000', '0000-00-00 00:00:00.000000'),
(2966, '2300', '2200', 'Prepare for sleep', 'h', 156, '0000-00-00 00:00:00.000000', '0000-00-00 00:00:00.000000'),
(2967, '2300', '2200', 'Prepare for sleep', 'h', 163, '0000-00-00 00:00:00.000000', '0000-00-00 00:00:00.000000'),
(2969, '2400', '2300', 'Sleep', 'h', 156, '0000-00-00 00:00:00.000000', '0000-00-00 00:00:00.000000'),
(2970, '2400', '2300', 'Sleep', 'h', 163, '0000-00-00 00:00:00.000000', '0000-00-00 00:00:00.000000'),
(2972, '0700', '0000', 'Sleep', 'h', 157, '0000-00-00 00:00:00.000000', '0000-00-00 00:00:00.000000'),
(2973, '0700', '0000', 'Sleep', 'h', 164, '0000-00-00 00:00:00.000000', '0000-00-00 00:00:00.000000'),
(2975, '0730', '0700', 'Wake up, drink a glass of water and do some light stretches', 'h', 157, '0000-00-00 00:00:00.000000', '0000-00-00 00:00:00.000000'),
(2976, '0730', '0700', 'Wake up, drink a glass of water and do some light stretches', 'h', 164, '0000-00-00 00:00:00.000000', '0000-00-00 00:00:00.000000'),
(2978, '0800', '0730', 'Breakfast', 'm', 157, '0000-00-00 00:00:00.000000', '0000-00-00 00:00:00.000000'),
(2979, '0800', '0730', 'Breakfast', 'm', 164, '0000-00-00 00:00:00.000000', '0000-00-00 00:00:00.000000'),
(2981, '1200', '0800', 'Free time/Study/Work/Errands', 'c', 157, '0000-00-00 00:00:00.000000', '0000-00-00 00:00:00.000000'),
(2982, '1200', '0800', 'Free time/Study/Work/Errands', 'c', 164, '0000-00-00 00:00:00.000000', '0000-00-00 00:00:00.000000'),
(2984, '1300', '1200', 'Lunch', 'm', 157, '0000-00-00 00:00:00.000000', '0000-00-00 00:00:00.000000'),
(2985, '1300', '1200', 'Lunch', 'm', 164, '0000-00-00 00:00:00.000000', '0000-00-00 00:00:00.000000'),
(2987, '1700', '1300', 'Free time/Study/Work/Errands', 'c', 157, '0000-00-00 00:00:00.000000', '0000-00-00 00:00:00.000000'),
(2988, '1700', '1300', 'Free time/Study/Work/Errands', 'c', 164, '0000-00-00 00:00:00.000000', '0000-00-00 00:00:00.000000'),
(2990, '1800', '1700', 'Exercise (Choose an activity you enjoy)', 's', 157, '0000-00-00 00:00:00.000000', '0000-00-00 00:00:00.000000'),
(2991, '1800', '1700', 'Exercise (Choose an activity you enjoy)', 's', 164, '0000-00-00 00:00:00.000000', '0000-00-00 00:00:00.000000'),
(2993, '1900', '1800', 'Dinner', 'm', 157, '0000-00-00 00:00:00.000000', '0000-00-00 00:00:00.000000'),
(2994, '1900', '1800', 'Dinner', 'm', 164, '0000-00-00 00:00:00.000000', '0000-00-00 00:00:00.000000'),
(2996, '2200', '1900', 'Relax/Socialize/Hobbies', 'c', 157, '0000-00-00 00:00:00.000000', '0000-00-00 00:00:00.000000'),
(2997, '2200', '1900', 'Relax/Socialize/Hobbies', 'c', 164, '0000-00-00 00:00:00.000000', '0000-00-00 00:00:00.000000'),
(2999, '2300', '2200', 'Prepare for sleep', 'h', 157, '0000-00-00 00:00:00.000000', '0000-00-00 00:00:00.000000'),
(3000, '2300', '2200', 'Prepare for sleep', 'h', 164, '0000-00-00 00:00:00.000000', '0000-00-00 00:00:00.000000'),
(3002, '2400', '2300', 'Sleep', 'h', 157, '0000-00-00 00:00:00.000000', '0000-00-00 00:00:00.000000'),
(3003, '2400', '2300', 'Sleep', 'h', 164, '0000-00-00 00:00:00.000000', '0000-00-00 00:00:00.000000'),
(3005, '0700', '0000', 'Sleep', 'h', 158, '0000-00-00 00:00:00.000000', '0000-00-00 00:00:00.000000'),
(3006, '0700', '0000', 'Sleep', 'h', 165, '0000-00-00 00:00:00.000000', '0000-00-00 00:00:00.000000'),
(3008, '0730', '0700', 'Wake up, drink a glass of water and do some light stretches', 'h', 158, '0000-00-00 00:00:00.000000', '0000-00-00 00:00:00.000000'),
(3009, '0730', '0700', 'Wake up, drink a glass of water and do some light stretches', 'h', 165, '0000-00-00 00:00:00.000000', '0000-00-00 00:00:00.000000'),
(3011, '0800', '0730', 'Breakfast', 'm', 158, '0000-00-00 00:00:00.000000', '0000-00-00 00:00:00.000000'),
(3012, '0800', '0730', 'Breakfast', 'm', 165, '0000-00-00 00:00:00.000000', '0000-00-00 00:00:00.000000'),
(3014, '1200', '0800', 'Free time/Study/Work/Errands', 'c', 158, '0000-00-00 00:00:00.000000', '0000-00-00 00:00:00.000000'),
(3015, '1200', '0800', 'Free time/Study/Work/Errands', 'c', 165, '0000-00-00 00:00:00.000000', '0000-00-00 00:00:00.000000'),
(3017, '1300', '1200', 'Lunch', 'm', 158, '0000-00-00 00:00:00.000000', '0000-00-00 00:00:00.000000'),
(3018, '1300', '1200', 'Lunch', 'm', 165, '0000-00-00 00:00:00.000000', '0000-00-00 00:00:00.000000'),
(3020, '1700', '1300', 'Free time/Study/Work/Errands', 'c', 158, '0000-00-00 00:00:00.000000', '0000-00-00 00:00:00.000000'),
(3021, '1700', '1300', 'Free time/Study/Work/Errands', 'c', 165, '0000-00-00 00:00:00.000000', '0000-00-00 00:00:00.000000'),
(3023, '1800', '1700', 'Exercise (Choose an activity you enjoy)', 's', 158, '0000-00-00 00:00:00.000000', '0000-00-00 00:00:00.000000'),
(3024, '1800', '1700', 'Exercise (Choose an activity you enjoy)', 's', 165, '0000-00-00 00:00:00.000000', '0000-00-00 00:00:00.000000'),
(3026, '1900', '1800', 'Dinner', 'm', 158, '0000-00-00 00:00:00.000000', '0000-00-00 00:00:00.000000'),
(3027, '1900', '1800', 'Dinner', 'm', 165, '0000-00-00 00:00:00.000000', '0000-00-00 00:00:00.000000'),
(3029, '2200', '1900', 'Relax/Socialize/Hobbies', 'c', 158, '0000-00-00 00:00:00.000000', '0000-00-00 00:00:00.000000'),
(3030, '2200', '1900', 'Relax/Socialize/Hobbies', 'c', 165, '0000-00-00 00:00:00.000000', '0000-00-00 00:00:00.000000'),
(3032, '2300', '2200', 'Prepare for sleep', 'h', 158, '0000-00-00 00:00:00.000000', '0000-00-00 00:00:00.000000'),
(3033, '2300', '2200', 'Prepare for sleep', 'h', 165, '0000-00-00 00:00:00.000000', '0000-00-00 00:00:00.000000'),
(3035, '2400', '2300', 'Sleep', 'h', 158, '0000-00-00 00:00:00.000000', '0000-00-00 00:00:00.000000'),
(3036, '2400', '2300', 'Sleep', 'h', 165, '0000-00-00 00:00:00.000000', '0000-00-00 00:00:00.000000'),
(3038, '0900', '0000', 'Sleep', 'h', 159, '0000-00-00 00:00:00.000000', '0000-00-00 00:00:00.000000'),
(3039, '0900', '0000', 'Sleep', 'h', 166, '0000-00-00 00:00:00.000000', '0000-00-00 00:00:00.000000'),
(3041, '1000', '0900', 'Brunch', 'f', 159, '0000-00-00 00:00:00.000000', '0000-00-00 00:00:00.000000'),
(3042, '1000', '0900', 'Brunch', 'f', 166, '0000-00-00 00:00:00.000000', '0000-00-00 00:00:00.000000'),
(3044, '1800', '1000', 'Free time/Social Activities/Hobbies/Errands', 'c', 159, '0000-00-00 00:00:00.000000', '0000-00-00 00:00:00.000000'),
(3045, '1800', '1000', 'Free time/Social Activities/Hobbies/Errands', 'c', 166, '0000-00-00 00:00:00.000000', '0000-00-00 00:00:00.000000'),
(3047, '1900', '1800', 'Dinner', 'f', 159, '0000-00-00 00:00:00.000000', '0000-00-00 00:00:00.000000'),
(3048, '1900', '1800', 'Dinner', 'f', 166, '0000-00-00 00:00:00.000000', '0000-00-00 00:00:00.000000'),
(3050, '2300', '1900', 'Relax or socialize', 'c', 159, '0000-00-00 00:00:00.000000', '0000-00-00 00:00:00.000000'),
(3051, '2300', '1900', 'Relax or socialize', 'c', 166, '0000-00-00 00:00:00.000000', '0000-00-00 00:00:00.000000'),
(3053, '2400', '2300', 'Sleep', 'h', 159, '0000-00-00 00:00:00.000000', '0000-00-00 00:00:00.000000'),
(3054, '2400', '2300', 'Sleep', 'h', 166, '0000-00-00 00:00:00.000000', '0000-00-00 00:00:00.000000'),
(3056, '0900', '0000', 'Sleep', 'h', 160, '0000-00-00 00:00:00.000000', '0000-00-00 00:00:00.000000'),
(3057, '0900', '0000', 'Sleep', 'h', 167, '0000-00-00 00:00:00.000000', '0000-00-00 00:00:00.000000'),
(3059, '1000', '0900', 'Brunch', 'f', 160, '0000-00-00 00:00:00.000000', '0000-00-00 00:00:00.000000'),
(3060, '1000', '0900', 'Brunch', 'f', 167, '0000-00-00 00:00:00.000000', '0000-00-00 00:00:00.000000'),
(3062, '1800', '1000', 'Relax/Hobbies/Prepare for the week', 'c', 160, '0000-00-00 00:00:00.000000', '0000-00-00 00:00:00.000000'),
(3063, '1800', '1000', 'Relax/Hobbies/Prepare for the week', 'c', 167, '0000-00-00 00:00:00.000000', '0000-00-00 00:00:00.000000'),
(3065, '1900', '1800', 'Dinner', 'f', 160, '0000-00-00 00:00:00.000000', '0000-00-00 00:00:00.000000'),
(3066, '1900', '1800', 'Dinner', 'f', 167, '0000-00-00 00:00:00.000000', '0000-00-00 00:00:00.000000'),
(3068, '2300', '1900', 'Relax/Wind down for the week', 'c', 160, '0000-00-00 00:00:00.000000', '0000-00-00 00:00:00.000000'),
(3069, '2300', '1900', 'Relax/Wind down for the week', 'c', 167, '0000-00-00 00:00:00.000000', '0000-00-00 00:00:00.000000'),
(3071, '2400', '2300', 'Sleep', 'h', 160, '0000-00-00 00:00:00.000000', '0000-00-00 00:00:00.000000'),
(3072, '2400', '2300', 'Sleep', 'h', 167, '0000-00-00 00:00:00.000000', '0000-00-00 00:00:00.000000'),
(3074, '0700', '0000', 'Sleep', 'h', 154, '0000-00-00 00:00:00.000000', '0000-00-00 00:00:00.000000'),
(3075, '0700', '0000', 'Sleep', 'h', 161, '0000-00-00 00:00:00.000000', '0000-00-00 00:00:00.000000'),
(3076, '0700', '0000', 'Sleep', 'h', 168, '0000-00-00 00:00:00.000000', '0000-00-00 00:00:00.000000'),
(3077, '0730', '0700', 'Wake up, drink water, light exercise', 'h', 154, '0000-00-00 00:00:00.000000', '0000-00-00 00:00:00.000000'),
(3078, '0730', '0700', 'Wake up, drink water, light exercise', 'h', 161, '0000-00-00 00:00:00.000000', '0000-00-00 00:00:00.000000'),
(3079, '0730', '0700', 'Wake up, drink water, light exercise', 'h', 168, '0000-00-00 00:00:00.000000', '0000-00-00 00:00:00.000000'),
(3080, '0800', '0730', 'Breakfast', 'm', 154, '0000-00-00 00:00:00.000000', '0000-00-00 00:00:00.000000'),
(3081, '0800', '0730', 'Breakfast', 'm', 161, '0000-00-00 00:00:00.000000', '0000-00-00 00:00:00.000000'),
(3082, '0800', '0730', 'Breakfast', 'm', 168, '0000-00-00 00:00:00.000000', '0000-00-00 00:00:00.000000'),
(3083, '0900', '0800', 'Free time/Prepare for the day', 'c', 154, '0000-00-00 00:00:00.000000', '0000-00-00 00:00:00.000000'),
(3084, '0900', '0800', 'Free time/Prepare for the day', 'c', 161, '0000-00-00 00:00:00.000000', '0000-00-00 00:00:00.000000'),
(3085, '0900', '0800', 'Free time/Prepare for the day', 'c', 168, '0000-00-00 00:00:00.000000', '0000-00-00 00:00:00.000000'),
(3086, '1200', '0900', 'Work/Study/Personal Activities', 'c', 154, '0000-00-00 00:00:00.000000', '0000-00-00 00:00:00.000000'),
(3087, '1200', '0900', 'Work/Study/Personal Activities', 'c', 161, '0000-00-00 00:00:00.000000', '0000-00-00 00:00:00.000000'),
(3088, '1200', '0900', 'Work/Study/Personal Activities', 'c', 168, '0000-00-00 00:00:00.000000', '0000-00-00 00:00:00.000000'),
(3089, '1300', '1200', 'Lunch', 'm', 154, '0000-00-00 00:00:00.000000', '0000-00-00 00:00:00.000000'),
(3090, '1300', '1200', 'Lunch', 'm', 161, '0000-00-00 00:00:00.000000', '0000-00-00 00:00:00.000000'),
(3091, '1300', '1200', 'Lunch', 'm', 168, '0000-00-00 00:00:00.000000', '0000-00-00 00:00:00.000000'),
(3092, '1700', '1300', 'Work/Study/Personal Activities', 'c', 154, '0000-00-00 00:00:00.000000', '0000-00-00 00:00:00.000000'),
(3093, '1700', '1300', 'Work/Study/Personal Activities', 'c', 161, '0000-00-00 00:00:00.000000', '0000-00-00 00:00:00.000000'),
(3094, '1700', '1300', 'Work/Study/Personal Activities', 'c', 168, '0000-00-00 00:00:00.000000', '0000-00-00 00:00:00.000000'),
(3095, '1800', '1700', 'Exercise/Outdoor activities', 's', 154, '0000-00-00 00:00:00.000000', '0000-00-00 00:00:00.000000'),
(3096, '1800', '1700', 'Exercise/Outdoor activities', 's', 161, '0000-00-00 00:00:00.000000', '0000-00-00 00:00:00.000000'),
(3097, '1800', '1700', 'Exercise/Outdoor activities', 's', 168, '0000-00-00 00:00:00.000000', '0000-00-00 00:00:00.000000'),
(3098, '1900', '1800', 'Dinner', 'm', 154, '0000-00-00 00:00:00.000000', '0000-00-00 00:00:00.000000'),
(3099, '1900', '1800', 'Dinner', 'm', 161, '0000-00-00 00:00:00.000000', '0000-00-00 00:00:00.000000'),
(3100, '1900', '1800', 'Dinner', 'm', 168, '0000-00-00 00:00:00.000000', '0000-00-00 00:00:00.000000'),
(3101, '2200', '1900', 'Free time/Relax/Social activities', 'c', 154, '0000-00-00 00:00:00.000000', '0000-00-00 00:00:00.000000'),
(3102, '2200', '1900', 'Free time/Relax/Social activities', 'c', 161, '0000-00-00 00:00:00.000000', '0000-00-00 00:00:00.000000'),
(3103, '2200', '1900', 'Free time/Relax/Social activities', 'c', 168, '0000-00-00 00:00:00.000000', '0000-00-00 00:00:00.000000'),
(3104, '2400', '2200', 'Wind down for sleep/Sleep', 'h', 154, '0000-00-00 00:00:00.000000', '0000-00-00 00:00:00.000000'),
(3105, '2400', '2200', 'Wind down for sleep/Sleep', 'h', 161, '0000-00-00 00:00:00.000000', '0000-00-00 00:00:00.000000'),
(3106, '2400', '2200', 'Wind down for sleep/Sleep', 'h', 168, '0000-00-00 00:00:00.000000', '0000-00-00 00:00:00.000000'),
(3107, '0700', '0000', 'Sleep', 'h', 155, '0000-00-00 00:00:00.000000', '0000-00-00 00:00:00.000000'),
(3108, '0700', '0000', 'Sleep', 'h', 162, '0000-00-00 00:00:00.000000', '0000-00-00 00:00:00.000000'),
(3109, '0700', '0000', 'Sleep', 'h', 169, '0000-00-00 00:00:00.000000', '0000-00-00 00:00:00.000000'),
(3110, '0730', '0700', 'Wake up, drink water, light exercise', 'h', 155, '0000-00-00 00:00:00.000000', '0000-00-00 00:00:00.000000'),
(3111, '0730', '0700', 'Wake up, drink water, light exercise', 'h', 162, '0000-00-00 00:00:00.000000', '0000-00-00 00:00:00.000000'),
(3112, '0730', '0700', 'Wake up, drink water, light exercise', 'h', 169, '0000-00-00 00:00:00.000000', '0000-00-00 00:00:00.000000'),
(3113, '0800', '0730', 'Breakfast', 'm', 155, '0000-00-00 00:00:00.000000', '0000-00-00 00:00:00.000000'),
(3114, '0800', '0730', 'Breakfast', 'm', 162, '0000-00-00 00:00:00.000000', '0000-00-00 00:00:00.000000'),
(3115, '0800', '0730', 'Breakfast', 'm', 169, '0000-00-00 00:00:00.000000', '0000-00-00 00:00:00.000000'),
(3116, '0900', '0800', 'Free time/Prepare for the day', 'c', 155, '0000-00-00 00:00:00.000000', '0000-00-00 00:00:00.000000'),
(3117, '0900', '0800', 'Free time/Prepare for the day', 'c', 162, '0000-00-00 00:00:00.000000', '0000-00-00 00:00:00.000000'),
(3118, '0900', '0800', 'Free time/Prepare for the day', 'c', 169, '0000-00-00 00:00:00.000000', '0000-00-00 00:00:00.000000'),
(3119, '1200', '0900', 'Work/Study/Personal Activities', 'c', 155, '0000-00-00 00:00:00.000000', '0000-00-00 00:00:00.000000'),
(3120, '1200', '0900', 'Work/Study/Personal Activities', 'c', 162, '0000-00-00 00:00:00.000000', '0000-00-00 00:00:00.000000'),
(3121, '1200', '0900', 'Work/Study/Personal Activities', 'c', 169, '0000-00-00 00:00:00.000000', '0000-00-00 00:00:00.000000'),
(3122, '1300', '1200', 'Lunch', 'm', 155, '0000-00-00 00:00:00.000000', '0000-00-00 00:00:00.000000'),
(3123, '1300', '1200', 'Lunch', 'm', 162, '0000-00-00 00:00:00.000000', '0000-00-00 00:00:00.000000'),
(3124, '1300', '1200', 'Lunch', 'm', 169, '0000-00-00 00:00:00.000000', '0000-00-00 00:00:00.000000'),
(3125, '1700', '1300', 'Work/Study/Personal Activities', 'c', 155, '0000-00-00 00:00:00.000000', '0000-00-00 00:00:00.000000'),
(3126, '1700', '1300', 'Work/Study/Personal Activities', 'c', 162, '0000-00-00 00:00:00.000000', '0000-00-00 00:00:00.000000'),
(3127, '1700', '1300', 'Work/Study/Personal Activities', 'c', 169, '0000-00-00 00:00:00.000000', '0000-00-00 00:00:00.000000'),
(3128, '1800', '1700', 'Exercise/Outdoor activities', 's', 155, '0000-00-00 00:00:00.000000', '0000-00-00 00:00:00.000000'),
(3129, '1800', '1700', 'Exercise/Outdoor activities', 's', 162, '0000-00-00 00:00:00.000000', '0000-00-00 00:00:00.000000'),
(3130, '1800', '1700', 'Exercise/Outdoor activities', 's', 169, '0000-00-00 00:00:00.000000', '0000-00-00 00:00:00.000000'),
(3131, '1900', '1800', 'Dinner', 'm', 155, '0000-00-00 00:00:00.000000', '0000-00-00 00:00:00.000000'),
(3132, '1900', '1800', 'Dinner', 'm', 162, '0000-00-00 00:00:00.000000', '0000-00-00 00:00:00.000000'),
(3133, '1900', '1800', 'Dinner', 'm', 169, '0000-00-00 00:00:00.000000', '0000-00-00 00:00:00.000000'),
(3134, '2200', '1900', 'Free time/Relax/Social activities', 'c', 155, '0000-00-00 00:00:00.000000', '0000-00-00 00:00:00.000000'),
(3135, '2200', '1900', 'Free time/Relax/Social activities', 'c', 162, '0000-00-00 00:00:00.000000', '0000-00-00 00:00:00.000000'),
(3136, '2200', '1900', 'Free time/Relax/Social activities', 'c', 169, '0000-00-00 00:00:00.000000', '0000-00-00 00:00:00.000000'),
(3137, '2400', '2200', 'Wind down for sleep/Sleep', 'h', 155, '0000-00-00 00:00:00.000000', '0000-00-00 00:00:00.000000'),
(3138, '2400', '2200', 'Wind down for sleep/Sleep', 'h', 162, '0000-00-00 00:00:00.000000', '0000-00-00 00:00:00.000000'),
(3139, '2400', '2200', 'Wind down for sleep/Sleep', 'h', 169, '0000-00-00 00:00:00.000000', '0000-00-00 00:00:00.000000'),
(3140, '0700', '0000', 'Sleep', 'h', 156, '0000-00-00 00:00:00.000000', '0000-00-00 00:00:00.000000'),
(3141, '0700', '0000', 'Sleep', 'h', 163, '0000-00-00 00:00:00.000000', '0000-00-00 00:00:00.000000'),
(3142, '0700', '0000', 'Sleep', 'h', 170, '0000-00-00 00:00:00.000000', '0000-00-00 00:00:00.000000'),
(3143, '0730', '0700', 'Wake up, drink water, light exercise', 'h', 156, '0000-00-00 00:00:00.000000', '0000-00-00 00:00:00.000000'),
(3144, '0730', '0700', 'Wake up, drink water, light exercise', 'h', 163, '0000-00-00 00:00:00.000000', '0000-00-00 00:00:00.000000'),
(3145, '0730', '0700', 'Wake up, drink water, light exercise', 'h', 170, '0000-00-00 00:00:00.000000', '0000-00-00 00:00:00.000000'),
(3146, '0800', '0730', 'Breakfast', 'm', 156, '0000-00-00 00:00:00.000000', '0000-00-00 00:00:00.000000'),
(3147, '0800', '0730', 'Breakfast', 'm', 163, '0000-00-00 00:00:00.000000', '0000-00-00 00:00:00.000000'),
(3148, '0800', '0730', 'Breakfast', 'm', 170, '0000-00-00 00:00:00.000000', '0000-00-00 00:00:00.000000'),
(3149, '0900', '0800', 'Free time/Prepare for the day', 'c', 156, '0000-00-00 00:00:00.000000', '0000-00-00 00:00:00.000000'),
(3150, '0900', '0800', 'Free time/Prepare for the day', 'c', 163, '0000-00-00 00:00:00.000000', '0000-00-00 00:00:00.000000'),
(3151, '0900', '0800', 'Free time/Prepare for the day', 'c', 170, '0000-00-00 00:00:00.000000', '0000-00-00 00:00:00.000000'),
(3152, '1200', '0900', 'Work/Study/Personal Activities', 'c', 156, '0000-00-00 00:00:00.000000', '0000-00-00 00:00:00.000000'),
(3153, '1200', '0900', 'Work/Study/Personal Activities', 'c', 163, '0000-00-00 00:00:00.000000', '0000-00-00 00:00:00.000000'),
(3154, '1200', '0900', 'Work/Study/Personal Activities', 'c', 170, '0000-00-00 00:00:00.000000', '0000-00-00 00:00:00.000000'),
(3155, '1300', '1200', 'Lunch', 'm', 156, '0000-00-00 00:00:00.000000', '0000-00-00 00:00:00.000000'),
(3156, '1300', '1200', 'Lunch', 'm', 163, '0000-00-00 00:00:00.000000', '0000-00-00 00:00:00.000000'),
(3157, '1300', '1200', 'Lunch', 'm', 170, '0000-00-00 00:00:00.000000', '0000-00-00 00:00:00.000000'),
(3158, '1700', '1300', 'Work/Study/Personal Activities', 'c', 156, '0000-00-00 00:00:00.000000', '0000-00-00 00:00:00.000000'),
(3159, '1700', '1300', 'Work/Study/Personal Activities', 'c', 163, '0000-00-00 00:00:00.000000', '0000-00-00 00:00:00.000000'),
(3160, '1700', '1300', 'Work/Study/Personal Activities', 'c', 170, '0000-00-00 00:00:00.000000', '0000-00-00 00:00:00.000000'),
(3161, '1800', '1700', 'Exercise/Outdoor activities', 's', 156, '0000-00-00 00:00:00.000000', '0000-00-00 00:00:00.000000'),
(3162, '1800', '1700', 'Exercise/Outdoor activities', 's', 163, '0000-00-00 00:00:00.000000', '0000-00-00 00:00:00.000000'),
(3163, '1800', '1700', 'Exercise/Outdoor activities', 's', 170, '0000-00-00 00:00:00.000000', '0000-00-00 00:00:00.000000'),
(3164, '1900', '1800', 'Dinner', 'm', 156, '0000-00-00 00:00:00.000000', '0000-00-00 00:00:00.000000'),
(3165, '1900', '1800', 'Dinner', 'm', 163, '0000-00-00 00:00:00.000000', '0000-00-00 00:00:00.000000'),
(3166, '1900', '1800', 'Dinner', 'm', 170, '0000-00-00 00:00:00.000000', '0000-00-00 00:00:00.000000'),
(3167, '2200', '1900', 'Free time/Relax/Social activities', 'c', 156, '0000-00-00 00:00:00.000000', '0000-00-00 00:00:00.000000'),
(3168, '2200', '1900', 'Free time/Relax/Social activities', 'c', 163, '0000-00-00 00:00:00.000000', '0000-00-00 00:00:00.000000'),
(3169, '2200', '1900', 'Free time/Relax/Social activities', 'c', 170, '0000-00-00 00:00:00.000000', '0000-00-00 00:00:00.000000'),
(3170, '2400', '2200', 'Wind down for sleep/Sleep', 'h', 156, '0000-00-00 00:00:00.000000', '0000-00-00 00:00:00.000000'),
(3171, '2400', '2200', 'Wind down for sleep/Sleep', 'h', 163, '0000-00-00 00:00:00.000000', '0000-00-00 00:00:00.000000'),
(3172, '2400', '2200', 'Wind down for sleep/Sleep', 'h', 170, '0000-00-00 00:00:00.000000', '0000-00-00 00:00:00.000000'),
(3173, '0700', '0000', 'Sleep', 'h', 157, '0000-00-00 00:00:00.000000', '0000-00-00 00:00:00.000000'),
(3174, '0700', '0000', 'Sleep', 'h', 164, '0000-00-00 00:00:00.000000', '0000-00-00 00:00:00.000000'),
(3175, '0700', '0000', 'Sleep', 'h', 171, '0000-00-00 00:00:00.000000', '0000-00-00 00:00:00.000000'),
(3176, '0730', '0700', 'Wake up, drink water, light exercise', 'h', 157, '0000-00-00 00:00:00.000000', '0000-00-00 00:00:00.000000'),
(3177, '0730', '0700', 'Wake up, drink water, light exercise', 'h', 164, '0000-00-00 00:00:00.000000', '0000-00-00 00:00:00.000000'),
(3178, '0730', '0700', 'Wake up, drink water, light exercise', 'h', 171, '0000-00-00 00:00:00.000000', '0000-00-00 00:00:00.000000'),
(3179, '0800', '0730', 'Breakfast', 'm', 157, '0000-00-00 00:00:00.000000', '0000-00-00 00:00:00.000000'),
(3180, '0800', '0730', 'Breakfast', 'm', 164, '0000-00-00 00:00:00.000000', '0000-00-00 00:00:00.000000'),
(3181, '0800', '0730', 'Breakfast', 'm', 171, '0000-00-00 00:00:00.000000', '0000-00-00 00:00:00.000000'),
(3182, '0900', '0800', 'Free time/Prepare for the day', 'c', 157, '0000-00-00 00:00:00.000000', '0000-00-00 00:00:00.000000'),
(3183, '0900', '0800', 'Free time/Prepare for the day', 'c', 164, '0000-00-00 00:00:00.000000', '0000-00-00 00:00:00.000000'),
(3184, '0900', '0800', 'Free time/Prepare for the day', 'c', 171, '0000-00-00 00:00:00.000000', '0000-00-00 00:00:00.000000'),
(3185, '1200', '0900', 'Work/Study/Personal Activities', 'c', 157, '0000-00-00 00:00:00.000000', '0000-00-00 00:00:00.000000'),
(3186, '1200', '0900', 'Work/Study/Personal Activities', 'c', 164, '0000-00-00 00:00:00.000000', '0000-00-00 00:00:00.000000'),
(3187, '1200', '0900', 'Work/Study/Personal Activities', 'c', 171, '0000-00-00 00:00:00.000000', '0000-00-00 00:00:00.000000'),
(3188, '1300', '1200', 'Lunch', 'm', 157, '0000-00-00 00:00:00.000000', '0000-00-00 00:00:00.000000'),
(3189, '1300', '1200', 'Lunch', 'm', 164, '0000-00-00 00:00:00.000000', '0000-00-00 00:00:00.000000'),
(3190, '1300', '1200', 'Lunch', 'm', 171, '0000-00-00 00:00:00.000000', '0000-00-00 00:00:00.000000'),
(3191, '1700', '1300', 'Work/Study/Personal Activities', 'c', 157, '0000-00-00 00:00:00.000000', '0000-00-00 00:00:00.000000'),
(3192, '1700', '1300', 'Work/Study/Personal Activities', 'c', 164, '0000-00-00 00:00:00.000000', '0000-00-00 00:00:00.000000'),
(3193, '1700', '1300', 'Work/Study/Personal Activities', 'c', 171, '0000-00-00 00:00:00.000000', '0000-00-00 00:00:00.000000'),
(3194, '1800', '1700', 'Exercise/Outdoor activities', 's', 157, '0000-00-00 00:00:00.000000', '0000-00-00 00:00:00.000000'),
(3195, '1800', '1700', 'Exercise/Outdoor activities', 's', 164, '0000-00-00 00:00:00.000000', '0000-00-00 00:00:00.000000'),
(3196, '1800', '1700', 'Exercise/Outdoor activities', 's', 171, '0000-00-00 00:00:00.000000', '0000-00-00 00:00:00.000000'),
(3197, '1900', '1800', 'Dinner', 'm', 157, '0000-00-00 00:00:00.000000', '0000-00-00 00:00:00.000000'),
(3198, '1900', '1800', 'Dinner', 'm', 164, '0000-00-00 00:00:00.000000', '0000-00-00 00:00:00.000000'),
(3199, '1900', '1800', 'Dinner', 'm', 171, '0000-00-00 00:00:00.000000', '0000-00-00 00:00:00.000000'),
(3200, '2200', '1900', 'Free time/Relax/Social activities', 'c', 157, '0000-00-00 00:00:00.000000', '0000-00-00 00:00:00.000000'),
(3201, '2200', '1900', 'Free time/Relax/Social activities', 'c', 164, '0000-00-00 00:00:00.000000', '0000-00-00 00:00:00.000000'),
(3202, '2200', '1900', 'Free time/Relax/Social activities', 'c', 171, '0000-00-00 00:00:00.000000', '0000-00-00 00:00:00.000000'),
(3203, '2400', '2200', 'Wind down for sleep/Sleep', 'h', 157, '0000-00-00 00:00:00.000000', '0000-00-00 00:00:00.000000'),
(3204, '2400', '2200', 'Wind down for sleep/Sleep', 'h', 164, '0000-00-00 00:00:00.000000', '0000-00-00 00:00:00.000000'),
(3205, '2400', '2200', 'Wind down for sleep/Sleep', 'h', 171, '0000-00-00 00:00:00.000000', '0000-00-00 00:00:00.000000'),
(3206, '0700', '0000', 'Sleep', 'h', 158, '0000-00-00 00:00:00.000000', '0000-00-00 00:00:00.000000'),
(3207, '0700', '0000', 'Sleep', 'h', 165, '0000-00-00 00:00:00.000000', '0000-00-00 00:00:00.000000'),
(3208, '0700', '0000', 'Sleep', 'h', 172, '0000-00-00 00:00:00.000000', '0000-00-00 00:00:00.000000'),
(3209, '0730', '0700', 'Wake up, drink water, light exercise', 'h', 158, '0000-00-00 00:00:00.000000', '0000-00-00 00:00:00.000000'),
(3210, '0730', '0700', 'Wake up, drink water, light exercise', 'h', 165, '0000-00-00 00:00:00.000000', '0000-00-00 00:00:00.000000'),
(3211, '0730', '0700', 'Wake up, drink water, light exercise', 'h', 172, '0000-00-00 00:00:00.000000', '0000-00-00 00:00:00.000000'),
(3212, '0800', '0730', 'Breakfast', 'm', 158, '0000-00-00 00:00:00.000000', '0000-00-00 00:00:00.000000'),
(3213, '0800', '0730', 'Breakfast', 'm', 165, '0000-00-00 00:00:00.000000', '0000-00-00 00:00:00.000000'),
(3214, '0800', '0730', 'Breakfast', 'm', 172, '0000-00-00 00:00:00.000000', '0000-00-00 00:00:00.000000'),
(3215, '0900', '0800', 'Free time/Prepare for the day', 'c', 158, '0000-00-00 00:00:00.000000', '0000-00-00 00:00:00.000000'),
(3216, '0900', '0800', 'Free time/Prepare for the day', 'c', 165, '0000-00-00 00:00:00.000000', '0000-00-00 00:00:00.000000'),
(3217, '0900', '0800', 'Free time/Prepare for the day', 'c', 172, '0000-00-00 00:00:00.000000', '0000-00-00 00:00:00.000000'),
(3218, '1200', '0900', 'Work/Study/Personal Activities', 'c', 158, '0000-00-00 00:00:00.000000', '0000-00-00 00:00:00.000000'),
(3219, '1200', '0900', 'Work/Study/Personal Activities', 'c', 165, '0000-00-00 00:00:00.000000', '0000-00-00 00:00:00.000000'),
(3220, '1200', '0900', 'Work/Study/Personal Activities', 'c', 172, '0000-00-00 00:00:00.000000', '0000-00-00 00:00:00.000000'),
(3221, '1300', '1200', 'Lunch', 'm', 158, '0000-00-00 00:00:00.000000', '0000-00-00 00:00:00.000000'),
(3222, '1300', '1200', 'Lunch', 'm', 165, '0000-00-00 00:00:00.000000', '0000-00-00 00:00:00.000000'),
(3223, '1300', '1200', 'Lunch', 'm', 172, '0000-00-00 00:00:00.000000', '0000-00-00 00:00:00.000000'),
(3224, '1700', '1300', 'Work/Study/Personal Activities', 'c', 158, '0000-00-00 00:00:00.000000', '0000-00-00 00:00:00.000000'),
(3225, '1700', '1300', 'Work/Study/Personal Activities', 'c', 165, '0000-00-00 00:00:00.000000', '0000-00-00 00:00:00.000000'),
(3226, '1700', '1300', 'Work/Study/Personal Activities', 'c', 172, '0000-00-00 00:00:00.000000', '0000-00-00 00:00:00.000000'),
(3227, '1800', '1700', 'Exercise/Outdoor activities', 's', 158, '0000-00-00 00:00:00.000000', '0000-00-00 00:00:00.000000'),
(3228, '1800', '1700', 'Exercise/Outdoor activities', 's', 165, '0000-00-00 00:00:00.000000', '0000-00-00 00:00:00.000000'),
(3229, '1800', '1700', 'Exercise/Outdoor activities', 's', 172, '0000-00-00 00:00:00.000000', '0000-00-00 00:00:00.000000'),
(3230, '1900', '1800', 'Dinner', 'm', 158, '0000-00-00 00:00:00.000000', '0000-00-00 00:00:00.000000'),
(3231, '1900', '1800', 'Dinner', 'm', 165, '0000-00-00 00:00:00.000000', '0000-00-00 00:00:00.000000'),
(3232, '1900', '1800', 'Dinner', 'm', 172, '0000-00-00 00:00:00.000000', '0000-00-00 00:00:00.000000'),
(3233, '2200', '1900', 'Free time/Relax/Social activities', 'c', 158, '0000-00-00 00:00:00.000000', '0000-00-00 00:00:00.000000'),
(3234, '2200', '1900', 'Free time/Relax/Social activities', 'c', 165, '0000-00-00 00:00:00.000000', '0000-00-00 00:00:00.000000'),
(3235, '2200', '1900', 'Free time/Relax/Social activities', 'c', 172, '0000-00-00 00:00:00.000000', '0000-00-00 00:00:00.000000'),
(3236, '2400', '2200', 'Wind down for sleep/Sleep', 'h', 158, '0000-00-00 00:00:00.000000', '0000-00-00 00:00:00.000000'),
(3237, '2400', '2200', 'Wind down for sleep/Sleep', 'h', 165, '0000-00-00 00:00:00.000000', '0000-00-00 00:00:00.000000'),
(3238, '2400', '2200', 'Wind down for sleep/Sleep', 'h', 172, '0000-00-00 00:00:00.000000', '0000-00-00 00:00:00.000000'),
(3239, '0900', '0000', 'Sleep', 'h', 159, '0000-00-00 00:00:00.000000', '0000-00-00 00:00:00.000000'),
(3240, '0900', '0000', 'Sleep', 'h', 166, '0000-00-00 00:00:00.000000', '0000-00-00 00:00:00.000000'),
(3241, '0900', '0000', 'Sleep', 'h', 173, '0000-00-00 00:00:00.000000', '0000-00-00 00:00:00.000000'),
(3242, '1000', '0900', 'Brunch', 'f', 159, '0000-00-00 00:00:00.000000', '0000-00-00 00:00:00.000000'),
(3243, '1000', '0900', 'Brunch', 'f', 166, '0000-00-00 00:00:00.000000', '0000-00-00 00:00:00.000000'),
(3244, '1000', '0900', 'Brunch', 'f', 173, '0000-00-00 00:00:00.000000', '0000-00-00 00:00:00.000000'),
(3245, '1300', '1000', 'Free time/Hobbies/Errands', 'c', 159, '0000-00-00 00:00:00.000000', '0000-00-00 00:00:00.000000'),
(3246, '1300', '1000', 'Free time/Hobbies/Errands', 'c', 166, '0000-00-00 00:00:00.000000', '0000-00-00 00:00:00.000000'),
(3247, '1300', '1000', 'Free time/Hobbies/Errands', 'c', 173, '0000-00-00 00:00:00.000000', '0000-00-00 00:00:00.000000'),
(3248, '1400', '1300', 'Lunch', 'f', 159, '0000-00-00 00:00:00.000000', '0000-00-00 00:00:00.000000'),
(3249, '1400', '1300', 'Lunch', 'f', 166, '0000-00-00 00:00:00.000000', '0000-00-00 00:00:00.000000'),
(3250, '1400', '1300', 'Lunch', 'f', 173, '0000-00-00 00:00:00.000000', '0000-00-00 00:00:00.000000'),
(3251, '1800', '1400', 'Social activities/Explore new places', 'c', 159, '0000-00-00 00:00:00.000000', '0000-00-00 00:00:00.000000'),
(3252, '1800', '1400', 'Social activities/Explore new places', 'c', 166, '0000-00-00 00:00:00.000000', '0000-00-00 00:00:00.000000'),
(3253, '1800', '1400', 'Social activities/Explore new places', 'c', 173, '0000-00-00 00:00:00.000000', '0000-00-00 00:00:00.000000'),
(3254, '1900', '1800', 'Dinner', 'f', 159, '0000-00-00 00:00:00.000000', '0000-00-00 00:00:00.000000'),
(3255, '1900', '1800', 'Dinner', 'f', 166, '0000-00-00 00:00:00.000000', '0000-00-00 00:00:00.000000'),
(3256, '1900', '1800', 'Dinner', 'f', 173, '0000-00-00 00:00:00.000000', '0000-00-00 00:00:00.000000'),
(3257, '2300', '1900', 'Relax/Entertainment', 'c', 159, '0000-00-00 00:00:00.000000', '0000-00-00 00:00:00.000000'),
(3258, '2300', '1900', 'Relax/Entertainment', 'c', 166, '0000-00-00 00:00:00.000000', '0000-00-00 00:00:00.000000'),
(3259, '2300', '1900', 'Relax/Entertainment', 'c', 173, '0000-00-00 00:00:00.000000', '0000-00-00 00:00:00.000000'),
(3260, '2400', '2300', 'Sleep', 'h', 159, '0000-00-00 00:00:00.000000', '0000-00-00 00:00:00.000000'),
(3261, '2400', '2300', 'Sleep', 'h', 166, '0000-00-00 00:00:00.000000', '0000-00-00 00:00:00.000000'),
(3262, '2400', '2300', 'Sleep', 'h', 173, '0000-00-00 00:00:00.000000', '0000-00-00 00:00:00.000000'),
(3263, '0900', '0000', 'Sleep', 'h', 160, '0000-00-00 00:00:00.000000', '0000-00-00 00:00:00.000000'),
(3264, '0900', '0000', 'Sleep', 'h', 167, '0000-00-00 00:00:00.000000', '0000-00-00 00:00:00.000000'),
(3265, '0900', '0000', 'Sleep', 'h', 174, '0000-00-00 00:00:00.000000', '0000-00-00 00:00:00.000000'),
(3266, '1000', '0900', 'Breakfast', 'f', 160, '0000-00-00 00:00:00.000000', '0000-00-00 00:00:00.000000'),
(3267, '1000', '0900', 'Breakfast', 'f', 167, '0000-00-00 00:00:00.000000', '0000-00-00 00:00:00.000000'),
(3268, '1000', '0900', 'Breakfast', 'f', 174, '0000-00-00 00:00:00.000000', '0000-00-00 00:00:00.000000'),
(3269, '1400', '1000', 'Relaxation/Personal Projects', 'c', 160, '0000-00-00 00:00:00.000000', '0000-00-00 00:00:00.000000'),
(3270, '1400', '1000', 'Relaxation/Personal Projects', 'c', 167, '0000-00-00 00:00:00.000000', '0000-00-00 00:00:00.000000'),
(3271, '1400', '1000', 'Relaxation/Personal Projects', 'c', 174, '0000-00-00 00:00:00.000000', '0000-00-00 00:00:00.000000'),
(3272, '1500', '1400', 'Lunch', 'f', 160, '0000-00-00 00:00:00.000000', '0000-00-00 00:00:00.000000'),
(3273, '1500', '1400', 'Lunch', 'f', 167, '0000-00-00 00:00:00.000000', '0000-00-00 00:00:00.000000'),
(3274, '1500', '1400', 'Lunch', 'f', 174, '0000-00-00 00:00:00.000000', '0000-00-00 00:00:00.000000'),
(3275, '1900', '1500', 'Family Time/Meal prep for the week', 'c', 160, '0000-00-00 00:00:00.000000', '0000-00-00 00:00:00.000000'),
(3276, '1900', '1500', 'Family Time/Meal prep for the week', 'c', 167, '0000-00-00 00:00:00.000000', '0000-00-00 00:00:00.000000'),
(3277, '1900', '1500', 'Family Time/Meal prep for the week', 'c', 174, '0000-00-00 00:00:00.000000', '0000-00-00 00:00:00.000000'),
(3278, '2000', '1900', 'Dinner', 'f', 160, '0000-00-00 00:00:00.000000', '0000-00-00 00:00:00.000000'),
(3279, '2000', '1900', 'Dinner', 'f', 167, '0000-00-00 00:00:00.000000', '0000-00-00 00:00:00.000000'),
(3280, '2000', '1900', 'Dinner', 'f', 174, '0000-00-00 00:00:00.000000', '0000-00-00 00:00:00.000000'),
(3281, '2300', '2000', 'Prepare for the week/Relax', 'c', 160, '0000-00-00 00:00:00.000000', '0000-00-00 00:00:00.000000'),
(3282, '2300', '2000', 'Prepare for the week/Relax', 'c', 167, '0000-00-00 00:00:00.000000', '0000-00-00 00:00:00.000000'),
(3283, '2300', '2000', 'Prepare for the week/Relax', 'c', 174, '0000-00-00 00:00:00.000000', '0000-00-00 00:00:00.000000'),
(3284, '2400', '2300', 'Sleep', 'h', 160, '0000-00-00 00:00:00.000000', '0000-00-00 00:00:00.000000'),
(3285, '2400', '2300', 'Sleep', 'h', 167, '0000-00-00 00:00:00.000000', '0000-00-00 00:00:00.000000'),
(3286, '2400', '2300', 'Sleep', 'h', 174, '0000-00-00 00:00:00.000000', '0000-00-00 00:00:00.000000'),
(3287, '0700', '0000', 'Sleep', 'h', 154, '0000-00-00 00:00:00.000000', '0000-00-00 00:00:00.000000'),
(3288, '0700', '0000', 'Sleep', 'h', 161, '0000-00-00 00:00:00.000000', '0000-00-00 00:00:00.000000'),
(3289, '0700', '0000', 'Sleep', 'h', 168, '0000-00-00 00:00:00.000000', '0000-00-00 00:00:00.000000'),
(3290, '0700', '0000', 'Sleep', 'h', 175, '0000-00-00 00:00:00.000000', '0000-00-00 00:00:00.000000'),
(3294, '0730', '0700', 'Wake up, drink a glass of water', 'h', 154, '0000-00-00 00:00:00.000000', '0000-00-00 00:00:00.000000'),
(3295, '0730', '0700', 'Wake up, drink a glass of water', 'h', 161, '0000-00-00 00:00:00.000000', '0000-00-00 00:00:00.000000'),
(3296, '0730', '0700', 'Wake up, drink a glass of water', 'h', 168, '0000-00-00 00:00:00.000000', '0000-00-00 00:00:00.000000'),
(3297, '0730', '0700', 'Wake up, drink a glass of water', 'h', 175, '0000-00-00 00:00:00.000000', '0000-00-00 00:00:00.000000'),
(3301, '0800', '0730', 'Breakfast', 'm', 154, '0000-00-00 00:00:00.000000', '0000-00-00 00:00:00.000000'),
(3302, '0800', '0730', 'Breakfast', 'm', 161, '0000-00-00 00:00:00.000000', '0000-00-00 00:00:00.000000'),
(3303, '0800', '0730', 'Breakfast', 'm', 168, '0000-00-00 00:00:00.000000', '0000-00-00 00:00:00.000000'),
(3304, '0800', '0730', 'Breakfast', 'm', 175, '0000-00-00 00:00:00.000000', '0000-00-00 00:00:00.000000'),
(3308, '0900', '0800', 'Free time/Personal Activities', 'c', 154, '0000-00-00 00:00:00.000000', '0000-00-00 00:00:00.000000'),
(3309, '0900', '0800', 'Free time/Personal Activities', 'c', 161, '0000-00-00 00:00:00.000000', '0000-00-00 00:00:00.000000'),
(3310, '0900', '0800', 'Free time/Personal Activities', 'c', 168, '0000-00-00 00:00:00.000000', '0000-00-00 00:00:00.000000'),
(3311, '0900', '0800', 'Free time/Personal Activities', 'c', 175, '0000-00-00 00:00:00.000000', '0000-00-00 00:00:00.000000'),
(3315, '1200', '0900', 'Work/Study/Volunteering (flexible based on your situation)', 'c', 154, '0000-00-00 00:00:00.000000', '0000-00-00 00:00:00.000000'),
(3316, '1200', '0900', 'Work/Study/Volunteering (flexible based on your situation)', 'c', 161, '0000-00-00 00:00:00.000000', '0000-00-00 00:00:00.000000'),
(3317, '1200', '0900', 'Work/Study/Volunteering (flexible based on your situation)', 'c', 168, '0000-00-00 00:00:00.000000', '0000-00-00 00:00:00.000000'),
(3318, '1200', '0900', 'Work/Study/Volunteering (flexible based on your situation)', 'c', 175, '0000-00-00 00:00:00.000000', '0000-00-00 00:00:00.000000'),
(3322, '1300', '1200', 'Lunch', 'm', 154, '0000-00-00 00:00:00.000000', '0000-00-00 00:00:00.000000'),
(3323, '1300', '1200', 'Lunch', 'm', 161, '0000-00-00 00:00:00.000000', '0000-00-00 00:00:00.000000'),
(3324, '1300', '1200', 'Lunch', 'm', 168, '0000-00-00 00:00:00.000000', '0000-00-00 00:00:00.000000'),
(3325, '1300', '1200', 'Lunch', 'm', 175, '0000-00-00 00:00:00.000000', '0000-00-00 00:00:00.000000'),
(3329, '1700', '1300', 'Free time/Skill development/Hobbies', 'c', 154, '0000-00-00 00:00:00.000000', '0000-00-00 00:00:00.000000'),
(3330, '1700', '1300', 'Free time/Skill development/Hobbies', 'c', 161, '0000-00-00 00:00:00.000000', '0000-00-00 00:00:00.000000'),
(3331, '1700', '1300', 'Free time/Skill development/Hobbies', 'c', 168, '0000-00-00 00:00:00.000000', '0000-00-00 00:00:00.000000'),
(3332, '1700', '1300', 'Free time/Skill development/Hobbies', 'c', 175, '0000-00-00 00:00:00.000000', '0000-00-00 00:00:00.000000'),
(3336, '1800', '1700', 'Exercise', 's', 154, '0000-00-00 00:00:00.000000', '0000-00-00 00:00:00.000000'),
(3337, '1800', '1700', 'Exercise', 's', 161, '0000-00-00 00:00:00.000000', '0000-00-00 00:00:00.000000'),
(3338, '1800', '1700', 'Exercise', 's', 168, '0000-00-00 00:00:00.000000', '0000-00-00 00:00:00.000000'),
(3339, '1800', '1700', 'Exercise', 's', 175, '0000-00-00 00:00:00.000000', '0000-00-00 00:00:00.000000'),
(3343, '1900', '1800', 'Dinner', 'm', 154, '0000-00-00 00:00:00.000000', '0000-00-00 00:00:00.000000'),
(3344, '1900', '1800', 'Dinner', 'm', 161, '0000-00-00 00:00:00.000000', '0000-00-00 00:00:00.000000'),
(3345, '1900', '1800', 'Dinner', 'm', 168, '0000-00-00 00:00:00.000000', '0000-00-00 00:00:00.000000'),
(3346, '1900', '1800', 'Dinner', 'm', 175, '0000-00-00 00:00:00.000000', '0000-00-00 00:00:00.000000'),
(3350, '2300', '1900', 'Social/Relaxation/Family time', 'c', 154, '0000-00-00 00:00:00.000000', '0000-00-00 00:00:00.000000'),
(3351, '2300', '1900', 'Social/Relaxation/Family time', 'c', 161, '0000-00-00 00:00:00.000000', '0000-00-00 00:00:00.000000'),
(3352, '2300', '1900', 'Social/Relaxation/Family time', 'c', 168, '0000-00-00 00:00:00.000000', '0000-00-00 00:00:00.000000'),
(3353, '2300', '1900', 'Social/Relaxation/Family time', 'c', 175, '0000-00-00 00:00:00.000000', '0000-00-00 00:00:00.000000'),
(3357, '2400', '2300', 'Prepare for sleep', 'h', 154, '0000-00-00 00:00:00.000000', '0000-00-00 00:00:00.000000'),
(3358, '2400', '2300', 'Prepare for sleep', 'h', 161, '0000-00-00 00:00:00.000000', '0000-00-00 00:00:00.000000'),
(3359, '2400', '2300', 'Prepare for sleep', 'h', 168, '0000-00-00 00:00:00.000000', '0000-00-00 00:00:00.000000'),
(3360, '2400', '2300', 'Prepare for sleep', 'h', 175, '0000-00-00 00:00:00.000000', '0000-00-00 00:00:00.000000'),
(3364, '0700', '0000', 'Sleep', 'h', 155, '0000-00-00 00:00:00.000000', '0000-00-00 00:00:00.000000'),
(3365, '0700', '0000', 'Sleep', 'h', 162, '0000-00-00 00:00:00.000000', '0000-00-00 00:00:00.000000'),
(3366, '0700', '0000', 'Sleep', 'h', 169, '0000-00-00 00:00:00.000000', '0000-00-00 00:00:00.000000'),
(3367, '0700', '0000', 'Sleep', 'h', 176, '0000-00-00 00:00:00.000000', '0000-00-00 00:00:00.000000'),
(3371, '0730', '0700', 'Wake up, drink a glass of water', 'h', 155, '0000-00-00 00:00:00.000000', '0000-00-00 00:00:00.000000'),
(3372, '0730', '0700', 'Wake up, drink a glass of water', 'h', 162, '0000-00-00 00:00:00.000000', '0000-00-00 00:00:00.000000'),
(3373, '0730', '0700', 'Wake up, drink a glass of water', 'h', 169, '0000-00-00 00:00:00.000000', '0000-00-00 00:00:00.000000'),
(3374, '0730', '0700', 'Wake up, drink a glass of water', 'h', 176, '0000-00-00 00:00:00.000000', '0000-00-00 00:00:00.000000'),
(3378, '0800', '0730', 'Breakfast', 'm', 155, '0000-00-00 00:00:00.000000', '0000-00-00 00:00:00.000000'),
(3379, '0800', '0730', 'Breakfast', 'm', 162, '0000-00-00 00:00:00.000000', '0000-00-00 00:00:00.000000'),
(3380, '0800', '0730', 'Breakfast', 'm', 169, '0000-00-00 00:00:00.000000', '0000-00-00 00:00:00.000000'),
(3381, '0800', '0730', 'Breakfast', 'm', 176, '0000-00-00 00:00:00.000000', '0000-00-00 00:00:00.000000'),
(3385, '0900', '0800', 'Free time/Personal Activities', 'c', 155, '0000-00-00 00:00:00.000000', '0000-00-00 00:00:00.000000'),
(3386, '0900', '0800', 'Free time/Personal Activities', 'c', 162, '0000-00-00 00:00:00.000000', '0000-00-00 00:00:00.000000'),
(3387, '0900', '0800', 'Free time/Personal Activities', 'c', 169, '0000-00-00 00:00:00.000000', '0000-00-00 00:00:00.000000'),
(3388, '0900', '0800', 'Free time/Personal Activities', 'c', 176, '0000-00-00 00:00:00.000000', '0000-00-00 00:00:00.000000'),
(3392, '1200', '0900', 'Work/Study/Volunteering (flexible based on your situation)', 'c', 155, '0000-00-00 00:00:00.000000', '0000-00-00 00:00:00.000000'),
(3393, '1200', '0900', 'Work/Study/Volunteering (flexible based on your situation)', 'c', 162, '0000-00-00 00:00:00.000000', '0000-00-00 00:00:00.000000'),
(3394, '1200', '0900', 'Work/Study/Volunteering (flexible based on your situation)', 'c', 169, '0000-00-00 00:00:00.000000', '0000-00-00 00:00:00.000000'),
(3395, '1200', '0900', 'Work/Study/Volunteering (flexible based on your situation)', 'c', 176, '0000-00-00 00:00:00.000000', '0000-00-00 00:00:00.000000'),
(3399, '1300', '1200', 'Lunch', 'm', 155, '0000-00-00 00:00:00.000000', '0000-00-00 00:00:00.000000'),
(3400, '1300', '1200', 'Lunch', 'm', 162, '0000-00-00 00:00:00.000000', '0000-00-00 00:00:00.000000'),
(3401, '1300', '1200', 'Lunch', 'm', 169, '0000-00-00 00:00:00.000000', '0000-00-00 00:00:00.000000'),
(3402, '1300', '1200', 'Lunch', 'm', 176, '0000-00-00 00:00:00.000000', '0000-00-00 00:00:00.000000'),
(3406, '1700', '1300', 'Free time/Skill development/Hobbies', 'c', 155, '0000-00-00 00:00:00.000000', '0000-00-00 00:00:00.000000'),
(3407, '1700', '1300', 'Free time/Skill development/Hobbies', 'c', 162, '0000-00-00 00:00:00.000000', '0000-00-00 00:00:00.000000'),
(3408, '1700', '1300', 'Free time/Skill development/Hobbies', 'c', 169, '0000-00-00 00:00:00.000000', '0000-00-00 00:00:00.000000'),
(3409, '1700', '1300', 'Free time/Skill development/Hobbies', 'c', 176, '0000-00-00 00:00:00.000000', '0000-00-00 00:00:00.000000'),
(3413, '1800', '1700', 'Exercise', 's', 155, '0000-00-00 00:00:00.000000', '0000-00-00 00:00:00.000000'),
(3414, '1800', '1700', 'Exercise', 's', 162, '0000-00-00 00:00:00.000000', '0000-00-00 00:00:00.000000'),
(3415, '1800', '1700', 'Exercise', 's', 169, '0000-00-00 00:00:00.000000', '0000-00-00 00:00:00.000000'),
(3416, '1800', '1700', 'Exercise', 's', 176, '0000-00-00 00:00:00.000000', '0000-00-00 00:00:00.000000'),
(3420, '1900', '1800', 'Dinner', 'm', 155, '0000-00-00 00:00:00.000000', '0000-00-00 00:00:00.000000'),
(3421, '1900', '1800', 'Dinner', 'm', 162, '0000-00-00 00:00:00.000000', '0000-00-00 00:00:00.000000'),
(3422, '1900', '1800', 'Dinner', 'm', 169, '0000-00-00 00:00:00.000000', '0000-00-00 00:00:00.000000'),
(3423, '1900', '1800', 'Dinner', 'm', 176, '0000-00-00 00:00:00.000000', '0000-00-00 00:00:00.000000'),
(3427, '2300', '1900', 'Social/Relaxation/Family time', 'c', 155, '0000-00-00 00:00:00.000000', '0000-00-00 00:00:00.000000'),
(3428, '2300', '1900', 'Social/Relaxation/Family time', 'c', 162, '0000-00-00 00:00:00.000000', '0000-00-00 00:00:00.000000'),
(3429, '2300', '1900', 'Social/Relaxation/Family time', 'c', 169, '0000-00-00 00:00:00.000000', '0000-00-00 00:00:00.000000'),
(3430, '2300', '1900', 'Social/Relaxation/Family time', 'c', 176, '0000-00-00 00:00:00.000000', '0000-00-00 00:00:00.000000'),
(3434, '2400', '2300', 'Prepare for sleep', 'h', 155, '0000-00-00 00:00:00.000000', '0000-00-00 00:00:00.000000'),
(3435, '2400', '2300', 'Prepare for sleep', 'h', 162, '0000-00-00 00:00:00.000000', '0000-00-00 00:00:00.000000'),
(3436, '2400', '2300', 'Prepare for sleep', 'h', 169, '0000-00-00 00:00:00.000000', '0000-00-00 00:00:00.000000'),
(3437, '2400', '2300', 'Prepare for sleep', 'h', 176, '0000-00-00 00:00:00.000000', '0000-00-00 00:00:00.000000'),
(3441, '0700', '0000', 'Sleep', 'h', 156, '0000-00-00 00:00:00.000000', '0000-00-00 00:00:00.000000'),
(3442, '0700', '0000', 'Sleep', 'h', 163, '0000-00-00 00:00:00.000000', '0000-00-00 00:00:00.000000'),
(3443, '0700', '0000', 'Sleep', 'h', 170, '0000-00-00 00:00:00.000000', '0000-00-00 00:00:00.000000'),
(3444, '0700', '0000', 'Sleep', 'h', 177, '0000-00-00 00:00:00.000000', '0000-00-00 00:00:00.000000'),
(3448, '0730', '0700', 'Wake up, drink a glass of water', 'h', 156, '0000-00-00 00:00:00.000000', '0000-00-00 00:00:00.000000'),
(3449, '0730', '0700', 'Wake up, drink a glass of water', 'h', 163, '0000-00-00 00:00:00.000000', '0000-00-00 00:00:00.000000'),
(3450, '0730', '0700', 'Wake up, drink a glass of water', 'h', 170, '0000-00-00 00:00:00.000000', '0000-00-00 00:00:00.000000'),
(3451, '0730', '0700', 'Wake up, drink a glass of water', 'h', 177, '0000-00-00 00:00:00.000000', '0000-00-00 00:00:00.000000'),
(3455, '0800', '0730', 'Breakfast', 'm', 156, '0000-00-00 00:00:00.000000', '0000-00-00 00:00:00.000000');
INSERT INTO `schedule_task` (`id`, `end_time`, `start_time`, `title`, `type`, `schedule_id`, `end_date_time`, `start_date_time`) VALUES
(3456, '0800', '0730', 'Breakfast', 'm', 163, '0000-00-00 00:00:00.000000', '0000-00-00 00:00:00.000000'),
(3457, '0800', '0730', 'Breakfast', 'm', 170, '0000-00-00 00:00:00.000000', '0000-00-00 00:00:00.000000'),
(3458, '0800', '0730', 'Breakfast', 'm', 177, '0000-00-00 00:00:00.000000', '0000-00-00 00:00:00.000000'),
(3462, '0900', '0800', 'Free time/Personal Activities', 'c', 156, '0000-00-00 00:00:00.000000', '0000-00-00 00:00:00.000000'),
(3463, '0900', '0800', 'Free time/Personal Activities', 'c', 163, '0000-00-00 00:00:00.000000', '0000-00-00 00:00:00.000000'),
(3464, '0900', '0800', 'Free time/Personal Activities', 'c', 170, '0000-00-00 00:00:00.000000', '0000-00-00 00:00:00.000000'),
(3465, '0900', '0800', 'Free time/Personal Activities', 'c', 177, '0000-00-00 00:00:00.000000', '0000-00-00 00:00:00.000000'),
(3469, '1200', '0900', 'Work/Study/Volunteering (flexible based on your situation)', 'c', 156, '0000-00-00 00:00:00.000000', '0000-00-00 00:00:00.000000'),
(3470, '1200', '0900', 'Work/Study/Volunteering (flexible based on your situation)', 'c', 163, '0000-00-00 00:00:00.000000', '0000-00-00 00:00:00.000000'),
(3471, '1200', '0900', 'Work/Study/Volunteering (flexible based on your situation)', 'c', 170, '0000-00-00 00:00:00.000000', '0000-00-00 00:00:00.000000'),
(3472, '1200', '0900', 'Work/Study/Volunteering (flexible based on your situation)', 'c', 177, '0000-00-00 00:00:00.000000', '0000-00-00 00:00:00.000000'),
(3476, '1300', '1200', 'Lunch', 'm', 156, '0000-00-00 00:00:00.000000', '0000-00-00 00:00:00.000000'),
(3477, '1300', '1200', 'Lunch', 'm', 163, '0000-00-00 00:00:00.000000', '0000-00-00 00:00:00.000000'),
(3478, '1300', '1200', 'Lunch', 'm', 170, '0000-00-00 00:00:00.000000', '0000-00-00 00:00:00.000000'),
(3479, '1300', '1200', 'Lunch', 'm', 177, '0000-00-00 00:00:00.000000', '0000-00-00 00:00:00.000000'),
(3483, '1700', '1300', 'Free time/Skill development/Hobbies', 'c', 156, '0000-00-00 00:00:00.000000', '0000-00-00 00:00:00.000000'),
(3484, '1700', '1300', 'Free time/Skill development/Hobbies', 'c', 163, '0000-00-00 00:00:00.000000', '0000-00-00 00:00:00.000000'),
(3485, '1700', '1300', 'Free time/Skill development/Hobbies', 'c', 170, '0000-00-00 00:00:00.000000', '0000-00-00 00:00:00.000000'),
(3486, '1700', '1300', 'Free time/Skill development/Hobbies', 'c', 177, '0000-00-00 00:00:00.000000', '0000-00-00 00:00:00.000000'),
(3490, '1800', '1700', 'Exercise', 's', 156, '0000-00-00 00:00:00.000000', '0000-00-00 00:00:00.000000'),
(3491, '1800', '1700', 'Exercise', 's', 163, '0000-00-00 00:00:00.000000', '0000-00-00 00:00:00.000000'),
(3492, '1800', '1700', 'Exercise', 's', 170, '0000-00-00 00:00:00.000000', '0000-00-00 00:00:00.000000'),
(3493, '1800', '1700', 'Exercise', 's', 177, '0000-00-00 00:00:00.000000', '0000-00-00 00:00:00.000000'),
(3497, '1900', '1800', 'Dinner', 'm', 156, '0000-00-00 00:00:00.000000', '0000-00-00 00:00:00.000000'),
(3498, '1900', '1800', 'Dinner', 'm', 163, '0000-00-00 00:00:00.000000', '0000-00-00 00:00:00.000000'),
(3499, '1900', '1800', 'Dinner', 'm', 170, '0000-00-00 00:00:00.000000', '0000-00-00 00:00:00.000000'),
(3500, '1900', '1800', 'Dinner', 'm', 177, '0000-00-00 00:00:00.000000', '0000-00-00 00:00:00.000000'),
(3504, '2300', '1900', 'Social/Relaxation/Family time', 'c', 156, '0000-00-00 00:00:00.000000', '0000-00-00 00:00:00.000000'),
(3505, '2300', '1900', 'Social/Relaxation/Family time', 'c', 163, '0000-00-00 00:00:00.000000', '0000-00-00 00:00:00.000000'),
(3506, '2300', '1900', 'Social/Relaxation/Family time', 'c', 170, '0000-00-00 00:00:00.000000', '0000-00-00 00:00:00.000000'),
(3507, '2300', '1900', 'Social/Relaxation/Family time', 'c', 177, '0000-00-00 00:00:00.000000', '0000-00-00 00:00:00.000000'),
(3511, '2400', '2300', 'Prepare for sleep', 'h', 156, '0000-00-00 00:00:00.000000', '0000-00-00 00:00:00.000000'),
(3512, '2400', '2300', 'Prepare for sleep', 'h', 163, '0000-00-00 00:00:00.000000', '0000-00-00 00:00:00.000000'),
(3513, '2400', '2300', 'Prepare for sleep', 'h', 170, '0000-00-00 00:00:00.000000', '0000-00-00 00:00:00.000000'),
(3514, '2400', '2300', 'Prepare for sleep', 'h', 177, '0000-00-00 00:00:00.000000', '0000-00-00 00:00:00.000000'),
(3518, '0700', '0000', 'Sleep', 'h', 157, '0000-00-00 00:00:00.000000', '0000-00-00 00:00:00.000000'),
(3519, '0700', '0000', 'Sleep', 'h', 164, '0000-00-00 00:00:00.000000', '0000-00-00 00:00:00.000000'),
(3520, '0700', '0000', 'Sleep', 'h', 171, '0000-00-00 00:00:00.000000', '0000-00-00 00:00:00.000000'),
(3521, '0700', '0000', 'Sleep', 'h', 178, '0000-00-00 00:00:00.000000', '0000-00-00 00:00:00.000000'),
(3525, '0730', '0700', 'Wake up, drink a glass of water', 'h', 157, '0000-00-00 00:00:00.000000', '0000-00-00 00:00:00.000000'),
(3526, '0730', '0700', 'Wake up, drink a glass of water', 'h', 164, '0000-00-00 00:00:00.000000', '0000-00-00 00:00:00.000000'),
(3527, '0730', '0700', 'Wake up, drink a glass of water', 'h', 171, '0000-00-00 00:00:00.000000', '0000-00-00 00:00:00.000000'),
(3528, '0730', '0700', 'Wake up, drink a glass of water', 'h', 178, '0000-00-00 00:00:00.000000', '0000-00-00 00:00:00.000000'),
(3532, '0800', '0730', 'Breakfast', 'm', 157, '0000-00-00 00:00:00.000000', '0000-00-00 00:00:00.000000'),
(3533, '0800', '0730', 'Breakfast', 'm', 164, '0000-00-00 00:00:00.000000', '0000-00-00 00:00:00.000000'),
(3534, '0800', '0730', 'Breakfast', 'm', 171, '0000-00-00 00:00:00.000000', '0000-00-00 00:00:00.000000'),
(3535, '0800', '0730', 'Breakfast', 'm', 178, '0000-00-00 00:00:00.000000', '0000-00-00 00:00:00.000000'),
(3539, '0900', '0800', 'Free time/Personal Activities', 'c', 157, '0000-00-00 00:00:00.000000', '0000-00-00 00:00:00.000000'),
(3540, '0900', '0800', 'Free time/Personal Activities', 'c', 164, '0000-00-00 00:00:00.000000', '0000-00-00 00:00:00.000000'),
(3541, '0900', '0800', 'Free time/Personal Activities', 'c', 171, '0000-00-00 00:00:00.000000', '0000-00-00 00:00:00.000000'),
(3542, '0900', '0800', 'Free time/Personal Activities', 'c', 178, '0000-00-00 00:00:00.000000', '0000-00-00 00:00:00.000000'),
(3546, '1200', '0900', 'Work/Study/Volunteering (flexible based on your situation)', 'c', 157, '0000-00-00 00:00:00.000000', '0000-00-00 00:00:00.000000'),
(3547, '1200', '0900', 'Work/Study/Volunteering (flexible based on your situation)', 'c', 164, '0000-00-00 00:00:00.000000', '0000-00-00 00:00:00.000000'),
(3548, '1200', '0900', 'Work/Study/Volunteering (flexible based on your situation)', 'c', 171, '0000-00-00 00:00:00.000000', '0000-00-00 00:00:00.000000'),
(3549, '1200', '0900', 'Work/Study/Volunteering (flexible based on your situation)', 'c', 178, '0000-00-00 00:00:00.000000', '0000-00-00 00:00:00.000000'),
(3553, '1300', '1200', 'Lunch', 'm', 157, '0000-00-00 00:00:00.000000', '0000-00-00 00:00:00.000000'),
(3554, '1300', '1200', 'Lunch', 'm', 164, '0000-00-00 00:00:00.000000', '0000-00-00 00:00:00.000000'),
(3555, '1300', '1200', 'Lunch', 'm', 171, '0000-00-00 00:00:00.000000', '0000-00-00 00:00:00.000000'),
(3556, '1300', '1200', 'Lunch', 'm', 178, '0000-00-00 00:00:00.000000', '0000-00-00 00:00:00.000000'),
(3560, '1700', '1300', 'Free time/Skill development/Hobbies', 'c', 157, '0000-00-00 00:00:00.000000', '0000-00-00 00:00:00.000000'),
(3561, '1700', '1300', 'Free time/Skill development/Hobbies', 'c', 164, '0000-00-00 00:00:00.000000', '0000-00-00 00:00:00.000000'),
(3562, '1700', '1300', 'Free time/Skill development/Hobbies', 'c', 171, '0000-00-00 00:00:00.000000', '0000-00-00 00:00:00.000000'),
(3563, '1700', '1300', 'Free time/Skill development/Hobbies', 'c', 178, '0000-00-00 00:00:00.000000', '0000-00-00 00:00:00.000000'),
(3567, '1800', '1700', 'Exercise', 's', 157, '0000-00-00 00:00:00.000000', '0000-00-00 00:00:00.000000'),
(3568, '1800', '1700', 'Exercise', 's', 164, '0000-00-00 00:00:00.000000', '0000-00-00 00:00:00.000000'),
(3569, '1800', '1700', 'Exercise', 's', 171, '0000-00-00 00:00:00.000000', '0000-00-00 00:00:00.000000'),
(3570, '1800', '1700', 'Exercise', 's', 178, '0000-00-00 00:00:00.000000', '0000-00-00 00:00:00.000000'),
(3574, '1900', '1800', 'Dinner', 'm', 157, '0000-00-00 00:00:00.000000', '0000-00-00 00:00:00.000000'),
(3575, '1900', '1800', 'Dinner', 'm', 164, '0000-00-00 00:00:00.000000', '0000-00-00 00:00:00.000000'),
(3576, '1900', '1800', 'Dinner', 'm', 171, '0000-00-00 00:00:00.000000', '0000-00-00 00:00:00.000000'),
(3577, '1900', '1800', 'Dinner', 'm', 178, '0000-00-00 00:00:00.000000', '0000-00-00 00:00:00.000000'),
(3581, '2300', '1900', 'Social/Relaxation/Family time', 'c', 157, '0000-00-00 00:00:00.000000', '0000-00-00 00:00:00.000000'),
(3582, '2300', '1900', 'Social/Relaxation/Family time', 'c', 164, '0000-00-00 00:00:00.000000', '0000-00-00 00:00:00.000000'),
(3583, '2300', '1900', 'Social/Relaxation/Family time', 'c', 171, '0000-00-00 00:00:00.000000', '0000-00-00 00:00:00.000000'),
(3584, '2300', '1900', 'Social/Relaxation/Family time', 'c', 178, '0000-00-00 00:00:00.000000', '0000-00-00 00:00:00.000000'),
(3588, '2400', '2300', 'Prepare for sleep', 'h', 157, '0000-00-00 00:00:00.000000', '0000-00-00 00:00:00.000000'),
(3589, '2400', '2300', 'Prepare for sleep', 'h', 164, '0000-00-00 00:00:00.000000', '0000-00-00 00:00:00.000000'),
(3590, '2400', '2300', 'Prepare for sleep', 'h', 171, '0000-00-00 00:00:00.000000', '0000-00-00 00:00:00.000000'),
(3591, '2400', '2300', 'Prepare for sleep', 'h', 178, '0000-00-00 00:00:00.000000', '0000-00-00 00:00:00.000000'),
(3595, '0700', '0000', 'Sleep', 'h', 158, '0000-00-00 00:00:00.000000', '0000-00-00 00:00:00.000000'),
(3596, '0700', '0000', 'Sleep', 'h', 165, '0000-00-00 00:00:00.000000', '0000-00-00 00:00:00.000000'),
(3597, '0700', '0000', 'Sleep', 'h', 172, '0000-00-00 00:00:00.000000', '0000-00-00 00:00:00.000000'),
(3598, '0700', '0000', 'Sleep', 'h', 179, '0000-00-00 00:00:00.000000', '0000-00-00 00:00:00.000000'),
(3602, '0730', '0700', 'Wake up, drink a glass of water', 'h', 158, '0000-00-00 00:00:00.000000', '0000-00-00 00:00:00.000000'),
(3603, '0730', '0700', 'Wake up, drink a glass of water', 'h', 165, '0000-00-00 00:00:00.000000', '0000-00-00 00:00:00.000000'),
(3604, '0730', '0700', 'Wake up, drink a glass of water', 'h', 172, '0000-00-00 00:00:00.000000', '0000-00-00 00:00:00.000000'),
(3605, '0730', '0700', 'Wake up, drink a glass of water', 'h', 179, '0000-00-00 00:00:00.000000', '0000-00-00 00:00:00.000000'),
(3609, '0800', '0730', 'Breakfast', 'm', 158, '0000-00-00 00:00:00.000000', '0000-00-00 00:00:00.000000'),
(3610, '0800', '0730', 'Breakfast', 'm', 165, '0000-00-00 00:00:00.000000', '0000-00-00 00:00:00.000000'),
(3611, '0800', '0730', 'Breakfast', 'm', 172, '0000-00-00 00:00:00.000000', '0000-00-00 00:00:00.000000'),
(3612, '0800', '0730', 'Breakfast', 'm', 179, '0000-00-00 00:00:00.000000', '0000-00-00 00:00:00.000000'),
(3616, '0900', '0800', 'Free time/Personal Activities', 'c', 158, '0000-00-00 00:00:00.000000', '0000-00-00 00:00:00.000000'),
(3617, '0900', '0800', 'Free time/Personal Activities', 'c', 165, '0000-00-00 00:00:00.000000', '0000-00-00 00:00:00.000000'),
(3618, '0900', '0800', 'Free time/Personal Activities', 'c', 172, '0000-00-00 00:00:00.000000', '0000-00-00 00:00:00.000000'),
(3619, '0900', '0800', 'Free time/Personal Activities', 'c', 179, '0000-00-00 00:00:00.000000', '0000-00-00 00:00:00.000000'),
(3623, '1200', '0900', 'Work/Study/Volunteering (flexible based on your situation)', 'c', 158, '0000-00-00 00:00:00.000000', '0000-00-00 00:00:00.000000'),
(3624, '1200', '0900', 'Work/Study/Volunteering (flexible based on your situation)', 'c', 165, '0000-00-00 00:00:00.000000', '0000-00-00 00:00:00.000000'),
(3625, '1200', '0900', 'Work/Study/Volunteering (flexible based on your situation)', 'c', 172, '0000-00-00 00:00:00.000000', '0000-00-00 00:00:00.000000'),
(3626, '1200', '0900', 'Work/Study/Volunteering (flexible based on your situation)', 'c', 179, '0000-00-00 00:00:00.000000', '0000-00-00 00:00:00.000000'),
(3630, '1300', '1200', 'Lunch', 'm', 158, '0000-00-00 00:00:00.000000', '0000-00-00 00:00:00.000000'),
(3631, '1300', '1200', 'Lunch', 'm', 165, '0000-00-00 00:00:00.000000', '0000-00-00 00:00:00.000000'),
(3632, '1300', '1200', 'Lunch', 'm', 172, '0000-00-00 00:00:00.000000', '0000-00-00 00:00:00.000000'),
(3633, '1300', '1200', 'Lunch', 'm', 179, '0000-00-00 00:00:00.000000', '0000-00-00 00:00:00.000000'),
(3637, '1700', '1300', 'Free time/Skill development/Hobbies', 'c', 158, '0000-00-00 00:00:00.000000', '0000-00-00 00:00:00.000000'),
(3638, '1700', '1300', 'Free time/Skill development/Hobbies', 'c', 165, '0000-00-00 00:00:00.000000', '0000-00-00 00:00:00.000000'),
(3639, '1700', '1300', 'Free time/Skill development/Hobbies', 'c', 172, '0000-00-00 00:00:00.000000', '0000-00-00 00:00:00.000000'),
(3640, '1700', '1300', 'Free time/Skill development/Hobbies', 'c', 179, '0000-00-00 00:00:00.000000', '0000-00-00 00:00:00.000000'),
(3644, '1800', '1700', 'Exercise', 's', 158, '0000-00-00 00:00:00.000000', '0000-00-00 00:00:00.000000'),
(3645, '1800', '1700', 'Exercise', 's', 165, '0000-00-00 00:00:00.000000', '0000-00-00 00:00:00.000000'),
(3646, '1800', '1700', 'Exercise', 's', 172, '0000-00-00 00:00:00.000000', '0000-00-00 00:00:00.000000'),
(3647, '1800', '1700', 'Exercise', 's', 179, '0000-00-00 00:00:00.000000', '0000-00-00 00:00:00.000000'),
(3651, '1900', '1800', 'Dinner', 'm', 158, '0000-00-00 00:00:00.000000', '0000-00-00 00:00:00.000000'),
(3652, '1900', '1800', 'Dinner', 'm', 165, '0000-00-00 00:00:00.000000', '0000-00-00 00:00:00.000000'),
(3653, '1900', '1800', 'Dinner', 'm', 172, '0000-00-00 00:00:00.000000', '0000-00-00 00:00:00.000000'),
(3654, '1900', '1800', 'Dinner', 'm', 179, '0000-00-00 00:00:00.000000', '0000-00-00 00:00:00.000000'),
(3658, '2300', '1900', 'Social/Relaxation/Family time', 'c', 158, '0000-00-00 00:00:00.000000', '0000-00-00 00:00:00.000000'),
(3659, '2300', '1900', 'Social/Relaxation/Family time', 'c', 165, '0000-00-00 00:00:00.000000', '0000-00-00 00:00:00.000000'),
(3660, '2300', '1900', 'Social/Relaxation/Family time', 'c', 172, '0000-00-00 00:00:00.000000', '0000-00-00 00:00:00.000000'),
(3661, '2300', '1900', 'Social/Relaxation/Family time', 'c', 179, '0000-00-00 00:00:00.000000', '0000-00-00 00:00:00.000000'),
(3665, '2400', '2300', 'Prepare for sleep', 'h', 158, '0000-00-00 00:00:00.000000', '0000-00-00 00:00:00.000000'),
(3666, '2400', '2300', 'Prepare for sleep', 'h', 165, '0000-00-00 00:00:00.000000', '0000-00-00 00:00:00.000000'),
(3667, '2400', '2300', 'Prepare for sleep', 'h', 172, '0000-00-00 00:00:00.000000', '0000-00-00 00:00:00.000000'),
(3668, '2400', '2300', 'Prepare for sleep', 'h', 179, '0000-00-00 00:00:00.000000', '0000-00-00 00:00:00.000000');

-- --------------------------------------------------------

--
-- Table structure for table `sport`
--

CREATE TABLE `sport` (
  `id` int(11) NOT NULL,
  `calories_burnt_per_hour_per_kg` double NOT NULL,
  `name` varchar(255) NOT NULL,
  `type` varchar(255) NOT NULL
) ENGINE=InnoDB DEFAULT CHARSET=utf8mb4 COLLATE=utf8mb4_general_ci;

--
-- Dumping data for table `sport`
--

INSERT INTO `sport` (`id`, `calories_burnt_per_hour_per_kg`, `name`, `type`) VALUES
(1, 8.5, 'Cycling, mountain bike, bmx', 'CYCLING'),
(2, 4, 'Cycling, <10 mph, leisure bicycling', 'CYCLING'),
(3, 16, 'Cycling, >20 mph, racing', 'CYCLING'),
(4, 6, 'Cycling, 10-11.9 mph, light', 'CYCLING'),
(5, 8, 'Cycling, 12-13.9 mph, moderate', 'CYCLING'),
(6, 10, 'Cycling, 14-15.9 mph, vigorous', 'CYCLING'),
(7, 12, 'Cycling, 16-19 mph, very fast, racing', 'CYCLING'),
(8, 5, 'Unicycling', 'CYCLING'),
(9, 3, 'Stationary cycling, very light', 'CYCLING'),
(10, 5.5, 'Stationary cycling, light', 'CYCLING'),
(11, 7, 'Stationary cycling, moderate', 'CYCLING'),
(12, 10.5, 'Stationary cycling, vigorous', 'CYCLING'),
(13, 12.5, 'Stationary cycling, very vigorous', 'CYCLING'),
(14, 8, 'Calisthenics, vigorous, pushups, situps', 'STRENGTH'),
(15, 3.5, 'Calisthenics, light', 'STRENGTH'),
(16, 8, 'Circuit training, minimal rest', 'STRENGTH'),
(17, 6, 'Weight lifting, body building, vigorous', 'STRENGTH'),
(18, 3, 'Weight lifting, light workout', 'STRENGTH'),
(19, 5.5, 'Health club exercise', 'STRENGTH'),
(20, 9, 'Stair machine', 'CARDIO'),
(21, 3.5, 'Rowing machine, light', 'CARDIO'),
(22, 7, 'Rowing machine, moderate', 'CARDIO'),
(23, 8.5, 'Rowing machine, vigorous', 'CARDIO'),
(24, 12, 'Rowing machine, very vigorous', 'CARDIO'),
(25, 7, 'Ski machine', 'CARDIO'),
(26, 5, 'Aerobics, low impact', 'AEROBICS'),
(27, 7, 'Aerobics, high impact', 'AEROBICS'),
(28, 8.5, 'Aerobics, step aerobics', 'AEROBICS'),
(29, 6.5, 'Aerobics, general', 'AEROBICS'),
(30, 6, 'Jazzercise', 'DANCE'),
(31, 4, 'Stretching, hatha yoga', 'FLEXIBILITY'),
(32, 2.5, 'Mild stretching', 'FLEXIBILITY'),
(33, 6, 'Instructing aerobic class', 'AEROBICS'),
(34, 4, 'Water aerobics', 'AEROBICS'),
(35, 4.5, 'Ballet, twist, jazz, tap', 'DANCE'),
(36, 3, 'Ballroom dancing, slow', 'DANCE'),
(37, 5.5, 'Ballroom dancing, fast', 'DANCE'),
(38, 8, 'Running, 5 mph (12 minute mile)', 'RUNNING'),
(39, 9, 'Running, 5.2 mph (11.5 minute mile)', 'RUNNING'),
(40, 10, 'Running, 6 mph (10 min mile)', 'RUNNING'),
(41, 11, 'Running, 6.7 mph (9 min mile)', 'RUNNING'),
(42, 11.5, 'Running, 7 mph (8.5 min mile)', 'RUNNING'),
(43, 12.5, 'Running, 7.5mph (8 min mile)', 'RUNNING'),
(44, 13.5, 'Running, 8 mph (7.5 min mile)', 'RUNNING'),
(45, 14, 'Running, 8.6 mph (7 min mile)', 'RUNNING'),
(46, 15, 'Running, 9 mph (6.5 min mile)', 'RUNNING'),
(47, 16, 'Running, 10 mph (6 min mile)', 'RUNNING'),
(48, 18, 'Running, 10.9 mph (5.5 min mile)', 'RUNNING'),
(49, 9, 'Running, cross country', 'RUNNING'),
(50, 8, 'Running, general', 'RUNNING'),
(51, 10, 'Running, on a track, team practice', 'RUNNING'),
(52, 15, 'Running, stairs, up', 'RUNNING'),
(53, 4, 'Track and field (shot, discus)', 'TRACK_FIELD'),
(54, 6, 'Track and field (high jump, pole vault)', 'TRACK_FIELD'),
(55, 10, 'Track and field (hurdles)', 'TRACK_FIELD'),
(56, 3.5, 'Archery', 'OTHER'),
(57, 4.5, 'Badminton', 'RACQUET_SPORTS'),
(58, 8, 'Basketball game, competitive', 'BASKETBALL'),
(59, 6, 'Playing basketball, non game', 'BASKETBALL'),
(60, 7, 'Basketball, officiating', 'BASKETBALL'),
(61, 4.5, 'Basketball, shooting baskets', 'BASKETBALL'),
(62, 6.5, 'Basketball, wheelchair', 'BASKETBALL'),
(63, 8, 'Running, training, pushing wheelchair', 'OTHER'),
(64, 2.5, 'Billiards', 'OTHER'),
(65, 3, 'Bowling', 'OTHER'),
(66, 12, 'Boxing, in ring', 'BOXING'),
(67, 6, 'Boxing, punching bag', 'BOXING'),
(68, 9, 'Boxing, sparring', 'BOXING'),
(71, 4, 'Coaching: football, basketball, soccer', 'COACHING'),
(72, 5, 'Cricket (batting, bowling)', 'CRICKET'),
(73, 2.5, 'Croquet', 'OUTDOOR_GAMES'),
(74, 4, 'Curling', 'ICE_SPORTS'),
(75, 2.5, 'Darts (wall or lawn)', 'INDOOR_GAMES'),
(76, 6, 'Fencing', 'COMBAT_SPORTS'),
(77, 9, 'Football, competitive', 'FOOTBALL'),
(78, 8, 'Football, touch, flag, general', 'FOOTBALL'),
(79, 2.5, 'Football or baseball, playing catch', 'BALL_GAMES'),
(80, 3, 'Frisbee playing, general', 'OUTDOOR_GAMES'),
(81, 8, 'Frisbee, ultimate frisbee', 'OUTDOOR_GAMES'),
(82, 4.5, 'Golf, general', 'GOLF'),
(83, 4.5, 'Golf, walking and carrying clubs', 'GOLF'),
(84, 3, 'Golf, driving range', 'GOLF'),
(85, 3, 'Golf, miniature golf', 'GOLF'),
(86, 4.3, 'Golf, walking and pulling clubs', 'GOLF'),
(87, 3.5, 'Golf, using power cart', 'GOLF'),
(88, 4, 'Gymnastics', 'GYMNASTICS'),
(89, 4, 'Hacky sack', 'OUTDOOR_GAMES'),
(90, 12, 'Handball', 'BALL_GAMES'),
(91, 8, 'Handball, team', 'BALL_GAMES'),
(92, 8, 'Hockey, field hockey', 'HOCKEY'),
(93, 8, 'Hockey, ice hockey', 'HOCKEY'),
(94, 4, 'Riding a horse, general', 'EQUESTRIAN'),
(95, 3.5, 'Horseback riding, saddling horse', 'EQUESTRIAN'),
(96, 3.5, 'Horseback riding, grooming horse', 'EQUESTRIAN'),
(97, 6.5, 'Horseback riding, trotting', 'EQUESTRIAN'),
(98, 2.5, 'Horseback riding, walking', 'EQUESTRIAN'),
(99, 8, 'Horse racing, galloping', 'EQUESTRIAN'),
(100, 6, 'Horse grooming, moderate', 'EQUESTRIAN'),
(101, 3, 'Horseshoe pitching', 'OUTDOOR_GAMES'),
(102, 12, 'Jai alai', 'BALL_GAMES'),
(103, 10, 'Martial arts, judo, karate, jujitsu', 'MARTIAL_ARTS'),
(104, 10, 'Martial arts, kick boxing', 'MARTIAL_ARTS'),
(105, 10, 'Martial arts, tae kwan do', 'MARTIAL_ARTS'),
(106, 10, 'Krav maga training', 'MARTIAL_ARTS'),
(107, 4, 'Juggling', 'SKILL_GAMES'),
(108, 7, 'Kickball', 'BALL_GAMES'),
(109, 8, 'Lacrosse', 'BALL_GAMES'),
(110, 9, 'Orienteering', 'OUTDOOR_ACTIVITIES'),
(111, 6, 'Playing paddleball', 'RACQUET_SPORTS'),
(112, 10, 'Paddleball, competitive', 'RACQUET_SPORTS'),
(113, 8, 'Polo', 'EQUESTRIAN'),
(114, 10, 'Racquetball, competitive', 'RACQUET_SPORTS'),
(115, 7, 'Playing racquetball', 'RACQUET_SPORTS'),
(116, 11, 'Rock climbing, ascending rock', 'CLIMBING'),
(117, 8, 'Rock climbing, rappelling', 'CLIMBING'),
(118, 12, 'Jumping rope, fast', 'CARDIO'),
(119, 10, 'Jumping rope, moderate', 'CARDIO'),
(120, 8, 'Jumping rope, slow', 'CARDIO'),
(121, 10, 'Rugby', 'BALL_GAMES'),
(122, 3, 'Shuffleboard, lawn bowling', 'OUTDOOR_GAMES'),
(123, 5, 'Skateboarding', 'BOARD_SPORTS'),
(124, 7, 'Roller skating', 'SKATING'),
(125, 12, 'Roller blading, in-line skating', 'SKATING'),
(126, 3, 'Sky diving', 'EXTREME_SPORTS'),
(127, 10, 'Soccer, competitive', 'SOCCER'),
(128, 7, 'Playing soccer', 'SOCCER'),
(129, 5, 'Softball or baseball', 'BALL_GAMES'),
(130, 4, 'Softball, officiating', 'BALL_GAMES'),
(131, 6, 'Softball, pitching', 'BALL_GAMES'),
(132, 12, 'Squash', 'RACQUET_SPORTS'),
(133, 4, 'Table tennis, ping pong', 'RACQUET_SPORTS'),
(134, 4, 'Tai chi', 'MARTIAL_ARTS'),
(135, 7, 'Playing tennis', 'RACQUET_SPORTS'),
(136, 6, 'Tennis, doubles', 'RACQUET_SPORTS'),
(137, 8, 'Tennis, singles', 'RACQUET_SPORTS'),
(138, 3.5, 'Trampoline', 'GYMNASTICS'),
(139, 8, 'Volleyball, competitive', 'VOLLEYBALL'),
(140, 3, 'Playing volleyball', 'VOLLEYBALL'),
(141, 8, 'Volleyball, beach', 'VOLLEYBALL'),
(142, 6, 'Wrestling', 'COMBAT_SPORTS'),
(143, 7, 'Wallyball', 'BALL_GAMES'),
(144, 7, 'Backpacking, Hiking with pack', 'HIKING'),
(145, 3.5, 'Carrying infant, level ground', 'DAILY_ACTIVITIES'),
(146, 5, 'Carrying infant, upstairs', 'DAILY_ACTIVITIES'),
(147, 6, 'Carrying 16 to 24 lbs, upstairs', 'DAILY_ACTIVITIES'),
(148, 8, 'Carrying 25 to 49 lbs, upstairs', 'DAILY_ACTIVITIES'),
(149, 2.8, 'Standing, playing with children, light', 'DAILY_ACTIVITIES'),
(150, 4, 'Walk/run, playing with children, moderate', 'DAILY_ACTIVITIES'),
(151, 5, 'Walk/run, playing with children, vigorous', 'DAILY_ACTIVITIES'),
(152, 3, 'Carrying small children', 'DAILY_ACTIVITIES'),
(153, 3, 'Loading, unloading car', 'DAILY_ACTIVITIES'),
(154, 7, 'Climbing hills, carrying up to 9 lbs', 'HIKING'),
(155, 7.5, 'Climbing hills, carrying 10 to 20 lb', 'HIKING'),
(156, 8, 'Climbing hills, carrying 21 to 42 lb', 'HIKING'),
(157, 9, 'Climbing hills, carrying over 42 lb', 'HIKING'),
(158, 3, 'Walking downstairs', 'WALKING'),
(159, 6, 'Hiking, cross country', 'HIKING'),
(160, 2.5, 'Bird watching', 'OUTDOOR_ACTIVITIES'),
(161, 6.5, 'Marching, rapidly, military', 'WALKING'),
(162, 5, 'Children\'s games, hopscotch, dodgeball', 'CHILDREN_GAMES'),
(163, 2.5, 'Pushing stroller or walking with children', 'DAILY_ACTIVITIES'),
(164, 4, 'Pushing a wheelchair', 'DAILY_ACTIVITIES'),
(165, 6.5, 'Race walking', 'WALKING'),
(166, 8, 'Rock climbing, mountain climbing', 'CLIMBING'),
(167, 5, 'Walking using crutches', 'WALKING'),
(168, 3, 'Walking the dog', 'DAILY_ACTIVITIES'),
(169, 2, 'Walking, under 2.0 mph, very slow', 'WALKING'),
(170, 2.5, 'Walking 2.0 mph, slow', 'WALKING'),
(171, 3, 'Walking 2.5 mph', 'WALKING'),
(172, 3.3, 'Walking 3.0 mph, moderate', 'WALKING'),
(173, 3.8, 'Walking 3.5 mph, brisk pace', 'WALKING'),
(174, 6, 'Walking 3.5 mph, uphill', 'WALKING'),
(175, 5, 'Walking 4.0 mph, very brisk', 'WALKING'),
(176, 6.3, 'Walking 4.5 mph', 'WALKING'),
(177, 8, 'Walking 5.0 mph', 'WALKING'),
(178, 2.5, 'Boating, power, speed boat', 'WATER_ACTIVITIES'),
(179, 4, 'Canoeing, camping trip', 'WATER_ACTIVITIES'),
(180, 3, 'Canoeing, rowing, light', 'WATER_ACTIVITIES'),
(181, 7, 'Canoeing, rowing, moderate', 'WATER_ACTIVITIES'),
(182, 12, 'Canoeing, rowing, vigorous', 'WATER_ACTIVITIES'),
(183, 12, 'Crew, sculling, rowing, competition', 'WATER_ACTIVITIES'),
(184, 5, 'Kayaking', 'WATER_ACTIVITIES'),
(185, 4, 'Paddle boat', 'WATER_ACTIVITIES'),
(186, 3, 'Windsurfing, sailing', 'WATER_ACTIVITIES'),
(187, 5, 'Sailing, competition', 'WATER_ACTIVITIES'),
(188, 3, 'Sailing, yachting, ocean sailing', 'WATER_ACTIVITIES'),
(189, 6, 'Skiing, water skiing', 'WATER_SPORTS'),
(190, 7, 'Ski mobiling', 'WINTER_SPORTS'),
(191, 16, 'Skin diving, fast', 'WATER_ACTIVITIES'),
(192, 12.5, 'Skin diving, moderate', 'WATER_ACTIVITIES'),
(193, 7, 'Skin diving, scuba diving', 'WATER_ACTIVITIES'),
(194, 5, 'Snorkeling', 'WATER_ACTIVITIES'),
(195, 3, 'Surfing, body surfing or board surfing', 'WATER_SPORTS'),
(196, 5, 'Whitewater rafting, kayaking, canoeing', 'WATER_SPORTS'),
(197, 10, 'Swimming laps, freestyle, fast', 'SWIMMING'),
(198, 7, 'Swimming laps, freestyle, slow', 'SWIMMING'),
(199, 7, 'Swimming backstroke', 'SWIMMING'),
(200, 10, 'Swimming breaststroke', 'SWIMMING'),
(201, 11, 'Swimming butterfly', 'SWIMMING'),
(202, 6, 'Swimming leisurely, not laps', 'SWIMMING'),
(203, 8, 'Swimming sidestroke', 'SWIMMING'),
(204, 8, 'Swimming synchronized', 'SWIMMING'),
(205, 10, 'Swimming, treading water, fast, vigorous', 'SWIMMING'),
(206, 4, 'Swimming, treading water, moderate', 'SWIMMING'),
(207, 4, 'Water aerobics, water calisthenics', 'WATER_ACTIVITIES'),
(208, 10, 'Water polo', 'WATER_SPORTS'),
(209, 3, 'Water volleyball', 'WATER_SPORTS'),
(210, 8, 'Water jogging', 'WATER_ACTIVITIES'),
(211, 3, 'Diving, springboard or platform', 'WATER_SPORTS'),
(212, 5.5, 'Ice skating, < 9 mph', 'ICE_SPORTS'),
(213, 7, 'Ice skating, average speed', 'ICE_SPORTS'),
(214, 9, 'Ice skating, rapidly', 'ICE_SPORTS'),
(215, 15, 'Speed skating, ice, competitive', 'ICE_SPORTS'),
(216, 7, 'Cross country snow skiing, slow', 'WINTER_SPORTS'),
(217, 8, 'Cross country skiing, moderate', 'WINTER_SPORTS'),
(218, 9, 'Cross country skiing, vigorous', 'WINTER_SPORTS'),
(219, 14, 'Cross country skiing, racing', 'WINTER_SPORTS'),
(220, 16.5, 'Cross country skiing, uphill', 'WINTER_SPORTS'),
(221, 5, 'Snow skiing, downhill skiing, light', 'WINTER_SPORTS'),
(222, 6, 'Downhill snow skiing, moderate', 'WINTER_SPORTS'),
(223, 8, 'Downhill snow skiing, racing', 'WINTER_SPORTS'),
(224, 7, 'Sledding, tobagganing, luge', 'WINTER_SPORTS'),
(225, 8, 'Snow shoeing', 'WINTER_SPORTS'),
(226, 3.5, 'Snowmobiling', 'WINTER_SPORTS'),
(227, 3.5, 'General housework', 'HOUSEHOLD'),
(228, 5, 'Cleaning gutters', 'HOUSEHOLD'),
(229, 4.5, 'Painting', 'HOUSEHOLD'),
(230, 2.5, 'Sit, playing with animals', 'DAILY_ACTIVITIES'),
(231, 4, 'Walk / run, playing with animals', 'DAILY_ACTIVITIES'),
(232, 3.5, 'Bathing dog', 'DAILY_ACTIVITIES'),
(233, 5.5, 'Mowing lawn, walk, power mower', 'YARD_WORK'),
(234, 2.5, 'Mowing lawn, riding mower', 'YARD_WORK'),
(235, 3.5, 'Walking, snow blower', 'YARD_WORK'),
(236, 3, 'Riding, snow blower', 'YARD_WORK'),
(237, 6, 'Shoveling snow by hand', 'YARD_WORK'),
(238, 4.3, 'Raking lawn', 'YARD_WORK'),
(239, 4, 'Gardening, general', 'YARD_WORK'),
(240, 4, 'Bagging grass, leaves', 'YARD_WORK'),
(241, 1.5, 'Watering lawn or garden', 'YARD_WORK'),
(242, 4.5, 'Weeding, cultivating garden', 'YARD_WORK'),
(243, 3.5, 'Carpentry, general', 'HOUSEHOLD'),
(244, 8, 'Carrying heavy loads', 'DAILY_ACTIVITIES'),
(245, 8, 'Carrying moderate loads upstairs', 'DAILY_ACTIVITIES'),
(246, 3.5, 'General cleaning', 'HOUSEHOLD'),
(247, 2.5, 'Cleaning, dusting', 'HOUSEHOLD'),
(248, 3, 'Taking out trash', 'HOUSEHOLD'),
(249, 4, 'Walking, pushing a wheelchair', 'DAILY_ACTIVITIES'),
(250, 4, 'Teach physical education,exercise class', 'TEACHING'),
(251, 2, 'EFFVC', 'BOXING');

-- --------------------------------------------------------

--
-- Table structure for table `todo`
--

CREATE TABLE `todo` (
  `id` int(11) NOT NULL,
  `user_id` int(11) NOT NULL,
  `date` date DEFAULT NULL,
  `day` text DEFAULT NULL
) ENGINE=InnoDB DEFAULT CHARSET=utf8mb4 COLLATE=utf8mb4_general_ci;

--
-- Dumping data for table `todo`
--

INSERT INTO `todo` (`id`, `user_id`, `date`, `day`) VALUES
(89, 2, NULL, '0'),
(90, 2, NULL, '1'),
(91, 2, NULL, '2'),
(92, 2, NULL, '3'),
(93, 2, NULL, '4'),
(94, 2, NULL, '5'),
(95, 2, NULL, '6'),
(96, 2, '2024-12-22', NULL),
(104, 1, NULL, '0'),
(105, 1, NULL, '1'),
(106, 1, NULL, '2'),
(107, 1, NULL, '3'),
(108, 1, NULL, '4'),
(109, 1, NULL, '5'),
(110, 1, NULL, '6'),
(146, 4, NULL, '0'),
(147, 4, NULL, '1'),
(148, 4, NULL, '2'),
(149, 4, NULL, '3'),
(150, 4, NULL, '4'),
(151, 4, NULL, '5'),
(152, 4, NULL, '6'),
(157, 2, '2024-12-27', NULL);

-- --------------------------------------------------------

--
-- Table structure for table `todo_task`
--

CREATE TABLE `todo_task` (
  `id` int(11) NOT NULL,
  `end_time` varchar(8) NOT NULL,
  `is_complete` tinyint(1) NOT NULL DEFAULT 0,
  `start_time` varchar(8) NOT NULL,
  `title` varchar(255) NOT NULL,
  `type` varchar(255) NOT NULL,
  `todo_id` int(11) NOT NULL,
  `description` text DEFAULT NULL
) ENGINE=InnoDB DEFAULT CHARSET=utf8mb4 COLLATE=utf8mb4_general_ci;

--
-- Dumping data for table `todo_task`
--

INSERT INTO `todo_task` (`id`, `end_time`, `is_complete`, `start_time`, `title`, `type`, `todo_id`, `description`) VALUES
(943, '0600', 0, '0000', 'Sleep', 'h', 89, NULL),
(944, '0630', 0, '0600', 'Wake up, mindfulness/meditation', 'h', 89, NULL),
(945, '0700', 0, '0630', 'Light breakfast', 'm', 89, NULL),
(946, '0900', 0, '0700', 'Prepare for work/Commute', 'c', 89, NULL),
(947, '1200', 0, '0900', 'Work', 'c', 89, NULL),
(948, '1300', 0, '1200', 'Lunch', 'm', 89, NULL),
(949, '1800', 0, '1300', 'Work', 'c', 89, NULL),
(950, '1900', 0, '1800', 'Dinner', 'm', 89, NULL),
(951, '2100', 0, '1900', 'Family time/Relax', 'c', 89, NULL),
(952, '2200', 0, '2100', 'Exercise/Yoga', 's', 89, NULL),
(953, '2400', 0, '2200', 'Sleep', 'h', 89, NULL),
(954, '0600', 0, '0000', 'Sleep', 'h', 90, NULL),
(955, '0630', 0, '0600', 'Wake up, mindfulness/meditation', 'h', 90, NULL),
(956, '0700', 0, '0630', 'Light breakfast', 'm', 90, NULL),
(957, '0900', 0, '0700', 'Prepare for work/Commute', 'c', 90, NULL),
(958, '1200', 0, '0900', 'Work', 'c', 90, NULL),
(959, '1300', 0, '1200', 'Lunch', 'm', 90, NULL),
(960, '1800', 0, '1300', 'Work', 'c', 90, NULL),
(961, '1900', 0, '1800', 'Dinner', 'm', 90, NULL),
(962, '2100', 0, '1900', 'Family time/Relax', 'c', 90, NULL),
(963, '2200', 0, '2100', 'Exercise/Yoga', 's', 90, NULL),
(964, '2400', 0, '2200', 'Sleep', 'h', 90, NULL),
(965, '0600', 0, '0000', 'Sleep', 'h', 91, NULL),
(966, '0630', 0, '0600', 'Wake up, mindfulness/meditation', 'h', 91, NULL),
(967, '0700', 0, '0630', 'Light breakfast', 'm', 91, NULL),
(968, '0900', 0, '0700', 'Prepare for work/Commute', 'c', 91, NULL),
(969, '1200', 0, '0900', 'Work', 'c', 91, NULL),
(970, '1300', 0, '1200', 'Lunch', 'm', 91, NULL),
(971, '1800', 0, '1300', 'Work', 'c', 91, NULL),
(972, '1900', 0, '1800', 'Dinner', 'm', 91, NULL),
(973, '2100', 0, '1900', 'Family time/Relax', 'c', 91, NULL),
(974, '2200', 0, '2100', 'Exercise/Yoga', 's', 91, NULL),
(975, '2400', 0, '2200', 'Sleep', 'h', 91, NULL),
(976, '0600', 0, '0000', 'Sleep', 'h', 92, NULL),
(977, '0630', 0, '0600', 'Wake up, mindfulness/meditation', 'h', 92, NULL),
(978, '0700', 0, '0630', 'Light breakfast', 'm', 92, NULL),
(979, '0900', 0, '0700', 'Prepare for work/Commute', 'c', 92, NULL),
(980, '1200', 0, '0900', 'Work', 'c', 92, NULL),
(981, '1300', 0, '1200', 'Lunch', 'm', 92, NULL),
(982, '1800', 0, '1300', 'Work', 'c', 92, NULL),
(983, '1900', 0, '1800', 'Dinner', 'm', 92, NULL),
(984, '2100', 0, '1900', 'Family time/Relax', 'c', 92, NULL),
(985, '2200', 0, '2100', 'Exercise/Yoga', 's', 92, NULL),
(986, '2400', 0, '2200', 'Sleep', 'h', 92, NULL),
(987, '0600', 0, '0000', 'Sleep', 'h', 93, NULL),
(988, '0630', 0, '0600', 'Wake up, mindfulness/meditation', 'h', 93, NULL),
(989, '0700', 0, '0630', 'Light breakfast', 'm', 93, NULL),
(990, '0900', 0, '0700', 'Prepare for work/Commute', 'c', 93, NULL),
(991, '1200', 0, '0900', 'Work', 'c', 93, NULL),
(992, '1300', 0, '1200', 'Lunch', 'm', 93, NULL),
(993, '1800', 0, '1300', 'Work', 'c', 93, NULL),
(994, '1900', 0, '1800', 'Dinner', 'm', 93, NULL),
(995, '2100', 0, '1900', 'Family time/Relax', 'c', 93, NULL),
(996, '2200', 0, '2100', 'Exercise/Yoga', 's', 93, NULL),
(997, '2400', 0, '2200', 'Sleep', 'h', 93, NULL),
(998, '0700', 0, '0000', 'Sleep', 'h', 94, NULL),
(999, '0800', 0, '0700', 'Leisurely breakfast', 'f', 94, NULL),
(1000, '1000', 0, '0800', 'Outdoor activities/Hobbies', 'c', 94, NULL),
(1001, '1100', 0, '1000', 'Exercise', 's', 94, NULL),
(1002, '1200', 0, '1100', 'Lunch', 'f', 94, NULL),
(1003, '1800', 0, '1200', 'Social activities/Family time/Errands', 'c', 94, NULL),
(1004, '1900', 0, '1800', 'Dinner', 'f', 94, NULL),
(1005, '2300', 0, '1900', 'Relax/Free time', 'c', 94, NULL),
(1006, '2400', 0, '2300', 'Sleep', 'h', 94, NULL),
(1007, '0800', 0, '0000', 'Sleep', 'h', 95, NULL),
(1008, '0900', 0, '0800', 'Breakfast', 'f', 95, NULL),
(1009, '1200', 0, '0900', 'Relax/Prepare for week', 'c', 95, NULL),
(1010, '1300', 0, '1200', 'Lunch', 'f', 95, NULL),
(1011, '1700', 0, '1300', 'Family time/Meal prep', 'c', 95, NULL),
(1012, '1800', 0, '1700', 'Dinner', 'f', 95, NULL),
(1013, '2200', 0, '1800', 'Relax/Wind down', 'c', 95, NULL),
(1014, '2400', 0, '2200', 'Sleep', 'h', 95, NULL),
(1015, '0600', 0, '0000', 'Sleep', 'h', 89, NULL),
(1018, '0630', 0, '0600', 'Wake up, drink water, light stretching', 'h', 89, NULL),
(1021, '0700', 0, '0630', 'Breakfast', 'm', 89, NULL),
(1024, '0900', 0, '0700', 'Work', 'c', 89, NULL),
(1027, '1200', 0, '0900', 'Free time/Personal Development', 'c', 89, NULL),
(1030, '1300', 0, '1200', 'Lunch', 'm', 89, NULL),
(1033, '1700', 0, '1300', 'Work (if applicable) / Hobbies / Errands', 'c', 89, NULL),
(1036, '1800', 0, '1700', 'Exercise', 's', 89, NULL),
(1039, '1900', 0, '1800', 'Dinner with family', 'm', 89, NULL),
(1042, '2200', 0, '1900', 'Family time / Social activities / Relax', 'c', 89, NULL),
(1045, '2300', 0, '2200', 'Prepare for sleep', 'h', 89, NULL),
(1048, '2400', 0, '2300', 'Sleep', 'h', 89, NULL),
(1051, '0600', 0, '0000', 'Sleep', 'h', 90, NULL),
(1054, '0630', 0, '0600', 'Wake up, drink water, light stretching', 'h', 90, NULL),
(1057, '0700', 0, '0630', 'Breakfast', 'm', 90, NULL),
(1060, '0900', 0, '0700', 'Work', 'c', 90, NULL),
(1063, '1200', 0, '0900', 'Free time/Personal Development', 'c', 90, NULL),
(1066, '1300', 0, '1200', 'Lunch', 'm', 90, NULL),
(1069, '1700', 0, '1300', 'Work (if applicable) / Hobbies / Errands', 'c', 90, NULL),
(1072, '1800', 0, '1700', 'Exercise', 's', 90, NULL),
(1075, '1900', 0, '1800', 'Dinner with family', 'm', 90, NULL),
(1078, '2200', 0, '1900', 'Family time / Social activities / Relax', 'c', 90, NULL),
(1081, '2300', 0, '2200', 'Prepare for sleep', 'h', 90, NULL),
(1084, '2400', 0, '2300', 'Sleep', 'h', 90, NULL),
(1087, '0600', 0, '0000', 'Sleep', 'h', 91, NULL),
(1090, '0630', 0, '0600', 'Wake up, drink water, light stretching', 'h', 91, NULL),
(1093, '0700', 0, '0630', 'Breakfast', 'm', 91, NULL),
(1096, '0900', 0, '0700', 'Work', 'c', 91, NULL),
(1099, '1200', 0, '0900', 'Free time/Personal Development', 'c', 91, NULL),
(1102, '1300', 0, '1200', 'Lunch', 'm', 91, NULL),
(1105, '1700', 0, '1300', 'Work (if applicable) / Hobbies / Errands', 'c', 91, NULL),
(1108, '1800', 0, '1700', 'Exercise', 's', 91, NULL),
(1111, '1900', 0, '1800', 'Dinner with family', 'm', 91, NULL),
(1114, '2200', 0, '1900', 'Family time / Social activities / Relax', 'c', 91, NULL),
(1117, '2300', 0, '2200', 'Prepare for sleep', 'h', 91, NULL),
(1120, '2400', 0, '2300', 'Sleep', 'h', 91, NULL),
(1123, '0600', 0, '0000', 'Sleep', 'h', 92, NULL),
(1126, '0630', 0, '0600', 'Wake up, drink water, light stretching', 'h', 92, NULL),
(1129, '0700', 0, '0630', 'Breakfast', 'm', 92, NULL),
(1132, '0900', 0, '0700', 'Work', 'c', 92, NULL),
(1135, '1200', 0, '0900', 'Free time/Personal Development', 'c', 92, NULL),
(1138, '1300', 0, '1200', 'Lunch', 'm', 92, NULL),
(1141, '1700', 0, '1300', 'Work (if applicable) / Hobbies / Errands', 'c', 92, NULL),
(1144, '1800', 0, '1700', 'Exercise', 's', 92, NULL),
(1147, '1900', 0, '1800', 'Dinner with family', 'm', 92, NULL),
(1150, '2200', 0, '1900', 'Family time / Social activities / Relax', 'c', 92, NULL),
(1153, '2300', 0, '2200', 'Prepare for sleep', 'h', 92, NULL),
(1156, '2400', 0, '2300', 'Sleep', 'h', 92, NULL),
(1195, '0800', 0, '0000', 'Sleep', 'h', 94, NULL),
(1198, '0900', 0, '0800', 'Wake up, hydrate', 'h', 94, NULL),
(1201, '1000', 0, '0900', 'Leisurely breakfast/brunch', 'f', 94, NULL),
(1204, '1300', 0, '1000', 'Exercise/Outdoor activities', 's', 94, NULL),
(1207, '1400', 0, '1300', 'Lunch', 'f', 94, NULL),
(1210, '1800', 0, '1400', 'Social activities / Hobbies', 'c', 94, NULL),
(1213, '2000', 0, '1800', 'Dinner', 'f', 94, NULL),
(1216, '2300', 0, '2000', 'Family Time / Movies / Relaxation', 'c', 94, NULL),
(1219, '2400', 0, '2300', 'Sleep', 'h', 94, NULL),
(1222, '0900', 0, '0000', 'Sleep', 'h', 95, NULL),
(1225, '1000', 0, '0900', 'Brunch', 'f', 95, NULL),
(1228, '1400', 0, '1000', 'Relaxing activities / Hobbies / Reading', 'c', 95, NULL),
(1231, '1500', 0, '1400', 'Lunch', 'f', 95, NULL),
(1234, '1900', 0, '1500', 'Family time / Prepare for the week', 'c', 95, NULL),
(1237, '2000', 0, '1900', 'Dinner', 'f', 95, NULL),
(1240, '2200', 0, '2000', 'Wind-down routine', 'c', 95, NULL),
(1243, '2400', 0, '2200', 'Sleep', 'h', 95, NULL),
(1246, '0600', 0, '0000', 'Sleep', 'h', 104, NULL),
(1247, '0630', 0, '0600', 'Wake up, light exercise/yoga', 'h', 104, NULL),
(1248, '0700', 0, '0630', 'Breakfast', 'm', 104, NULL),
(1249, '0900', 0, '0700', 'Work', 'c', 104, NULL),
(1250, '1230', 0, '0900', 'Free time/Personal Development', 'c', 104, NULL),
(1251, '1330', 0, '1230', 'Lunch', 'm', 104, NULL),
(1252, '1700', 0, '1330', 'Work (Tutoring/Grading)', 'c', 104, NULL),
(1253, '1800', 0, '1700', 'Exercise/Sports', 's', 104, NULL),
(1254, '1900', 0, '1800', 'Dinner with family', 'm', 104, NULL),
(1255, '2200', 0, '1900', 'Family time/Relax/Social activities', 'c', 104, NULL),
(1256, '2300', 0, '2200', 'Prepare for sleep', 'h', 104, NULL),
(1257, '2400', 0, '2300', 'Sleep', 'h', 104, NULL),
(1258, '0600', 0, '0000', 'Sleep', 'h', 105, NULL),
(1259, '0630', 0, '0600', 'Wake up, light exercise/yoga', 'h', 105, NULL),
(1260, '0700', 0, '0630', 'Breakfast', 'm', 105, NULL),
(1261, '0900', 0, '0700', 'Work', 'c', 105, NULL),
(1262, '1230', 0, '0900', 'Free time/Personal Development', 'c', 105, NULL),
(1263, '1330', 0, '1230', 'Lunch', 'm', 105, NULL),
(1264, '1700', 0, '1330', 'Work (Tutoring/Grading)', 'c', 105, NULL),
(1265, '1800', 0, '1700', 'Exercise/Sports', 's', 105, NULL),
(1266, '1900', 0, '1800', 'Dinner with family', 'm', 105, NULL),
(1267, '2200', 0, '1900', 'Family time/Relax/Social activities', 'c', 105, NULL),
(1268, '2300', 0, '2200', 'Prepare for sleep', 'h', 105, NULL),
(1269, '2400', 0, '2300', 'Sleep', 'h', 105, NULL),
(1270, '0600', 0, '0000', 'Sleep', 'h', 106, NULL),
(1271, '0630', 0, '0600', 'Wake up, light exercise/yoga', 'h', 106, NULL),
(1272, '0700', 0, '0630', 'Breakfast', 'm', 106, NULL),
(1273, '0900', 0, '0700', 'Work', 'c', 106, NULL),
(1274, '1230', 0, '0900', 'Free time/Personal Development', 'c', 106, NULL),
(1275, '1330', 0, '1230', 'Lunch', 'm', 106, NULL),
(1276, '1700', 0, '1330', 'Work (Tutoring/Grading)', 'c', 106, NULL),
(1277, '1800', 0, '1700', 'Exercise/Sports', 's', 106, NULL),
(1278, '1900', 0, '1800', 'Dinner with family', 'm', 106, NULL),
(1279, '2200', 0, '1900', 'Family time/Relax/Social activities', 'c', 106, NULL),
(1280, '2300', 0, '2200', 'Prepare for sleep', 'h', 106, NULL),
(1281, '2400', 0, '2300', 'Sleep', 'h', 106, NULL),
(1282, '0600', 0, '0000', 'Sleep', 'h', 107, NULL),
(1283, '0630', 0, '0600', 'Wake up, light exercise/yoga', 'h', 107, NULL),
(1284, '0700', 0, '0630', 'Breakfast', 'm', 107, NULL),
(1285, '0900', 0, '0700', 'Work', 'c', 107, NULL),
(1286, '1230', 0, '0900', 'Free time/Personal Development', 'c', 107, NULL),
(1287, '1330', 0, '1230', 'Lunch', 'm', 107, NULL),
(1288, '1700', 0, '1330', 'Work (Tutoring/Grading)', 'c', 107, NULL),
(1289, '1800', 0, '1700', 'Exercise/Sports', 's', 107, NULL),
(1290, '1900', 0, '1800', 'Dinner with family', 'm', 107, NULL),
(1291, '2200', 0, '1900', 'Family time/Relax/Social activities', 'c', 107, NULL),
(1292, '2300', 0, '2200', 'Prepare for sleep', 'h', 107, NULL),
(1293, '2400', 0, '2300', 'Sleep', 'h', 107, NULL),
(1294, '0600', 0, '0000', 'Sleep', 'h', 108, NULL),
(1295, '0630', 0, '0600', 'Wake up, light exercise/yoga', 'h', 108, NULL),
(1296, '0700', 0, '0630', 'Breakfast', 'm', 108, NULL),
(1297, '0900', 0, '0700', 'Work', 'c', 108, NULL),
(1298, '1230', 0, '0900', 'Free time/Personal Development', 'c', 108, NULL),
(1299, '1330', 0, '1230', 'Lunch', 'm', 108, NULL),
(1300, '1700', 0, '1330', 'Work (Tutoring/Grading)', 'c', 108, NULL),
(1301, '1800', 0, '1700', 'Exercise/Sports', 's', 108, NULL),
(1302, '1900', 0, '1800', 'Dinner with family', 'm', 108, NULL),
(1303, '2200', 0, '1900', 'Family time/Relax/Social activities', 'c', 108, NULL),
(1304, '2300', 0, '2200', 'Prepare for sleep', 'h', 108, NULL),
(1305, '2400', 0, '2300', 'Sleep', 'h', 108, NULL),
(1306, '0800', 0, '0000', 'Sleep', 'h', 109, NULL),
(1307, '0900', 0, '0800', 'Breakfast', 'f', 109, NULL),
(1308, '1300', 0, '0900', 'Outdoor Activities/Hobbies/Social', 'c', 109, NULL),
(1309, '1400', 0, '1300', 'Lunch', 'f', 109, NULL),
(1310, '1800', 0, '1400', 'Family Time/Relax', 'c', 109, NULL),
(1311, '1900', 0, '1800', 'Dinner', 'f', 109, NULL),
(1312, '2300', 0, '1900', 'Social/Entertainment', 'c', 109, NULL),
(1313, '2400', 0, '2300', 'Sleep', 'h', 109, NULL),
(1314, '0900', 0, '0000', 'Sleep', 'h', 110, NULL),
(1315, '1000', 0, '0900', 'Brunch', 'f', 110, NULL),
(1316, '1400', 0, '1000', 'Relax/Hobbies/Personal development', 'c', 110, NULL),
(1317, '1800', 0, '1400', 'Family Time/Prepare for the week', 'c', 110, NULL),
(1318, '1900', 0, '1800', 'Dinner', 'f', 110, NULL),
(1319, '2200', 0, '1900', 'Relax/Wind down', 'c', 110, NULL),
(1320, '2400', 0, '2200', 'Sleep', 'h', 110, NULL),
(1321, '0700', 0, '0000', 'Sleep', 'h', 104, NULL),
(1324, '0730', 0, '0700', 'Wake up, drink water', 'h', 104, NULL),
(1327, '0800', 0, '0730', 'Breakfast', 'm', 104, NULL),
(1330, '1200', 0, '0800', 'Free time/Work/Study (adjust as needed)', 'c', 104, NULL),
(1333, '1300', 0, '1200', 'Lunch', 'm', 104, NULL),
(1336, '1700', 0, '1300', 'Free time/Work/Study (adjust as needed)', 'c', 104, NULL),
(1339, '1800', 0, '1700', 'Exercise', 's', 104, NULL),
(1342, '1900', 0, '1800', 'Dinner', 'm', 104, NULL),
(1345, '2300', 0, '1900', 'Free time/Relax/Social activities', 'c', 104, NULL),
(1348, '2400', 0, '2300', 'Sleep', 'h', 104, NULL),
(1351, '0700', 0, '0000', 'Sleep', 'h', 105, NULL),
(1354, '0730', 0, '0700', 'Wake up, drink water', 'h', 105, NULL),
(1357, '0800', 0, '0730', 'Breakfast', 'm', 105, NULL),
(1360, '1200', 0, '0800', 'Free time/Work/Study (adjust as needed)', 'c', 105, NULL),
(1363, '1300', 0, '1200', 'Lunch', 'm', 105, NULL),
(1366, '1700', 0, '1300', 'Free time/Work/Study (adjust as needed)', 'c', 105, NULL),
(1369, '1800', 0, '1700', 'Exercise', 's', 105, NULL),
(1372, '1900', 0, '1800', 'Dinner', 'm', 105, NULL),
(1375, '2300', 0, '1900', 'Free time/Relax/Social activities', 'c', 105, NULL),
(1378, '2400', 0, '2300', 'Sleep', 'h', 105, NULL),
(1381, '0700', 0, '0000', 'Sleep', 'h', 106, NULL),
(1384, '0730', 0, '0700', 'Wake up, drink water', 'h', 106, NULL),
(1387, '0800', 0, '0730', 'Breakfast', 'm', 106, NULL),
(1390, '1200', 0, '0800', 'Free time/Work/Study (adjust as needed)', 'c', 106, NULL),
(1393, '1300', 0, '1200', 'Lunch', 'm', 106, NULL),
(1396, '1700', 0, '1300', 'Free time/Work/Study (adjust as needed)', 'c', 106, NULL),
(1399, '1800', 0, '1700', 'Exercise', 's', 106, NULL),
(1402, '1900', 0, '1800', 'Dinner', 'm', 106, NULL),
(1405, '2300', 0, '1900', 'Free time/Relax/Social activities', 'c', 106, NULL),
(1408, '2400', 0, '2300', 'Sleep', 'h', 106, NULL),
(1411, '0700', 0, '0000', 'Sleep', 'h', 107, NULL),
(1414, '0730', 0, '0700', 'Wake up, drink water', 'h', 107, NULL),
(1417, '0800', 0, '0730', 'Breakfast', 'm', 107, NULL),
(1420, '1200', 0, '0800', 'Free time/Work/Study (adjust as needed)', 'c', 107, NULL),
(1423, '1300', 0, '1200', 'Lunch', 'm', 107, NULL),
(1426, '1700', 0, '1300', 'Free time/Work/Study (adjust as needed)', 'c', 107, NULL),
(1429, '1800', 0, '1700', 'Exercise', 's', 107, NULL),
(1432, '1900', 0, '1800', 'Dinner', 'm', 107, NULL),
(1435, '2300', 0, '1900', 'Free time/Relax/Social activities', 'c', 107, NULL),
(1438, '2400', 0, '2300', 'Sleep', 'h', 107, NULL),
(1471, '0900', 0, '0000', 'Sleep', 'h', 109, NULL),
(1474, '1000', 0, '0900', 'Brunch', 'f', 109, NULL),
(1477, '1800', 0, '1000', 'Free time/Hobbies/Errands/Social Activities', 'c', 109, NULL),
(1480, '1900', 0, '1800', 'Dinner', 'f', 109, NULL),
(1483, '2300', 0, '1900', 'Relax/Social activities', 'c', 109, NULL),
(1486, '2400', 0, '2300', 'Sleep', 'h', 109, NULL),
(1489, '0900', 0, '0000', 'Sleep', 'h', 110, NULL),
(1492, '1000', 0, '0900', 'Brunch', 'f', 110, NULL),
(1495, '1800', 0, '1000', 'Free time/Relaxation/Hobbies/Meal prep', 'c', 110, NULL),
(1498, '1900', 0, '1800', 'Dinner', 'f', 110, NULL),
(1501, '2300', 0, '1900', 'Relax/Prepare for the week', 'c', 110, NULL),
(1504, '2400', 0, '2300', 'Sleep', 'h', 110, NULL),
(1507, '0700', 0, '0000', 'Sleep', 'h', 104, NULL),
(1510, '0730', 0, '0700', 'Wake up, drink a glass of water', 'h', 104, NULL),
(1513, '0800', 0, '0730', 'Breakfast', 'm', 104, NULL),
(1516, '1200', 0, '0800', 'Free time/Work/Study (adjust as needed)', 'c', 104, NULL),
(1519, '1300', 0, '1200', 'Lunch', 'm', 104, NULL),
(1522, '1700', 0, '1300', 'Free time/Work/Study (adjust as needed)', 'c', 104, NULL),
(1525, '1800', 0, '1700', 'Exercise', 's', 104, NULL),
(1528, '1900', 0, '1800', 'Dinner', 'm', 104, NULL),
(1531, '2300', 0, '1900', 'Free time/Relax/Socialize', 'c', 104, NULL),
(1534, '2400', 0, '2300', 'Prepare for sleep', 'h', 104, NULL),
(1537, '0700', 0, '0000', 'Sleep', 'h', 105, NULL),
(1540, '0730', 0, '0700', 'Wake up, drink a glass of water', 'h', 105, NULL),
(1543, '0800', 0, '0730', 'Breakfast', 'm', 105, NULL),
(1546, '1200', 0, '0800', 'Free time/Work/Study (adjust as needed)', 'c', 105, NULL),
(1549, '1300', 0, '1200', 'Lunch', 'm', 105, NULL),
(1552, '1700', 0, '1300', 'Free time/Work/Study (adjust as needed)', 'c', 105, NULL),
(1555, '1800', 0, '1700', 'Exercise', 's', 105, NULL),
(1558, '1900', 0, '1800', 'Dinner', 'm', 105, NULL),
(1561, '2300', 0, '1900', 'Free time/Relax/Socialize', 'c', 105, NULL),
(1564, '2400', 0, '2300', 'Prepare for sleep', 'h', 105, NULL),
(1567, '0700', 0, '0000', 'Sleep', 'h', 106, NULL),
(1570, '0730', 0, '0700', 'Wake up, drink a glass of water', 'h', 106, NULL),
(1573, '0800', 0, '0730', 'Breakfast', 'm', 106, NULL),
(1576, '1200', 0, '0800', 'Free time/Work/Study (adjust as needed)', 'c', 106, NULL),
(1579, '1300', 0, '1200', 'Lunch', 'm', 106, NULL),
(1582, '1700', 0, '1300', 'Free time/Work/Study (adjust as needed)', 'c', 106, NULL),
(1585, '1800', 0, '1700', 'Exercise', 's', 106, NULL),
(1588, '1900', 0, '1800', 'Dinner', 'm', 106, NULL),
(1591, '2300', 0, '1900', 'Free time/Relax/Socialize', 'c', 106, NULL),
(1594, '2400', 0, '2300', 'Prepare for sleep', 'h', 106, NULL),
(1597, '0700', 0, '0000', 'Sleep', 'h', 107, NULL),
(1600, '0730', 0, '0700', 'Wake up, drink a glass of water', 'h', 107, NULL),
(1603, '0800', 0, '0730', 'Breakfast', 'm', 107, NULL),
(1606, '1200', 0, '0800', 'Free time/Work/Study (adjust as needed)', 'c', 107, NULL),
(1609, '1300', 0, '1200', 'Lunch', 'm', 107, NULL),
(1612, '1700', 0, '1300', 'Free time/Work/Study (adjust as needed)', 'c', 107, NULL),
(1615, '1800', 0, '1700', 'Exercise', 's', 107, NULL),
(1618, '1900', 0, '1800', 'Dinner', 'm', 107, NULL),
(1621, '2300', 0, '1900', 'Free time/Relax/Socialize', 'c', 107, NULL),
(1624, '2400', 0, '2300', 'Prepare for sleep', 'h', 107, NULL),
(1657, '0900', 0, '0000', 'Sleep', 'h', 109, NULL),
(1660, '1000', 0, '0900', 'Brunch', 'f', 109, NULL),
(1663, '1800', 0, '1000', 'Free time/Hobbies/Social Activities', 'c', 109, NULL),
(1666, '1900', 0, '1800', 'Dinner', 'f', 109, NULL),
(1669, '2300', 0, '1900', 'Relax/Socialize', 'c', 109, NULL),
(1672, '2400', 0, '2300', 'Sleep', 'h', 109, NULL),
(1675, '0900', 0, '0000', 'Sleep', 'h', 110, NULL),
(1678, '1000', 0, '0900', 'Brunch', 'f', 110, NULL),
(1681, '1800', 0, '1000', 'Relax/Free time/Prepare for week', 'c', 110, NULL),
(1684, '1900', 0, '1800', 'Dinner', 'f', 110, NULL),
(1687, '2300', 0, '1900', 'Relax/Wind down', 'c', 110, NULL),
(1690, '2400', 0, '2300', 'Sleep', 'h', 110, NULL),
(1907, '0700', 0, '0000', 'Sleep', 'h', 146, NULL),
(1908, '0730', 0, '0700', 'Wake up, drink a glass of water', 'h', 146, NULL),
(1909, '0800', 0, '0730', 'Breakfast', 'm', 146, NULL),
(1910, '0900', 0, '0800', 'Free time/Personal Activities', 'c', 146, NULL),
(1911, '1200', 0, '0900', 'Work/Study/Volunteering (flexible based on your situation)', 'c', 146, NULL),
(1912, '1300', 0, '1200', 'Lunch', 'm', 146, NULL),
(1913, '1700', 0, '1300', 'Free time/Skill development/Hobbies', 'c', 146, NULL),
(1914, '1800', 0, '1700', 'Exercise', 's', 146, NULL),
(1915, '1900', 0, '1800', 'Dinner', 'm', 146, NULL),
(1916, '2300', 0, '1900', 'Social/Relaxation/Family time', 'c', 146, NULL),
(1917, '2400', 0, '2300', 'Prepare for sleep', 'h', 146, NULL),
(1918, '0700', 0, '0000', 'Sleep', 'h', 147, NULL),
(1919, '0730', 0, '0700', 'Wake up, drink a glass of water', 'h', 147, NULL),
(1920, '0800', 0, '0730', 'Breakfast', 'm', 147, NULL),
(1921, '0900', 0, '0800', 'Free time/Personal Activities', 'c', 147, NULL),
(1922, '1200', 0, '0900', 'Work/Study/Volunteering (flexible based on your situation)', 'c', 147, NULL),
(1923, '1300', 0, '1200', 'Lunch', 'm', 147, NULL),
(1924, '1700', 0, '1300', 'Free time/Skill development/Hobbies', 'c', 147, NULL),
(1925, '1800', 0, '1700', 'Exercise', 's', 147, NULL),
(1926, '1900', 0, '1800', 'Dinner', 'm', 147, NULL),
(1927, '2300', 0, '1900', 'Social/Relaxation/Family time', 'c', 147, NULL),
(1928, '2400', 0, '2300', 'Prepare for sleep', 'h', 147, NULL),
(1929, '0700', 0, '0000', 'Sleep', 'h', 148, NULL),
(1930, '0730', 0, '0700', 'Wake up, drink a glass of water', 'h', 148, NULL),
(1931, '0800', 0, '0730', 'Breakfast', 'm', 148, NULL),
(1932, '0900', 0, '0800', 'Free time/Personal Activities', 'c', 148, NULL),
(1933, '1200', 0, '0900', 'Work/Study/Volunteering (flexible based on your situation)', 'c', 148, NULL),
(1934, '1300', 0, '1200', 'Lunch', 'm', 148, NULL),
(1935, '1700', 0, '1300', 'Free time/Skill development/Hobbies', 'c', 148, NULL),
(1936, '1800', 0, '1700', 'Exercise', 's', 148, NULL),
(1937, '1900', 0, '1800', 'Dinner', 'm', 148, NULL),
(1938, '2300', 0, '1900', 'Social/Relaxation/Family time', 'c', 148, NULL),
(1939, '2400', 0, '2300', 'Prepare for sleep', 'h', 148, NULL),
(1940, '0700', 0, '0000', 'Sleep', 'h', 149, NULL),
(1941, '0730', 0, '0700', 'Wake up, drink a glass of water', 'h', 149, NULL),
(1942, '0800', 0, '0730', 'Breakfast', 'm', 149, NULL),
(1943, '0900', 0, '0800', 'Free time/Personal Activities', 'c', 149, NULL),
(1944, '1200', 0, '0900', 'Work/Study/Volunteering (flexible based on your situation)', 'c', 149, NULL),
(1945, '1300', 0, '1200', 'Lunch', 'm', 149, NULL),
(1946, '1700', 0, '1300', 'Free time/Skill development/Hobbies', 'c', 149, NULL),
(1947, '1800', 0, '1700', 'Exercise', 's', 149, NULL),
(1948, '1900', 0, '1800', 'Dinner', 'm', 149, NULL),
(1949, '2300', 0, '1900', 'Social/Relaxation/Family time', 'c', 149, NULL),
(1950, '2400', 0, '2300', 'Prepare for sleep', 'h', 149, NULL),
(1951, '0700', 0, '0000', 'Sleep', 'h', 150, NULL),
(1952, '0730', 0, '0700', 'Wake up, drink a glass of water', 'h', 150, NULL),
(1953, '0800', 0, '0730', 'Breakfast', 'm', 150, NULL),
(1954, '0900', 0, '0800', 'Free time/Personal Activities', 'c', 150, NULL),
(1955, '1200', 0, '0900', 'Work/Study/Volunteering (flexible based on your situation)', 'c', 150, NULL),
(1956, '1300', 0, '1200', 'Lunch', 'm', 150, NULL),
(1957, '1700', 0, '1300', 'Free time/Skill development/Hobbies', 'c', 150, NULL),
(1958, '1800', 0, '1700', 'Exercise', 's', 150, NULL),
(1959, '1900', 0, '1800', 'Dinner', 'm', 150, NULL),
(1960, '2300', 0, '1900', 'Social/Relaxation/Family time', 'c', 150, NULL),
(1961, '2400', 0, '2300', 'Prepare for sleep', 'h', 150, NULL),
(1962, '1200', 0, '1100', 'test', 'h', 96, NULL),
(2009, '0600', 0, '0000', 'Sleep', 'h', 157, NULL),
(2010, '0630', 0, '0600', 'Wake up, mindfulness/meditation', 'h', 157, NULL),
(2011, '0700', 0, '0630', 'Light breakfast', 'm', 157, NULL),
(2012, '0900', 0, '0700', 'Prepare for work/Commute', 'c', 157, NULL),
(2013, '1200', 0, '0900', 'Work', 'c', 157, NULL),
(2014, '1300', 0, '1200', 'Lunch', 'm', 157, NULL),
(2015, '1800', 0, '1300', 'Work', 'c', 157, NULL),
(2016, '1900', 0, '1800', 'Dinner', 'm', 157, NULL),
(2017, '2100', 0, '1900', 'Family time/Relax', 'c', 157, NULL),
(2018, '2200', 0, '2100', 'Exercise/Yoga', 's', 157, NULL),
(2019, '2400', 0, '2200', 'Sleep', 'h', 157, NULL);

-- --------------------------------------------------------

--
-- Table structure for table `user`
--

CREATE TABLE `user` (
  `id` int(11) NOT NULL,
  `age` int(11) NOT NULL,
  `email` varchar(255) NOT NULL,
  `gender` char(1) NOT NULL,
  `name` varchar(255) NOT NULL,
  `password` varchar(255) NOT NULL,
  `weight` double DEFAULT NULL,
  `height` double DEFAULT NULL,
  `goal_calories` int(11) DEFAULT NULL,
  `area_of_living` varchar(255) DEFAULT NULL,
  `health_history` varchar(255) DEFAULT NULL,
  `no_of_family_member` int(11) DEFAULT NULL,
  `occupation_time` varchar(255) DEFAULT NULL,
  `occupation_type` varchar(255) DEFAULT NULL,
  `created_at` timestamp NOT NULL DEFAULT current_timestamp() ON UPDATE current_timestamp(),
  `updated_at` timestamp NOT NULL DEFAULT '0000-00-00 00:00:00',
  `is_first_login` tinyint(1) NOT NULL DEFAULT 1
) ENGINE=InnoDB DEFAULT CHARSET=utf8mb4 COLLATE=utf8mb4_general_ci;

--
-- Dumping data for table `user`
--

INSERT INTO `user` (`id`, `age`, `email`, `gender`, `name`, `password`, `weight`, `height`, `goal_calories`, `area_of_living`, `health_history`, `no_of_family_member`, `occupation_time`, `occupation_type`, `created_at`, `updated_at`, `is_first_login`) VALUES
(1, 20, 'fatimah@gmail.com', 'F', 'Fatimah', '$2y$12$XaOjQB3tddvLfVJfcXXFQeawEJ7r.2w8NqA8sJ3Vhg9GqD7dQ2wM2', 55, 160, 2000, 'Bukit Jalil', 'Healthy', 3, '7-9', 'Teacher', '2025-01-09 04:15:04', '2024-12-08 07:08:56', 0),
(2, 35, 'second@gmail.com', 'f', 'dan', '13e23e', 45, 154, NULL, 'rural', NULL, 2, '9-6', 'teacher', '2025-01-09 01:27:14', '0000-00-00 00:00:00', 0),
(4, 23, 'user4@example.com', 'm', 'user4', 'ncnasdjn', 56, 170, NULL, NULL, NULL, NULL, NULL, NULL, '2025-01-09 01:27:18', '0000-00-00 00:00:00', 0),
(6, 22, 'kks741224@gmail.com', 'F', 'Phoebe', '$2y$12$jP.yjV3AkrQNhirWsL/pwubCTSxm.4QjRbf3CAMcmpvzZRTXv4Fqi', 50, 160, 2000, NULL, NULL, NULL, NULL, NULL, '2025-01-09 05:14:42', '2025-01-09 01:20:12', 0);

-- --------------------------------------------------------

--
-- Table structure for table `user_meal`
--

CREATE TABLE `user_meal` (
  `id` int(11) NOT NULL,
  `amount_in_grams` double NOT NULL,
  `calories` double DEFAULT NULL,
  `carbs_in_grams` double DEFAULT NULL,
  `date` date NOT NULL,
  `fat_in_grams` double DEFAULT NULL,
  `meal_type` enum('BREAKFAST','DINNER','LUNCH','SNACK') NOT NULL,
  `protein_in_grams` double DEFAULT NULL,
  `meal_id` int(11) NOT NULL,
  `user_id` int(11) NOT NULL
) ENGINE=InnoDB DEFAULT CHARSET=utf8mb4 COLLATE=utf8mb4_general_ci;

--
-- Dumping data for table `user_meal`
--

INSERT INTO `user_meal` (`id`, `amount_in_grams`, `calories`, `carbs_in_grams`, `date`, `fat_in_grams`, `meal_type`, `protein_in_grams`, `meal_id`, `user_id`) VALUES
(2, 100, 473, 58.25, '2025-01-06', 21.42, 'BREAKFAST', 8.83, 24, 1),
(3, 342.21, 728.91, 140.85, '2025-01-06', 14.51, 'LUNCH', 8.97, 57, 1),
(6, 200, 122, 9.6, '2025-01-08', 6.6, 'BREAKFAST', 6.4, 35, 1),
(8, 100, 280, 34, '2025-01-08', 9, 'LUNCH', 15, 235, 1),
(9, 100, 120, 15, '2025-01-08', 6, 'BREAKFAST', 1, 28, 1),
(10, 100, 280, 34, '2025-01-08', 9, 'BREAKFAST', 15, 237, 1),
(11, 200, 414, 103.08, '2025-01-08', 0.04, 'BREAKFAST', 0.34, 13, 1),
(12, 100, 207, 51.54, '2025-01-09', 0.02, 'BREAKFAST', 0.17, 13, 6);

-- --------------------------------------------------------

--
-- Table structure for table `user_score`
--

CREATE TABLE `user_score` (
  `id` int(11) NOT NULL,
  `test_id` int(11) NOT NULL,
  `user_id` int(11) NOT NULL,
  `score` int(11) NOT NULL
) ENGINE=InnoDB DEFAULT CHARSET=utf8mb4 COLLATE=utf8mb4_general_ci;

-- --------------------------------------------------------

--
-- Table structure for table `user_sport`
--

CREATE TABLE `user_sport` (
  `id` int(11) NOT NULL,
  `calories_burnt` double NOT NULL,
  `date` date NOT NULL,
  `duration_in_hours` double NOT NULL,
  `sport_id` int(11) NOT NULL,
  `user_id` int(11) NOT NULL
) ENGINE=InnoDB DEFAULT CHARSET=utf8mb4 COLLATE=utf8mb4_general_ci;

--
-- Dumping data for table `user_sport`
--

INSERT INTO `user_sport` (`id`, `calories_burnt`, `date`, `duration_in_hours`, `sport_id`, `user_id`) VALUES
(2, 577.5, '2025-01-06', 1, 12, 1),
(3, 220, '2025-01-06', 0.5, 14, 1),
(5, 440, '2025-01-08', 1, 14, 1),
(6, 458.33333333333337, '2025-01-08', 0.8333333333333334, 6, 1),
(7, 660, '2025-01-08', 1, 24, 1);

-- --------------------------------------------------------

--
-- Table structure for table `weekly_performance`
--

CREATE TABLE `weekly_performance` (
  `id` int(11) NOT NULL,
  `end_date` date NOT NULL,
  `percentage` double NOT NULL,
  `start_date` date NOT NULL,
  `user_id` int(11) NOT NULL
) ENGINE=InnoDB DEFAULT CHARSET=utf8mb4 COLLATE=utf8mb4_general_ci;

--
-- Indexes for dumped tables
--

--
-- Indexes for table `daily_cateogry_percentage`
--
ALTER TABLE `daily_cateogry_percentage`
  ADD PRIMARY KEY (`id`),
  ADD KEY `FK7w96q4eujlfavoq6f9rxaogra` (`user_id`);

--
-- Indexes for table `daily_performance`
--
ALTER TABLE `daily_performance`
  ADD PRIMARY KEY (`id`),
  ADD KEY `FK1dm88iow138ixkcdmpbwvv15k` (`user_id`);

--
-- Indexes for table `failed_jobs`
--
ALTER TABLE `failed_jobs`
  ADD PRIMARY KEY (`id`),
  ADD UNIQUE KEY `failed_jobs_uuid_unique` (`uuid`);

--
-- Indexes for table `health_test`
--
ALTER TABLE `health_test`
  ADD PRIMARY KEY (`id`);

--
-- Indexes for table `meal`
--
ALTER TABLE `meal`
  ADD PRIMARY KEY (`id`);

--
-- Indexes for table `monthly_performance`
--
ALTER TABLE `monthly_performance`
  ADD PRIMARY KEY (`id`),
  ADD KEY `FK2py6pmexgdjvhb0e3pciafwi5` (`user_id`);

--
-- Indexes for table `password_reset_tokens`
--
ALTER TABLE `password_reset_tokens`
  ADD PRIMARY KEY (`email`);

--
-- Indexes for table `personal_access_tokens`
--
ALTER TABLE `personal_access_tokens`
  ADD PRIMARY KEY (`id`),
  ADD UNIQUE KEY `personal_access_tokens_token_unique` (`token`),
  ADD KEY `personal_access_tokens_tokenable_type_tokenable_id_index` (`tokenable_type`,`tokenable_id`);

--
-- Indexes for table `risk_assessment_question`
--
ALTER TABLE `risk_assessment_question`
  ADD PRIMARY KEY (`id`),
  ADD KEY `health_test_id` (`health_test_id`),
  ADD KEY `followup_question` (`followup_question`);

--
-- Indexes for table `risk_assessment_scoring_rules`
--
ALTER TABLE `risk_assessment_scoring_rules`
  ADD PRIMARY KEY (`id`),
  ADD KEY `FKbgs3jvcay7btu1s30kj45lim0` (`risk_assessment_question_id`);

--
-- Indexes for table `risk_level`
--
ALTER TABLE `risk_level`
  ADD PRIMARY KEY (`id`),
  ADD KEY `FKhuteb0sgjlavt3my3cmnjco46` (`health_test_id`);

--
-- Indexes for table `schedule`
--
ALTER TABLE `schedule`
  ADD PRIMARY KEY (`id`),
  ADD KEY `FKa50n59y1j4a6qwa42p8jiguds` (`user_id`);

--
-- Indexes for table `schedule_task`
--
ALTER TABLE `schedule_task`
  ADD PRIMARY KEY (`id`),
  ADD KEY `FKnjlqddci8gqo3qym2olwqssim` (`schedule_id`);

--
-- Indexes for table `sport`
--
ALTER TABLE `sport`
  ADD PRIMARY KEY (`id`);

--
-- Indexes for table `todo`
--
ALTER TABLE `todo`
  ADD PRIMARY KEY (`id`),
  ADD KEY `FK2ft3dfk1d3uw77pas3xqwymm7` (`user_id`);

--
-- Indexes for table `todo_task`
--
ALTER TABLE `todo_task`
  ADD PRIMARY KEY (`id`),
  ADD KEY `FKjf0kcetseqhyjktgdxlfauidn` (`todo_id`);

--
-- Indexes for table `user`
--
ALTER TABLE `user`
  ADD PRIMARY KEY (`id`);

--
-- Indexes for table `user_meal`
--
ALTER TABLE `user_meal`
  ADD PRIMARY KEY (`id`),
  ADD KEY `FKmsj87125lkdjxqkao2nxo0y3a` (`meal_id`),
  ADD KEY `FK7thj0rs404250o81vjl46ifhd` (`user_id`);

--
-- Indexes for table `user_score`
--
ALTER TABLE `user_score`
  ADD PRIMARY KEY (`id`),
  ADD KEY `test_id` (`test_id`),
  ADD KEY `user_id` (`user_id`);

--
-- Indexes for table `user_sport`
--
ALTER TABLE `user_sport`
  ADD PRIMARY KEY (`id`),
  ADD KEY `FKj0w7peexst59vbyyr4ohet5cc` (`sport_id`),
  ADD KEY `FKjv60l7te5e3vqs07pf4rtl2dh` (`user_id`);

--
-- Indexes for table `weekly_performance`
--
ALTER TABLE `weekly_performance`
  ADD PRIMARY KEY (`id`),
  ADD KEY `FKgaf54wght46abs382hhjdu6i7` (`user_id`);

--
-- AUTO_INCREMENT for dumped tables
--

--
-- AUTO_INCREMENT for table `daily_cateogry_percentage`
--
ALTER TABLE `daily_cateogry_percentage`
  MODIFY `id` int(11) NOT NULL AUTO_INCREMENT;

--
-- AUTO_INCREMENT for table `daily_performance`
--
ALTER TABLE `daily_performance`
  MODIFY `id` int(11) NOT NULL AUTO_INCREMENT;

--
-- AUTO_INCREMENT for table `failed_jobs`
--
ALTER TABLE `failed_jobs`
  MODIFY `id` bigint(20) UNSIGNED NOT NULL AUTO_INCREMENT;

--
-- AUTO_INCREMENT for table `health_test`
--
ALTER TABLE `health_test`
  MODIFY `id` int(11) NOT NULL AUTO_INCREMENT, AUTO_INCREMENT=5;

--
-- AUTO_INCREMENT for table `meal`
--
ALTER TABLE `meal`
  MODIFY `id` int(11) NOT NULL AUTO_INCREMENT, AUTO_INCREMENT=238;

--
-- AUTO_INCREMENT for table `monthly_performance`
--
ALTER TABLE `monthly_performance`
  MODIFY `id` int(11) NOT NULL AUTO_INCREMENT;

--
-- AUTO_INCREMENT for table `personal_access_tokens`
--
ALTER TABLE `personal_access_tokens`
  MODIFY `id` bigint(20) UNSIGNED NOT NULL AUTO_INCREMENT, AUTO_INCREMENT=334;

--
-- AUTO_INCREMENT for table `risk_assessment_question`
--
ALTER TABLE `risk_assessment_question`
  MODIFY `id` int(11) NOT NULL AUTO_INCREMENT, AUTO_INCREMENT=48;

--
-- AUTO_INCREMENT for table `risk_assessment_scoring_rules`
--
ALTER TABLE `risk_assessment_scoring_rules`
  MODIFY `id` int(11) NOT NULL AUTO_INCREMENT, AUTO_INCREMENT=136;

--
-- AUTO_INCREMENT for table `risk_level`
--
ALTER TABLE `risk_level`
  MODIFY `id` int(11) NOT NULL AUTO_INCREMENT, AUTO_INCREMENT=17;

--
-- AUTO_INCREMENT for table `schedule`
--
ALTER TABLE `schedule`
  MODIFY `id` int(11) NOT NULL AUTO_INCREMENT, AUTO_INCREMENT=182;

--
-- AUTO_INCREMENT for table `schedule_task`
--
ALTER TABLE `schedule_task`
  MODIFY `id` int(11) NOT NULL AUTO_INCREMENT, AUTO_INCREMENT=3669;

--
-- AUTO_INCREMENT for table `sport`
--
ALTER TABLE `sport`
  MODIFY `id` int(11) NOT NULL AUTO_INCREMENT, AUTO_INCREMENT=252;

--
-- AUTO_INCREMENT for table `todo`
--
ALTER TABLE `todo`
  MODIFY `id` int(11) NOT NULL AUTO_INCREMENT, AUTO_INCREMENT=158;

--
-- AUTO_INCREMENT for table `todo_task`
--
ALTER TABLE `todo_task`
  MODIFY `id` int(11) NOT NULL AUTO_INCREMENT, AUTO_INCREMENT=2032;

--
-- AUTO_INCREMENT for table `user`
--
ALTER TABLE `user`
  MODIFY `id` int(11) NOT NULL AUTO_INCREMENT, AUTO_INCREMENT=7;

--
-- AUTO_INCREMENT for table `user_meal`
--
ALTER TABLE `user_meal`
  MODIFY `id` int(11) NOT NULL AUTO_INCREMENT, AUTO_INCREMENT=13;

--
-- AUTO_INCREMENT for table `user_score`
--
ALTER TABLE `user_score`
  MODIFY `id` int(11) NOT NULL AUTO_INCREMENT;

--
-- AUTO_INCREMENT for table `user_sport`
--
ALTER TABLE `user_sport`
  MODIFY `id` int(11) NOT NULL AUTO_INCREMENT, AUTO_INCREMENT=8;

--
-- AUTO_INCREMENT for table `weekly_performance`
--
ALTER TABLE `weekly_performance`
  MODIFY `id` int(11) NOT NULL AUTO_INCREMENT;

--
-- Constraints for dumped tables
--

--
-- Constraints for table `daily_cateogry_percentage`
--
ALTER TABLE `daily_cateogry_percentage`
  ADD CONSTRAINT `FK7w96q4eujlfavoq6f9rxaogra` FOREIGN KEY (`user_id`) REFERENCES `user` (`id`) ON DELETE CASCADE ON UPDATE CASCADE;

--
-- Constraints for table `daily_performance`
--
ALTER TABLE `daily_performance`
  ADD CONSTRAINT `FK1dm88iow138ixkcdmpbwvv15k` FOREIGN KEY (`user_id`) REFERENCES `user` (`id`) ON DELETE CASCADE ON UPDATE CASCADE;

--
-- Constraints for table `monthly_performance`
--
ALTER TABLE `monthly_performance`
  ADD CONSTRAINT `FK2py6pmexgdjvhb0e3pciafwi5` FOREIGN KEY (`user_id`) REFERENCES `user` (`id`) ON DELETE CASCADE ON UPDATE CASCADE;

--
-- Constraints for table `risk_assessment_question`
--
ALTER TABLE `risk_assessment_question`
  ADD CONSTRAINT `risk_assessment_question_ibfk_1` FOREIGN KEY (`health_test_id`) REFERENCES `health_test` (`id`) ON DELETE CASCADE,
  ADD CONSTRAINT `risk_assessment_question_ibfk_2` FOREIGN KEY (`followup_question`) REFERENCES `risk_assessment_question` (`id`) ON DELETE SET NULL;

--
-- Constraints for table `risk_assessment_scoring_rules`
--
ALTER TABLE `risk_assessment_scoring_rules`
  ADD CONSTRAINT `FKbgs3jvcay7btu1s30kj45lim0` FOREIGN KEY (`risk_assessment_question_id`) REFERENCES `risk_assessment_question` (`id`) ON DELETE CASCADE ON UPDATE CASCADE;

--
-- Constraints for table `risk_level`
--
ALTER TABLE `risk_level`
  ADD CONSTRAINT `FKhuteb0sgjlavt3my3cmnjco46` FOREIGN KEY (`health_test_id`) REFERENCES `health_test` (`id`) ON DELETE CASCADE ON UPDATE CASCADE;

--
-- Constraints for table `schedule`
--
ALTER TABLE `schedule`
  ADD CONSTRAINT `FKa50n59y1j4a6qwa42p8jiguds` FOREIGN KEY (`user_id`) REFERENCES `user` (`id`) ON DELETE CASCADE ON UPDATE CASCADE;

--
-- Constraints for table `schedule_task`
--
ALTER TABLE `schedule_task`
  ADD CONSTRAINT `FKnjlqddci8gqo3qym2olwqssim` FOREIGN KEY (`schedule_id`) REFERENCES `schedule` (`id`) ON DELETE CASCADE ON UPDATE CASCADE;

--
-- Constraints for table `todo`
--
ALTER TABLE `todo`
  ADD CONSTRAINT `FK2ft3dfk1d3uw77pas3xqwymm7` FOREIGN KEY (`user_id`) REFERENCES `user` (`id`) ON DELETE CASCADE ON UPDATE CASCADE;

--
-- Constraints for table `todo_task`
--
ALTER TABLE `todo_task`
  ADD CONSTRAINT `FKjf0kcetseqhyjktgdxlfauidn` FOREIGN KEY (`todo_id`) REFERENCES `todo` (`id`) ON DELETE CASCADE ON UPDATE CASCADE;

--
-- Constraints for table `user_meal`
--
ALTER TABLE `user_meal`
  ADD CONSTRAINT `FK7thj0rs404250o81vjl46ifhd` FOREIGN KEY (`user_id`) REFERENCES `user` (`id`) ON DELETE CASCADE ON UPDATE CASCADE,
  ADD CONSTRAINT `FKmsj87125lkdjxqkao2nxo0y3a` FOREIGN KEY (`meal_id`) REFERENCES `meal` (`id`) ON DELETE CASCADE ON UPDATE CASCADE;

--
-- Constraints for table `user_score`
--
ALTER TABLE `user_score`
  ADD CONSTRAINT `user_score_ibfk_1` FOREIGN KEY (`test_id`) REFERENCES `health_test` (`id`) ON DELETE CASCADE ON UPDATE CASCADE,
  ADD CONSTRAINT `user_score_ibfk_2` FOREIGN KEY (`user_id`) REFERENCES `user` (`id`) ON DELETE CASCADE ON UPDATE CASCADE;

--
-- Constraints for table `user_sport`
--
ALTER TABLE `user_sport`
  ADD CONSTRAINT `FKj0w7peexst59vbyyr4ohet5cc` FOREIGN KEY (`sport_id`) REFERENCES `sport` (`id`) ON DELETE CASCADE ON UPDATE CASCADE,
  ADD CONSTRAINT `FKjv60l7te5e3vqs07pf4rtl2dh` FOREIGN KEY (`user_id`) REFERENCES `user` (`id`) ON DELETE CASCADE ON UPDATE CASCADE;

--
-- Constraints for table `weekly_performance`
--
ALTER TABLE `weekly_performance`
  ADD CONSTRAINT `FKgaf54wght46abs382hhjdu6i7` FOREIGN KEY (`user_id`) REFERENCES `user` (`id`) ON DELETE CASCADE ON UPDATE CASCADE;
COMMIT;

/*!40101 SET CHARACTER_SET_CLIENT=@OLD_CHARACTER_SET_CLIENT */;
/*!40101 SET CHARACTER_SET_RESULTS=@OLD_CHARACTER_SET_RESULTS */;
/*!40101 SET COLLATION_CONNECTION=@OLD_COLLATION_CONNECTION */;
